{"type":"FeatureCollection","features":[{"type":"Feature","properties":{"name":"Tuyến kết nối sân bay Nội Bài – sân bay phía Nam","line":"AIR","color":"#333333","status":"planned"},"geometry":{"type":"MultiLineString","coordinates":[[[105.791532,21.228587],[105.796382,21.227542]],[[105.791275,21.227542],[105.791532,21.228587]],[[105.792675,21.228342],[105.798769,21.227027]],[[105.793614,21.207059],[105.786619,21.208564],[105.791468,21.228342]],[[105.798769,21.205948],[105.789902,21.207859]],[[105.797911,21.227212],[105.820742,21.222286]],[[105.815608,21.219636],[105.815152,21.218831],[105.814755,21.218001],[105.814417,21.217151],[105.814138,21.21628],[105.806719,21.21325],[105.806097,21.21222],[105.81329,21.213555],[105.81232,21.208424],[105.809836,21.207124],[105.809809,21.207059]],[[105.81402,21.207059],[105.813521,21.208079],[105.815586,21.212915],[105.820656,21.207694],[105.820742,21.208304]],[[105.820742,21.209414],[105.81652,21.21554],[105.816767,21.216295],[105.816965,21.217061],[105.817115,21.217841],[105.817207,21.218621],[105.817249,21.219411],[105.817233,21.219546],[105.817212,21.219681],[105.817174,21.219816],[105.817131,21.219946],[105.817115,21.219986],[105.817099,21.220021],[105.817083,21.220056],[105.817062,21.220091],[105.817035,21.220121],[105.817013,21.220156],[105.816981,21.220181],[105.816954,21.220211],[105.816922,21.220236],[105.816885,21.220261],[105.816852,21.220281],[105.816815,21.220296],[105.816777,21.220316],[105.816734,21.220326],[105.816697,21.220336],[105.816654,21.220346],[105.816611,21.220351],[105.816574,21.220356],[105.816531,21.220356],[105.816488,21.220351],[105.816445,21.220346],[105.816407,21.220341],[105.816364,21.220326],[105.816327,21.220316],[105.816289,21.220301],[105.816252,21.220281],[105.816214,21.220261],[105.816182,21.220236],[105.81615,21.220211],[105.816118,21.220186],[105.816016,21.220106],[105.815924,21.220021],[105.815833,21.219936],[105.815753,21.219841],[105.815678,21.219741],[105.815608,21.219636]],[[105.820742,21.219116],[105.82072,21.219136],[105.820227,21.219531],[105.819706,21.219891],[105.819159,21.220216],[105.818591,21.220506],[105.818,21.220761],[105.817394,21.220971],[105.816772,21.221146],[105.816139,21.221276],[105.815495,21.221366],[105.814852,21.221416],[105.814202,21.221421],[105.813553,21.221381],[105.81291,21.221301],[105.812277,21.221181],[105.811649,21.221016],[105.811037,21.220816],[105.810447,21.220571],[105.809868,21.220291],[105.809315,21.219976],[105.80879,21.219621],[105.808291,21.219236],[105.807819,21.218816],[105.807379,21.218366],[105.806977,21.217891],[105.806612,21.217391],[105.806279,21.216866],[105.805995,21.21632],[105.805743,21.21576],[105.805539,21.21518],[105.805378,21.214595],[105.80526,21.213995],[105.805185,21.21339],[105.805158,21.212785],[105.805174,21.212175],[105.805238,21.21157],[105.805346,21.210969],[105.805496,21.210379],[105.805689,21.209799],[105.80593,21.209234],[105.806209,21.208684],[105.806526,21.208159],[105.806885,21.207649],[105.807282,21.207169],[105.807384,21.207059]],[[105.820742,21.201207],[105.797911,21.206133]],[[105.811241,21.207859],[105.809836,21.207124],[105.80961,21.206589],[105.812282,21.206423],[105.814524,21.205193],[105.814653,21.205768],[105.813628,21.207859]],[[105.820495,21.207859],[105.820656,21.207694],[105.820677,21.207859]],[[105.806741,21.207859],[105.806885,21.207649],[105.807282,21.207169],[105.807711,21.206714],[105.808173,21.206288],[105.808666,21.205893],[105.809187,21.205533],[105.809734,21.205203],[105.810302,21.204913],[105.810893,21.204663],[105.811504,21.204448],[105.812126,21.204278],[105.812759,21.204148],[105.813398,21.204058],[105.814047,21.204008],[105.814696,21.204003],[105.81534,21.204043],[105.815983,21.204118],[105.816616,21.204243],[105.817244,21.204403],[105.817856,21.204608],[105.818451,21.204848],[105.819025,21.205133],[105.819578,21.205448],[105.820103,21.205803],[105.820602,21.206188],[105.820742,21.206308]],[[105.819883,21.222471],[105.832275,21.219801],[105.829148,21.207059]],[[105.819883,21.208489],[105.820656,21.207694],[105.820876,21.209224],[105.819883,21.210659]],[[105.823655,21.21385],[105.823547,21.21445],[105.823397,21.21504],[105.823204,21.21562],[105.822968,21.216185],[105.822684,21.216736],[105.822367,21.217266],[105.822008,21.217771],[105.821616,21.218256],[105.821182,21.218711],[105.82072,21.219136],[105.820227,21.219531],[105.819883,21.219771]],[[105.821514,21.207059],[105.821916,21.207534],[105.822281,21.208034],[105.822614,21.208559],[105.822904,21.209099],[105.82315,21.209664],[105.823354,21.210239],[105.823515,21.210829],[105.823633,21.211425],[105.823708,21.21203],[105.823735,21.21264],[105.823719,21.213245],[105.823655,21.21385]],[[105.829341,21.207859],[105.827361,21.199777],[105.819883,21.201392]],[[105.820495,21.207859],[105.820656,21.207694],[105.820677,21.207859]],[[105.819883,21.205653],[105.820103,21.205803],[105.820602,21.206188],[105.821074,21.206609],[105.821514,21.207054],[105.821916,21.207534],[105.822158,21.207859]],[[105.842714,20.694547],[105.83566,20.697066],[105.842714,20.714569]],[[105.842714,20.694547],[105.841835,20.694863]],[[105.843406,20.71628],[105.848063,20.714614]],[[105.84273,20.714614],[105.843406,20.71628]],[[105.864687,20.686703],[105.841856,20.694858]],[[105.861431,20.694863],[105.861012,20.693644],[105.858373,20.692675],[105.858073,20.692173],[105.860685,20.691666],[105.862724,20.690166],[105.862933,20.690713],[105.862144,20.693152],[105.86318,20.694863]],[[105.854956,20.694863],[105.855015,20.694687],[105.855256,20.69412],[105.855535,20.693573],[105.855857,20.693046],[105.856217,20.69254],[105.856608,20.692058],[105.857037,20.691606],[105.857504,20.69118],[105.857992,20.690788],[105.858513,20.690427],[105.85906,20.690101],[105.859628,20.689815],[105.860218,20.689564],[105.860825,20.689353],[105.861447,20.689182],[105.862074,20.689052],[105.862718,20.688961],[105.863362,20.688916],[105.864006,20.688916],[105.864649,20.688956],[105.864687,20.688956]],[[105.845815,20.715417],[105.864687,20.708678]],[[105.844082,20.69406],[105.841856,20.694858]],[[105.841856,20.712436],[105.843058,20.715417]],[[105.864687,20.702621],[105.864344,20.702024],[105.863941,20.701196],[105.856184,20.699144],[105.855417,20.6982],[105.862713,20.698607],[105.861152,20.69406]],[[105.862697,20.69406],[105.864687,20.697352]],[[105.864687,20.706284],[105.864108,20.706324],[105.863459,20.706329],[105.862815,20.706289],[105.862171,20.706209],[105.861538,20.706089],[105.860921,20.705923],[105.86031,20.705717],[105.85972,20.705471],[105.859146,20.70519],[105.858598,20.704869],[105.858073,20.704518],[105.857574,20.704127],[105.857107,20.703705],[105.856673,20.703258],[105.85627,20.702782],[105.855905,20.70228],[105.855584,20.701753],[105.855294,20.701206],[105.855052,20.700644],[105.854849,20.700067],[105.854688,20.69948],[105.85457,20.698883],[105.8545,20.698275],[105.854473,20.697668],[105.854495,20.697061],[105.854559,20.696454],[105.854666,20.695857],[105.854822,20.695265],[105.855015,20.694687],[105.855256,20.69412],[105.855289,20.69406]],[[105.863829,20.708984],[105.882357,20.70237],[105.879005,20.69406]],[[105.865883,20.704332],[105.865315,20.703595],[105.864805,20.702827],[105.864344,20.702024],[105.863941,20.701196],[105.863829,20.701166]],[[105.863829,20.695932],[105.864885,20.697678],[105.867525,20.69406]],[[105.86922,20.69406],[105.866189,20.700162],[105.866543,20.700875],[105.866849,20.701613],[105.867106,20.70236],[105.867316,20.703128],[105.867471,20.703901],[105.867476,20.704041],[105.867471,20.704177],[105.867455,20.704312],[105.867428,20.704448],[105.867423,20.704488],[105.867412,20.704528],[105.867396,20.704563],[105.86738,20.704598],[105.867364,20.704633],[105.867342,20.704668],[105.867316,20.704704],[105.867294,20.704734],[105.867262,20.704764],[105.867235,20.704789],[105.867203,20.704814],[105.867165,20.704839],[105.867133,20.704859],[105.867096,20.704874],[105.867058,20.704894],[105.867015,20.704904],[105.866978,20.704914],[105.866935,20.704924],[105.866892,20.704929],[105.866854,20.704934],[105.866811,20.704934],[105.866768,20.704929],[105.866725,20.704924],[105.866688,20.704914],[105.866645,20.704904],[105.866607,20.704889],[105.86657,20.704874],[105.866532,20.704859],[105.866495,20.704834],[105.866463,20.704814],[105.86635,20.704749],[105.866248,20.704679],[105.866146,20.704603],[105.86605,20.704518],[105.865964,20.704428],[105.865883,20.704332]],[[105.872991,20.697578],[105.87297,20.698185],[105.872905,20.698787],[105.872798,20.699389],[105.872648,20.699977],[105.872449,20.700559],[105.872208,20.701121],[105.871929,20.701673],[105.871612,20.7022],[105.871253,20.702706],[105.870856,20.703188],[105.870427,20.70364],[105.869966,20.704066],[105.869472,20.704458],[105.868952,20.704819],[105.868405,20.705145],[105.867836,20.705431],[105.867246,20.705682],[105.86664,20.705893],[105.866023,20.706063],[105.86539,20.706194],[105.864751,20.706279],[105.864108,20.706324],[105.863829,20.706329]],[[105.872181,20.69406],[105.872417,20.694597],[105.872616,20.695174],[105.872777,20.695766],[105.872895,20.696364],[105.872964,20.696971],[105.872991,20.697578]],[[105.879332,20.694863],[105.874611,20.68316],[105.863829,20.687009]],[[105.86694,20.694863],[105.869134,20.691862],[105.869574,20.693348],[105.868818,20.694863]],[[105.863829,20.688916],[105.864006,20.688916],[105.864649,20.688956],[105.865293,20.689037],[105.865926,20.689157],[105.866548,20.689323],[105.867155,20.689529],[105.867745,20.689774],[105.868319,20.690055],[105.868866,20.690377],[105.869392,20.690728],[105.86989,20.691119],[105.870357,20.691536],[105.870792,20.691988],[105.871194,20.692464],[105.871559,20.692966],[105.871881,20.693493],[105.87217,20.694035],[105.872417,20.694597],[105.872508,20.694863]]]}},{"type":"Feature","properties":{"name":"Tuyến metro số 1","line":"M1","color":"#D81B60","status":"planned"},"geometry":{"type":"MultiLineString","coordinates":[[[105.64496,21.281887],[105.637332,21.285481]],[[105.64496,21.281817],[105.637579,21.285296]],[[105.666933,21.273519],[105.664219,21.273994],[105.662631,21.274314],[105.661064,21.274718],[105.65953,21.275208],[105.658023,21.275773],[105.656553,21.276418],[105.644102,21.282292]],[[105.666933,21.273374],[105.664465,21.273809],[105.662878,21.274134],[105.661311,21.274539],[105.659772,21.275023],[105.65827,21.275593],[105.656794,21.276238],[105.644102,21.282222]],[[105.6861,21.2685],[105.685725,21.268715],[105.684029,21.26955],[105.682281,21.270279],[105.680478,21.270894],[105.678644,21.271399],[105.676771,21.271789],[105.666075,21.273669]],[[105.686025,21.2685],[105.685971,21.26853],[105.684276,21.269365],[105.682522,21.270094],[105.680725,21.270709],[105.67889,21.271214],[105.677018,21.271604],[105.666075,21.273529]],[[105.688906,21.26675],[105.687355,21.26778],[105.685725,21.268715],[105.684539,21.2693]],[[105.688906,21.26673],[105.687602,21.267595],[105.685971,21.26853],[105.68441,21.2693]],[[105.689131,21.26658],[105.688922,21.26674],[105.688047,21.26732]],[[105.689131,21.26658],[105.688047,21.2673]],[[105.70751,21.248022],[105.700992,21.255812],[105.700879,21.255942],[105.700756,21.256062],[105.691808,21.264386],[105.690408,21.26561],[105.689131,21.26658]],[[105.707601,21.248022],[105.701239,21.255627],[105.701126,21.255757],[105.701002,21.255877],[105.692055,21.264201],[105.690655,21.265425],[105.689169,21.266555],[105.689131,21.26658]],[[105.710878,21.243992],[105.706839,21.248822]],[[105.710878,21.244102],[105.70693,21.248822]],[[105.724638,21.227542],[105.71002,21.245022]],[[105.724735,21.227542],[105.71002,21.245132]],[[105.731757,21.219216],[105.731698,21.219251],[105.731553,21.219366],[105.731413,21.219486],[105.731279,21.219611],[105.731156,21.219751],[105.723973,21.228342]],[[105.731757,21.219216],[105.731655,21.219301],[105.731526,21.219431],[105.731403,21.219566],[105.724064,21.228342]],[[105.732851,21.218641],[105.732787,21.218661],[105.73261,21.218721],[105.732433,21.218791],[105.732266,21.218876],[105.7321,21.218966],[105.731944,21.219071],[105.7318,21.219181],[105.731757,21.219216]],[[105.732851,21.218771],[105.732722,21.218796],[105.73254,21.218846],[105.732363,21.218906],[105.732186,21.218976],[105.73202,21.219056],[105.731853,21.219151],[105.731757,21.219216]],[[105.730775,20.694863],[105.730754,20.694823],[105.730518,20.694266],[105.730324,20.693694],[105.730169,20.693112],[105.730056,20.69252],[105.729981,20.691922],[105.729954,20.691325],[105.729965,20.690723],[105.730024,20.690126],[105.730121,20.689534],[105.73026,20.688946],[105.730442,20.688369],[105.730662,20.687807],[105.73092,20.68726],[105.731269,20.686583],[105.732797,20.681855],[105.732851,20.681765]],[[105.732851,20.697698],[105.732486,20.697327],[105.732073,20.696875],[105.731687,20.696394],[105.731338,20.695892],[105.731027,20.695365],[105.730754,20.694823],[105.730518,20.694266],[105.730448,20.69406]],[[105.754824,21.218831],[105.73372,21.218531],[105.733532,21.218531],[105.733345,21.218546],[105.733157,21.218571],[105.732969,21.218611],[105.732787,21.218661],[105.73261,21.218721],[105.732433,21.218791],[105.732266,21.218876],[105.7321,21.218966],[105.731993,21.219036]],[[105.754824,21.219021],[105.733479,21.218711],[105.733286,21.218716],[105.733098,21.218731],[105.73291,21.218756],[105.732722,21.218796],[105.73254,21.218846],[105.732363,21.218906],[105.732186,21.218976],[105.73202,21.219056],[105.731993,21.219071]],[[105.754824,20.713324],[105.737883,20.702496],[105.737438,20.70219],[105.737008,20.701863],[105.736601,20.701512],[105.736215,20.701141],[105.732486,20.697327],[105.732073,20.696875],[105.731993,20.696775]],[[105.738553,20.674307],[105.74101,20.672505],[105.741284,20.672309],[105.741563,20.672124]],[[105.731993,20.684349],[105.732797,20.681855],[105.735292,20.677614],[105.735624,20.677092],[105.735995,20.676595],[105.736392,20.676124],[105.736831,20.675677],[105.737293,20.675255],[105.737792,20.674869],[105.739648,20.673504]],[[105.776796,21.244157],[105.776544,21.243967],[105.776303,21.243762],[105.776083,21.243542],[105.775879,21.243312],[105.775686,21.243067],[105.775514,21.242807],[105.775364,21.242542],[105.77523,21.242267],[105.775117,21.241982],[105.775026,21.241692],[105.774956,21.241397],[105.774903,21.241102],[105.774876,21.240797],[105.774865,21.240497],[105.77501,21.227542]],[[105.776796,21.244502],[105.77655,21.244342],[105.776297,21.244152],[105.776061,21.243947],[105.775836,21.243727],[105.775632,21.243497],[105.775445,21.243252],[105.775273,21.242992],[105.775117,21.242727],[105.774983,21.242452],[105.774871,21.242167],[105.774779,21.241877],[105.77471,21.241582],[105.774656,21.241282],[105.774629,21.240982],[105.774624,21.240682],[105.774769,21.227542]],[[105.776796,21.219151],[105.753965,21.218821]],[[105.776796,21.219336],[105.753965,21.219006]],[[105.775005,21.228342],[105.775042,21.224742],[105.775058,21.224447],[105.77509,21.224147],[105.775149,21.223851],[105.775225,21.223561],[105.775321,21.223276],[105.775439,21.222996],[105.775573,21.222726],[105.775729,21.222466],[105.7759,21.222216],[105.776094,21.221976],[105.776297,21.221746],[105.776523,21.221536],[105.776732,21.221356]],[[105.774758,21.228342],[105.774795,21.224927],[105.774812,21.224627],[105.774844,21.224332],[105.774903,21.224037],[105.774978,21.223746],[105.775074,21.223461],[105.775192,21.223181],[105.775326,21.222911],[105.775482,21.222651],[105.775654,21.222401],[105.775847,21.222161],[105.776056,21.221931],[105.776276,21.221716],[105.776512,21.221516],[105.776732,21.221356],[105.776759,21.221336],[105.776796,21.221306]],[[105.776732,21.221356],[105.776764,21.221331],[105.776796,21.221311]],[[105.776796,20.730027],[105.776458,20.72952],[105.775385,20.728121],[105.774221,20.726786],[105.772972,20.725527],[105.771636,20.724343],[105.770225,20.723239],[105.768739,20.722225],[105.756835,20.714614]],[[105.758091,20.715417],[105.753965,20.712777]],[[105.798769,21.247072],[105.791962,21.247752],[105.791629,21.247772],[105.791296,21.247772],[105.790958,21.247752],[105.790626,21.247712],[105.790299,21.247647],[105.778534,21.244927],[105.778223,21.244847],[105.777918,21.244747],[105.777622,21.244627],[105.777333,21.244487],[105.777059,21.244332],[105.776796,21.244157],[105.776544,21.243967],[105.776303,21.243762],[105.776083,21.243542],[105.775938,21.243382]],[[105.798769,21.247227],[105.791715,21.247937],[105.791382,21.247957],[105.79105,21.247957],[105.790712,21.247937],[105.790384,21.247892],[105.790057,21.247832],[105.778288,21.245112],[105.777977,21.245032],[105.777671,21.244927],[105.777376,21.244807],[105.777091,21.244672],[105.776812,21.244512],[105.77655,21.244342],[105.776297,21.244152],[105.776061,21.243947],[105.775938,21.243827]],[[105.79621,21.21571],[105.798769,21.215025]],[[105.798769,21.214995],[105.780884,21.219121],[105.780702,21.219156],[105.780519,21.219181],[105.780331,21.219196],[105.780149,21.219196],[105.775938,21.219136]],[[105.79621,21.21571],[105.780637,21.219306],[105.780455,21.219341],[105.780272,21.219366],[105.780085,21.219381],[105.779902,21.219381],[105.775938,21.219326]],[[105.775938,21.222171],[105.776094,21.221976],[105.776297,21.221746],[105.776523,21.221536],[105.776732,21.221356]],[[105.775938,21.222061],[105.776056,21.221931],[105.776276,21.221716],[105.776512,21.221516],[105.776732,21.221356],[105.776759,21.221336],[105.777011,21.221151],[105.777274,21.220981],[105.777547,21.220826],[105.777832,21.220691],[105.778127,21.220576],[105.778427,21.220476],[105.79621,21.21571]],[[105.776732,21.221356],[105.776764,21.221331],[105.777027,21.221166],[105.777301,21.221011],[105.777585,21.220876],[105.77788,21.220761],[105.77818,21.220661],[105.798769,21.215145]],[[105.798769,21.21512],[105.79621,21.21571]],[[105.798769,20.790672],[105.793399,20.780952],[105.79326,20.780671],[105.793136,20.780386],[105.79304,20.78009],[105.791897,20.776258]],[[105.792139,20.77706],[105.785771,20.755713]],[[105.786012,20.756515],[105.780289,20.737327],[105.779736,20.735676],[105.779527,20.735165]],[[105.779833,20.735967],[105.779736,20.735676],[105.779076,20.734071],[105.778309,20.732501],[105.777435,20.730985],[105.776458,20.72952],[105.775938,20.728838]],[[105.815747,21.248822],[105.815082,21.248517],[105.814809,21.248402],[105.81453,21.248302],[105.814245,21.248222],[105.81395,21.248157],[105.813655,21.248107],[105.804209,21.246827],[105.803919,21.246767],[105.803629,21.246717],[105.803334,21.246687],[105.803044,21.246677],[105.802749,21.246682],[105.802454,21.246702],[105.797911,21.247157]],[[105.815098,21.248822],[105.814835,21.248702],[105.814562,21.248587],[105.814283,21.248487],[105.813999,21.248407],[105.813709,21.248337],[105.813414,21.248292],[105.803962,21.247012],[105.803672,21.246947],[105.803382,21.246902],[105.803093,21.246872],[105.802798,21.246862],[105.802503,21.246862],[105.802208,21.246887],[105.797911,21.247317]],[[105.797911,21.215255],[105.799606,21.2148],[105.797911,21.21519]],[[105.797911,21.215375],[105.799364,21.214985],[105.797911,21.21532]],[[105.799257,21.2138],[105.820742,21.207164]],[[105.820742,21.251107],[105.815082,21.248517],[105.814809,21.248402],[105.81453,21.248302],[105.814245,21.248222],[105.81395,21.248157],[105.813655,21.248107],[105.813033,21.248022]],[[105.820742,21.251402],[105.814835,21.248702],[105.814562,21.248587],[105.814283,21.248487],[105.813999,21.248407],[105.813709,21.248337],[105.813414,21.248292],[105.811429,21.248022]],[[105.818489,21.207859],[105.820742,21.207164]],[[105.820742,20.843833],[105.810517,20.837877]],[[105.811896,20.838679],[105.802546,20.833234],[105.802267,20.833059],[105.802004,20.832868],[105.801757,20.832658],[105.801526,20.832437],[105.801312,20.832196],[105.801113,20.831946],[105.800936,20.83168],[105.800775,20.831409],[105.800636,20.831123],[105.800523,20.830833],[105.800427,20.830532],[105.800357,20.830226],[105.800303,20.829915],[105.800276,20.829604],[105.800271,20.829293],[105.800292,20.828982],[105.800335,20.828672],[105.8004,20.828366],[105.800486,20.82806],[105.800593,20.827769],[105.800727,20.827478],[105.800877,20.827203],[105.801049,20.826932],[105.807674,20.81734]],[[105.807121,20.818142],[105.809385,20.814863],[105.809551,20.814607],[105.809696,20.814346],[105.80982,20.814071],[105.809927,20.81379],[105.810018,20.813504],[105.810083,20.813213],[105.810131,20.812922],[105.810158,20.812621],[105.810158,20.812326],[105.810142,20.81203],[105.810109,20.811734],[105.81005,20.811438],[105.80997,20.811152],[105.809873,20.810866],[105.809755,20.810591],[105.809621,20.810325],[105.802154,20.7968]],[[105.802594,20.797603],[105.797911,20.789117]],[[105.842714,21.269755],[105.841593,21.2685]],[[105.842714,21.269295],[105.842001,21.2685]],[[105.831723,21.256967],[105.831116,21.256292],[105.830923,21.256087],[105.830719,21.255897],[105.830505,21.255717],[105.830274,21.255547],[105.830038,21.255397],[105.829791,21.255252],[105.829534,21.255127],[105.819883,21.250712]],[[105.831492,21.257167],[105.83087,21.256477],[105.830682,21.256272],[105.830473,21.256082],[105.830258,21.255902],[105.830027,21.255732],[105.829791,21.255577],[105.829545,21.255437],[105.829287,21.255312],[105.819883,21.251012]],[[105.831492,21.257167],[105.831116,21.257486]],[[105.831503,21.257182],[105.831363,21.257306]],[[105.831503,21.257182],[105.831492,21.257167]],[[105.831723,21.256967],[105.831492,21.257167]],[[105.842307,21.2693],[105.831503,21.257182]],[[105.831733,21.256982],[105.831503,21.257182]],[[105.831733,21.256982],[105.831723,21.256967]],[[105.842054,21.248022],[105.831723,21.256967]],[[105.842714,21.269295],[105.831733,21.256982]],[[105.842087,21.248022],[105.831733,21.256982]],[[105.819883,21.207429],[105.821074,21.207059]],[[105.842714,21.247452],[105.841132,21.248822]],[[105.842714,21.247482],[105.841164,21.248822]],[[105.819883,21.207429],[105.831589,21.203808],[105.831808,21.203738],[105.832023,21.203653],[105.832227,21.203558],[105.832431,21.203453],[105.832624,21.203333],[105.832806,21.203203],[105.842714,21.195736]],[[105.842714,21.029136],[105.842071,21.028671],[105.842065,21.028666],[105.84206,21.028661],[105.842049,21.028656],[105.842044,21.028651],[105.842033,21.028641],[105.842028,21.028636],[105.842017,21.028631],[105.842012,21.028626],[105.842006,21.028621],[105.841995,21.028616],[105.84199,21.028611],[105.841979,21.028606],[105.841974,21.028601],[105.841969,21.028596],[105.841958,21.028586],[105.841953,21.028581],[105.841942,21.028576],[105.841936,21.028571],[105.841931,21.028566],[105.84192,21.028561],[105.841915,21.028556],[105.841904,21.028551],[105.841899,21.028546],[105.841894,21.028536],[105.841883,21.028531],[105.841877,21.028526],[105.841867,21.028521],[105.841861,21.028516],[105.841856,21.028511],[105.841845,21.028506],[105.84184,21.028501],[105.841829,21.028491],[105.841824,21.028486],[105.841818,21.028481],[105.841808,21.028476],[105.841802,21.02847],[105.841797,21.028465],[105.841786,21.028455],[105.841781,21.02845],[105.84177,21.028445],[105.841765,21.02844],[105.841759,21.028435],[105.841749,21.02843],[105.841743,21.028425],[105.841738,21.028415],[105.841727,21.02841],[105.841722,21.028405],[105.841717,21.0284],[105.841706,21.028395],[105.8417,21.028385],[105.841695,21.02838],[105.841684,21.028375],[105.841679,21.02837],[105.841674,21.028365],[105.841663,21.028355],[105.841658,21.02835],[105.841652,21.028345],[105.841641,21.02834],[105.841636,21.028335],[105.841631,21.028325],[105.841625,21.028325],[105.84162,21.02832],[105.841615,21.028315],[105.841609,21.02831],[105.841604,21.0283],[105.841593,21.028295],[105.841588,21.02829],[105.841582,21.028285],[105.841572,21.028275],[105.841566,21.02827],[105.841561,21.028265],[105.841556,21.02826],[105.841545,21.02825],[105.84154,21.028245],[105.841534,21.02824],[105.841529,21.028235],[105.841518,21.028225],[105.841513,21.02822],[105.841507,21.028215],[105.841502,21.028205],[105.841497,21.0282],[105.841486,21.028195],[105.84148,21.028185],[105.841475,21.02818],[105.84147,21.028175],[105.841464,21.028165],[105.841454,21.02816],[105.841448,21.028155],[105.841443,21.028145],[105.841438,21.02814],[105.841432,21.028135],[105.841421,21.028125],[105.841416,21.02812],[105.841411,21.028115],[105.841405,21.028105],[105.8414,21.0281],[105.841395,21.028095],[105.841389,21.028085],[105.841379,21.02808],[105.841373,21.02807],[105.841368,21.028065],[105.841362,21.02806],[105.841357,21.02805],[105.841352,21.028045],[105.841346,21.028035],[105.841341,21.02803],[105.841336,21.028025],[105.841325,21.028015],[105.84132,21.02801],[105.841314,21.028],[105.841309,21.027995],[105.841303,21.02799],[105.841298,21.02798],[105.841293,21.027975],[105.841287,21.027965],[105.841282,21.02796],[105.841277,21.02795],[105.841271,21.027945],[105.841266,21.027935],[105.841261,21.02793],[105.841255,21.027925],[105.84125,21.027915],[105.841244,21.02791],[105.841234,21.0279],[105.841228,21.027895],[105.841223,21.027885],[105.841218,21.02788],[105.841212,21.02787],[105.841207,21.027865],[105.841202,21.027855],[105.841196,21.02785],[105.841191,21.02784],[105.841191,21.027835],[105.841185,21.027825],[105.84118,21.02782],[105.841175,21.02781],[105.841169,21.027805],[105.841164,21.027795],[105.841159,21.02779],[105.841153,21.02778],[105.841148,21.027774],[105.841143,21.027764],[105.841137,21.027759],[105.841132,21.027749],[105.841126,21.027744],[105.841121,21.027734],[105.841116,21.027724],[105.84111,21.027719],[105.84111,21.027709],[105.841105,21.027704],[105.8411,21.027694],[105.841094,21.027689],[105.841089,21.027679],[105.841084,21.027674],[105.841078,21.027664],[105.841073,21.027654],[105.841073,21.027649],[105.841067,21.027639],[105.841062,21.027634],[105.841057,21.027624],[105.841051,21.027619],[105.841046,21.027609],[105.841046,21.027599],[105.841041,21.027594],[105.841035,21.027584],[105.84103,21.027579],[105.841025,21.027569],[105.841019,21.027559],[105.841019,21.027554],[105.841014,21.027544],[105.841008,21.027539],[105.841003,21.027529],[105.841003,21.027519],[105.840998,21.027514],[105.840992,21.027504],[105.840987,21.027499],[105.840982,21.027489],[105.840982,21.027479],[105.840976,21.027474],[105.840971,21.027464],[105.840971,21.027454],[105.840966,21.027449],[105.84096,21.027439],[105.840955,21.027434],[105.840955,21.027424],[105.840949,21.027414],[105.840944,21.027409],[105.840944,21.027399],[105.840939,21.027389],[105.840933,21.027384],[105.840933,21.027374],[105.840928,21.027364],[105.840923,21.027359],[105.840923,21.027349],[105.840917,21.027339],[105.840912,21.027334],[105.840912,21.027324],[105.840907,21.027314],[105.840901,21.027309],[105.840901,21.027299],[105.840896,21.027289],[105.84089,21.027284],[105.84089,21.027274],[105.840885,21.027264],[105.840885,21.027259],[105.84088,21.027249],[105.840874,21.027239],[105.840874,21.027229],[105.840869,21.027224],[105.840869,21.027214],[105.840864,21.027204],[105.840864,21.027199],[105.840858,21.027189],[105.840853,21.027179],[105.840853,21.027174],[105.840847,21.027164],[105.840847,21.027154],[105.840842,21.027144],[105.840842,21.027139],[105.840837,21.027129],[105.840837,21.027119],[105.840831,21.027114],[105.840831,21.027104],[105.840826,21.027094],[105.840826,21.027084],[105.840821,21.027078],[105.840821,21.027068],[105.840815,21.027058],[105.840815,21.027053],[105.84081,21.027043],[105.84081,21.027033],[105.840805,21.027023],[105.840805,21.027018],[105.840805,21.027008],[105.840799,21.026998],[105.840799,21.026988],[105.840794,21.026983],[105.840794,21.026973],[105.840788,21.026963],[105.840788,21.026953],[105.840788,21.026948],[105.840783,21.026938],[105.840783,21.026928],[105.840778,21.026918],[105.840778,21.026913],[105.840778,21.026908],[105.840778,21.026903],[105.840772,21.026893],[105.840772,21.026883],[105.840772,21.026878],[105.840767,21.026868],[105.840767,21.026858],[105.840767,21.026848],[105.840762,21.026843],[105.840762,21.026833],[105.840762,21.026823],[105.840756,21.026813],[105.840756,21.026808],[105.840756,21.026798],[105.840751,21.026788],[105.840751,21.026778],[105.840751,21.026773],[105.840751,21.026763],[105.840746,21.026753],[105.840746,21.026743],[105.840746,21.026733],[105.84074,21.026728],[105.84074,21.026718],[105.84074,21.026708],[105.84074,21.026698],[105.840735,21.026693],[105.840735,21.026683],[105.840735,21.026673],[105.840735,21.026663],[105.840729,21.026653],[105.840729,21.026648],[105.840729,21.026638],[105.840729,21.026628],[105.840724,21.026618],[105.840724,21.026613],[105.840724,21.026603],[105.840724,21.026593],[105.840719,21.026583],[105.840719,21.026573],[105.840719,21.026568],[105.840719,21.026558],[105.840713,21.026548],[105.840713,21.026538],[105.840713,21.026528],[105.840713,21.026523],[105.840713,21.026513],[105.840708,21.026503],[105.840708,21.026493],[105.840708,21.026488],[105.840708,21.026478],[105.840708,21.026468],[105.840703,21.026458],[105.840703,21.026448],[105.840703,21.026443],[105.840703,21.026433],[105.840703,21.026423],[105.840697,21.026413],[105.840697,21.026403],[105.840697,21.026398],[105.840697,21.026388],[105.840697,21.026377],[105.840461,21.024445],[105.840461,21.02444],[105.840461,21.02443],[105.840461,21.02442],[105.840456,21.02441],[105.840456,21.024405],[105.840456,21.024395],[105.840456,21.024385],[105.840456,21.024375],[105.840451,21.02437],[105.840451,21.02436],[105.840451,21.02435],[105.840451,21.02434],[105.840451,21.02433],[105.840445,21.024325],[105.840445,21.024314],[105.840445,21.024304],[105.840445,21.024294],[105.840445,21.024284],[105.84044,21.024279],[105.84044,21.024269],[105.84044,21.024259],[105.84044,21.024249],[105.84044,21.024239],[105.84044,21.024234],[105.840434,21.024224],[105.840434,21.024214],[105.840434,21.024204],[105.840434,21.024199],[105.840434,21.024189],[105.840429,21.024179],[105.840429,21.024169],[105.840429,21.024159],[105.840429,21.024154],[105.840429,21.024144],[105.840429,21.024134],[105.840429,21.024129],[105.840424,21.024124],[105.840424,21.024114],[105.840424,21.024109],[105.840424,21.024099],[105.840424,21.024089],[105.840424,21.024079],[105.840424,21.024069],[105.840418,21.024064],[105.840418,21.024054],[105.840418,21.024044],[105.840418,21.024034],[105.840418,21.024024],[105.840418,21.024019],[105.840418,21.024009],[105.840413,21.023999],[105.840413,21.023989],[105.840413,21.023979],[105.840413,21.023974],[105.840413,21.023964],[105.840413,21.023954],[105.840413,21.023944],[105.840413,21.023939],[105.840408,21.023929],[105.840408,21.023919],[105.840408,21.023909],[105.840408,21.023899],[105.840408,21.023894],[105.840408,21.023884],[105.840408,21.023874],[105.840408,21.023864],[105.840408,21.023854],[105.840408,21.023849],[105.840402,21.023839],[105.840402,21.023829],[105.840402,21.023819],[105.840402,21.023809],[105.840402,21.023804],[105.840402,21.023794],[105.840402,21.023784],[105.840402,21.023774],[105.840402,21.023764],[105.840402,21.023759],[105.840402,21.023749],[105.840402,21.023739],[105.840402,21.023729],[105.840402,21.023724],[105.840397,21.023719],[105.840397,21.023714],[105.840397,21.023704],[105.840397,21.023694],[105.840397,21.023684],[105.840397,21.023674],[105.840397,21.023669],[105.840397,21.023659],[105.840397,21.023649],[105.840397,21.023639],[105.840397,21.023628],[105.840397,21.023623],[105.840397,21.023613],[105.840397,21.023603],[105.840397,21.023593],[105.840397,21.023583],[105.840397,21.023578],[105.840397,21.023568],[105.840397,21.023558],[105.840397,21.023548],[105.840397,21.023538],[105.840397,21.023533],[105.840397,21.023523],[105.840397,21.023513],[105.840397,21.023503],[105.840392,21.023493],[105.840392,21.023488],[105.840392,21.023478],[105.840392,21.023468],[105.840392,21.023458],[105.840392,21.023448],[105.840392,21.023443],[105.840392,21.023433],[105.840392,21.023423],[105.840392,21.023413],[105.840392,21.023408],[105.840381,21.022582]],[[105.842714,21.028776],[105.842312,21.028486],[105.842312,21.028481],[105.842301,21.028476],[105.842296,21.02847],[105.842285,21.028465],[105.84228,21.02846],[105.842274,21.028455],[105.842264,21.02845],[105.842258,21.02844],[105.842248,21.028435],[105.842242,21.02843],[105.842237,21.028425],[105.842226,21.02842],[105.842221,21.028415],[105.84221,21.02841],[105.842205,21.028405],[105.842194,21.0284],[105.842189,21.02839],[105.842183,21.028385],[105.842173,21.02838],[105.842167,21.028375],[105.842156,21.02837],[105.842151,21.028365],[105.842146,21.02836],[105.842135,21.028355],[105.84213,21.02835],[105.842119,21.02834],[105.842113,21.028335],[105.842108,21.02833],[105.842097,21.028325],[105.842092,21.02832],[105.842081,21.028315],[105.842076,21.02831],[105.842071,21.028305],[105.84206,21.028295],[105.842054,21.02829],[105.842049,21.028285],[105.842038,21.02828],[105.842033,21.028275],[105.842022,21.02827],[105.842017,21.02826],[105.842012,21.028255],[105.842001,21.02825],[105.841995,21.028245],[105.84199,21.02824],[105.841979,21.028235],[105.841974,21.028225],[105.841969,21.02822],[105.841958,21.028215],[105.841953,21.02821],[105.841947,21.028205],[105.841936,21.0282],[105.841931,21.02819],[105.841926,21.028185],[105.841915,21.02818],[105.84191,21.028175],[105.841904,21.02817],[105.841894,21.02816],[105.841888,21.028155],[105.841883,21.02815],[105.841872,21.028145],[105.841872,21.02814],[105.841867,21.028135],[105.841861,21.02813],[105.841856,21.028125],[105.841845,21.02812],[105.84184,21.02811],[105.841835,21.028105],[105.841824,21.0281],[105.841818,21.028095],[105.841813,21.028085],[105.841808,21.02808],[105.841797,21.028075],[105.841792,21.02807],[105.841786,21.02806],[105.841781,21.028055],[105.84177,21.02805],[105.841765,21.02804],[105.841759,21.028035],[105.841754,21.02803],[105.841749,21.028025],[105.841738,21.028015],[105.841733,21.02801],[105.841727,21.028005],[105.841722,21.027995],[105.841711,21.02799],[105.841706,21.027985],[105.8417,21.027975],[105.841695,21.02797],[105.84169,21.027965],[105.841684,21.027955],[105.841674,21.02795],[105.841668,21.027945],[105.841663,21.027935],[105.841658,21.02793],[105.841652,21.027925],[105.841647,21.027915],[105.841636,21.02791],[105.841631,21.0279],[105.841625,21.027895],[105.84162,21.02789],[105.841615,21.02788],[105.841609,21.027875],[105.841604,21.02787],[105.841599,21.02786],[105.841588,21.027855],[105.841582,21.027845],[105.841577,21.02784],[105.841572,21.02783],[105.841566,21.027825],[105.841561,21.02782],[105.841556,21.02781],[105.84155,21.027805],[105.841545,21.027795],[105.84154,21.02779],[105.841534,21.027785],[105.841523,21.027774],[105.841518,21.027769],[105.841513,21.027759],[105.841507,21.027754],[105.841502,21.027744],[105.841497,21.027739],[105.841491,21.027729],[105.841486,21.027724],[105.84148,21.027714],[105.841475,21.027709],[105.84147,21.027699],[105.841464,21.027694],[105.841459,21.027689],[105.841454,21.027679],[105.841448,21.027674],[105.841443,21.027664],[105.841438,21.027659],[105.841432,21.027649],[105.841427,21.027644],[105.841421,21.027634],[105.841416,21.027629],[105.841411,21.027619],[105.841405,21.027614],[105.8414,21.027604],[105.8414,21.027594],[105.841395,21.027589],[105.841389,21.027579],[105.841384,21.027574],[105.841379,21.027564],[105.841373,21.027559],[105.841368,21.027549],[105.841362,21.027544],[105.841357,21.027534],[105.841352,21.027529],[105.841346,21.027519],[105.841341,21.027514],[105.841341,21.027504],[105.841336,21.027494],[105.84133,21.027489],[105.841325,21.027479],[105.84132,21.027474],[105.841314,21.027464],[105.841309,21.027459],[105.841309,21.027449],[105.841303,21.027439],[105.841298,21.027434],[105.841293,21.027424],[105.841287,21.027419],[105.841282,21.027409],[105.841282,21.027404],[105.841277,21.027394],[105.841271,21.027384],[105.841266,21.027379],[105.841261,21.027369],[105.841261,21.027364],[105.841255,21.027354],[105.84125,21.027344],[105.841244,21.027339],[105.841239,21.027329],[105.841239,21.027319],[105.841234,21.027314],[105.841228,21.027304],[105.841223,21.027299],[105.841223,21.027289],[105.841218,21.027279],[105.841212,21.027274],[105.841207,21.027264],[105.841207,21.027254],[105.841202,21.027249],[105.841196,21.027239],[105.841196,21.027234],[105.841191,21.027224],[105.841185,21.027214],[105.841185,21.027209],[105.84118,21.027199],[105.841175,21.027189],[105.841175,21.027184],[105.841169,21.027174],[105.841164,21.027164],[105.841164,21.027159],[105.841159,21.027149],[105.841153,21.027139],[105.841153,21.027134],[105.841148,21.027124],[105.841143,21.027114],[105.841143,21.027109],[105.841137,21.027099],[105.841132,21.027089],[105.841132,21.027084],[105.841126,21.027073],[105.841126,21.027063],[105.841121,21.027053],[105.841121,21.027048],[105.841116,21.027038],[105.84111,21.027028],[105.84111,21.027023],[105.841105,21.027013],[105.841105,21.027003],[105.8411,21.026998],[105.8411,21.026988],[105.841094,21.026978],[105.841089,21.026968],[105.841089,21.026963],[105.841084,21.026953],[105.841084,21.026943],[105.841078,21.026938],[105.841078,21.026928],[105.841073,21.026918],[105.841073,21.026908],[105.841067,21.026903],[105.841067,21.026893],[105.841062,21.026883],[105.841062,21.026878],[105.841062,21.026868],[105.841057,21.026858],[105.841057,21.026848],[105.841051,21.026843],[105.841051,21.026833],[105.841046,21.026823],[105.841046,21.026813],[105.841041,21.026808],[105.841041,21.026798],[105.841041,21.026788],[105.841035,21.026778],[105.841035,21.026773],[105.84103,21.026763],[105.84103,21.026753],[105.84103,21.026743],[105.841025,21.026738],[105.841025,21.026728],[105.841019,21.026718],[105.841019,21.026708],[105.841019,21.026703],[105.841014,21.026693],[105.841014,21.026683],[105.841014,21.026673],[105.841008,21.026668],[105.841008,21.026658],[105.841008,21.026648],[105.841003,21.026638],[105.841003,21.026633],[105.841003,21.026623],[105.840998,21.026613],[105.840998,21.026603],[105.840998,21.026598],[105.840992,21.026588],[105.840992,21.026578],[105.840992,21.026568],[105.840992,21.026558],[105.840987,21.026553],[105.840987,21.026543],[105.840987,21.026533],[105.840987,21.026523],[105.840982,21.026518],[105.840982,21.026508],[105.840982,21.026498],[105.840976,21.026488],[105.840976,21.026478],[105.840976,21.026473],[105.840976,21.026463],[105.840971,21.026453],[105.840971,21.026443],[105.840971,21.026438],[105.840971,21.026428],[105.840971,21.026418],[105.840966,21.026408],[105.840966,21.026398],[105.840966,21.026393],[105.840966,21.026382],[105.84096,21.026372],[105.84096,21.026362],[105.84096,21.026357],[105.84096,21.026347],[105.84096,21.026337],[105.840955,21.026327],[105.840955,21.026317],[105.840955,21.026312],[105.840955,21.026302],[105.840949,21.026292],[105.840949,21.026282],[105.840949,21.026272],[105.840949,21.026267],[105.840949,21.026257],[105.840944,21.026247],[105.840944,21.026237],[105.840944,21.026227],[105.840944,21.026222],[105.840944,21.026212],[105.840939,21.026202],[105.840939,21.026192],[105.840708,21.024259],[105.840708,21.024254],[105.840708,21.024244],[105.840703,21.024239],[105.840703,21.024229],[105.840703,21.024219],[105.840703,21.024209],[105.840703,21.024199],[105.840697,21.024194],[105.840697,21.024184],[105.840697,21.024174],[105.840697,21.024164],[105.840697,21.024154],[105.840692,21.024149],[105.840692,21.024139],[105.840692,21.024129],[105.840692,21.024119],[105.840692,21.024109],[105.840687,21.024104],[105.840687,21.024094],[105.840687,21.024084],[105.840687,21.024074],[105.840687,21.024069],[105.840681,21.024059],[105.840681,21.024049],[105.840681,21.024039],[105.840681,21.024029],[105.840681,21.024024],[105.840681,21.024014],[105.840676,21.024004],[105.840676,21.023994],[105.840676,21.023984],[105.840676,21.023979],[105.840676,21.023969],[105.84067,21.023959],[105.84067,21.023949],[105.84067,21.023939],[105.84067,21.023934],[105.84067,21.023924],[105.84067,21.023914],[105.84067,21.023904],[105.840665,21.023894],[105.840665,21.023889],[105.840665,21.023879],[105.840665,21.023869],[105.840665,21.023859],[105.840665,21.023854],[105.840665,21.023844],[105.84066,21.023834],[105.84066,21.023824],[105.84066,21.023814],[105.84066,21.023809],[105.84066,21.023799],[105.84066,21.023789],[105.84066,21.023779],[105.84066,21.023769],[105.840654,21.023764],[105.840654,21.023754],[105.840654,21.023744],[105.840654,21.023734],[105.840654,21.023724],[105.840654,21.023719],[105.840654,21.023709],[105.840654,21.023699],[105.840654,21.023689],[105.840649,21.023679],[105.840649,21.023674],[105.840649,21.023664],[105.840649,21.023654],[105.840649,21.023644],[105.840649,21.023633],[105.840649,21.023628],[105.840649,21.023618],[105.840649,21.023608],[105.840649,21.023598],[105.840649,21.023588],[105.840649,21.023583],[105.840644,21.023573],[105.840644,21.023563],[105.840644,21.023553],[105.840644,21.023543],[105.840644,21.023538],[105.840644,21.023528],[105.840644,21.023518],[105.840644,21.023508],[105.840644,21.023498],[105.840644,21.023493],[105.840644,21.023483],[105.840644,21.023473],[105.840644,21.023463],[105.840644,21.023453],[105.840644,21.023448],[105.840644,21.023438],[105.840644,21.023428],[105.840644,21.023418],[105.840644,21.023408],[105.840638,21.023403],[105.840638,21.023393],[105.840638,21.023383],[105.840638,21.023373],[105.840638,21.023363],[105.840638,21.023358],[105.840638,21.023348],[105.840638,21.023338],[105.840638,21.023328],[105.840638,21.023318],[105.840638,21.023313],[105.840638,21.023303],[105.840638,21.023293],[105.840638,21.023283],[105.840638,21.023273],[105.840638,21.023268],[105.840638,21.023258],[105.840638,21.023248],[105.840638,21.023238],[105.840638,21.023228],[105.840628,21.022582]],[[105.840392,21.023383],[105.840375,21.022076],[105.840359,21.021105],[105.840359,21.0211],[105.840359,21.021095],[105.840359,21.021085],[105.840359,21.021075],[105.840359,21.021065],[105.840359,21.021055],[105.840359,21.02105],[105.840359,21.02104],[105.840359,21.02103],[105.840359,21.02102],[105.840359,21.02101],[105.840359,21.021005],[105.840359,21.020995],[105.840359,21.020985],[105.840359,21.020975],[105.840359,21.020965],[105.840359,21.02096],[105.840359,21.02095],[105.840359,21.02094],[105.840359,21.02093],[105.840359,21.02092],[105.840359,21.020914],[105.840359,21.020904],[105.840359,21.020894],[105.840359,21.020884],[105.840359,21.020874],[105.840359,21.020869],[105.840359,21.020859],[105.840359,21.020849],[105.840359,21.020839],[105.840359,21.020829],[105.840359,21.020824],[105.840359,21.020814],[105.840359,21.020804],[105.840359,21.020794],[105.840359,21.020784],[105.840359,21.020779],[105.840359,21.020769],[105.840359,21.020759],[105.840359,21.020749],[105.840359,21.020739],[105.840359,21.020734],[105.840359,21.020724],[105.840365,21.020714],[105.840365,21.020704],[105.840365,21.020694],[105.840365,21.020689],[105.840365,21.020679],[105.840365,21.020669],[105.840365,21.020659],[105.840365,21.020654],[105.840365,21.020649],[105.840365,21.020644],[105.840365,21.020634],[105.840365,21.020624],[105.840365,21.020614],[105.84037,21.020609],[105.84037,21.020599],[105.84037,21.020589],[105.84037,21.020579],[105.84037,21.020569],[105.84037,21.020564],[105.84037,21.020554],[105.84037,21.020544],[105.840375,21.020534],[105.840375,21.020524],[105.840375,21.020519],[105.840375,21.020509],[105.840375,21.020499],[105.840375,21.020489],[105.840381,21.020479],[105.840381,21.020474],[105.840381,21.020464],[105.840381,21.020454],[105.840381,21.020444],[105.840381,21.020439],[105.840386,21.020429],[105.840386,21.020419],[105.840386,21.020409],[105.840386,21.020399],[105.840392,21.020394],[105.840392,21.020384],[105.840392,21.020374],[105.840392,21.020364],[105.840392,21.020359],[105.840397,21.020349],[105.840397,21.020339],[105.840397,21.020329],[105.840397,21.020319],[105.840402,21.020314],[105.840402,21.020304],[105.840402,21.020294],[105.840402,21.020284],[105.840408,21.020279],[105.840408,21.020269],[105.840408,21.020259],[105.840413,21.020249],[105.840413,21.020238],[105.840413,21.020233],[105.840413,21.020223],[105.840408,21.018927],[105.840413,21.018816],[105.840418,21.018711],[105.840434,21.018606],[105.840461,21.018501],[105.840966,21.016483],[105.840735,21.00207]],[[105.840638,21.023383],[105.840638,21.023373],[105.840638,21.023363],[105.840638,21.023358],[105.840638,21.023348],[105.840638,21.023338],[105.840638,21.023328],[105.840638,21.023318],[105.840638,21.023313],[105.840638,21.023303],[105.840638,21.023293],[105.840638,21.023283],[105.840638,21.023273],[105.840638,21.023268],[105.840638,21.023258],[105.840638,21.023248],[105.840638,21.023238],[105.840638,21.023228],[105.840622,21.021891],[105.840606,21.020925],[105.840606,21.02092],[105.840606,21.020909],[105.840606,21.020899],[105.840606,21.020889],[105.840606,21.020879],[105.840606,21.020874],[105.840606,21.020864],[105.840606,21.020854],[105.840606,21.020844],[105.840606,21.020834],[105.840606,21.020829],[105.840606,21.020819],[105.840606,21.020809],[105.840606,21.020799],[105.840606,21.020789],[105.840606,21.020784],[105.840606,21.020774],[105.840606,21.020764],[105.840606,21.020754],[105.840606,21.020744],[105.840606,21.020739],[105.840606,21.020729],[105.840606,21.020719],[105.840606,21.020709],[105.840606,21.020699],[105.840606,21.020694],[105.840606,21.020684],[105.840606,21.020674],[105.840606,21.020664],[105.840606,21.020654],[105.840606,21.020649],[105.840606,21.020639],[105.840606,21.020629],[105.840606,21.020619],[105.840606,21.020609],[105.840606,21.020604],[105.840606,21.020594],[105.840606,21.020584],[105.840606,21.020574],[105.840606,21.020564],[105.840606,21.020559],[105.840606,21.020549],[105.840606,21.020539],[105.840606,21.020529],[105.840606,21.020524],[105.840606,21.020514],[105.840606,21.020504],[105.840611,21.020494],[105.840611,21.020484],[105.840611,21.020479],[105.840611,21.020474],[105.840611,21.020469],[105.840611,21.020459],[105.840611,21.020449],[105.840611,21.020439],[105.840611,21.020434],[105.840611,21.020424],[105.840611,21.020414],[105.840617,21.020404],[105.840617,21.020394],[105.840617,21.020389],[105.840617,21.020379],[105.840617,21.020369],[105.840617,21.020359],[105.840617,21.020349],[105.840617,21.020344],[105.840622,21.020334],[105.840622,21.020324],[105.840622,21.020314],[105.840622,21.020309],[105.840622,21.020299],[105.840622,21.020289],[105.840628,21.020279],[105.840628,21.020269],[105.840628,21.020264],[105.840628,21.020254],[105.840628,21.020244],[105.840633,21.020233],[105.840633,21.020223],[105.840633,21.020218],[105.840633,21.020208],[105.840633,21.020198],[105.840638,21.020188],[105.840638,21.020183],[105.840638,21.020173],[105.840638,21.020163],[105.840644,21.020153],[105.840644,21.020143],[105.840644,21.020138],[105.840644,21.020128],[105.840649,21.020118],[105.840649,21.020108],[105.840649,21.020103],[105.840649,21.020093],[105.840654,21.020083],[105.840654,21.020073],[105.840654,21.020068],[105.84066,21.020058],[105.84066,21.020048],[105.84066,21.020038],[105.840654,21.018741],[105.840654,21.018636],[105.840665,21.018526],[105.840681,21.018421],[105.840703,21.018316],[105.841212,21.016298],[105.840987,21.00207]],[[105.840751,21.002872],[105.840649,20.996471],[105.840504,20.986485],[105.840504,20.986299],[105.840638,20.981556]],[[105.840998,21.002872],[105.840896,20.996291],[105.840746,20.986299],[105.840751,20.986119],[105.84088,20.981556]],[[105.840617,20.982357],[105.840665,20.98078],[105.84052,20.974163],[105.840526,20.973892],[105.840547,20.973402],[105.840547,20.973397],[105.840547,20.973387],[105.840547,20.973377],[105.840547,20.973367],[105.840547,20.973357],[105.840547,20.973352],[105.840547,20.973341],[105.840547,20.973331],[105.840547,20.973321],[105.840547,20.973311],[105.840547,20.973306],[105.840547,20.973296],[105.840547,20.973286],[105.840547,20.973276],[105.840547,20.973266],[105.840547,20.973261],[105.840547,20.973251],[105.840547,20.973241],[105.840547,20.973231],[105.840547,20.973221],[105.840547,20.973216],[105.840547,20.973206],[105.840547,20.973196],[105.840547,20.973186],[105.840547,20.973176],[105.840547,20.973171],[105.840547,20.973161],[105.840547,20.973151],[105.840547,20.973141],[105.840547,20.973131],[105.840547,20.973126],[105.840547,20.973116],[105.840547,20.973106],[105.840547,20.973096],[105.840547,20.973086],[105.840547,20.973081],[105.840547,20.973071],[105.840547,20.973061],[105.840547,20.973051],[105.840547,20.973041],[105.840547,20.973036],[105.840547,20.973026],[105.840547,20.973016],[105.840547,20.973006],[105.840547,20.972996],[105.840547,20.972991],[105.840547,20.972981],[105.840542,20.97259],[105.840542,20.972585],[105.840542,20.972575],[105.840536,20.972565],[105.840536,20.972555],[105.840536,20.972545],[105.840536,20.97254],[105.840536,20.97253],[105.840536,20.97252],[105.840536,20.97251],[105.840536,20.9725],[105.840536,20.972495],[105.840536,20.972485],[105.840536,20.972475],[105.840536,20.972465],[105.840536,20.972455],[105.840536,20.972445],[105.840536,20.97244],[105.840536,20.97243],[105.840536,20.97242],[105.840536,20.97241],[105.840536,20.9724],[105.840536,20.972395],[105.840536,20.972385],[105.840536,20.972375],[105.840536,20.972365],[105.840536,20.972355],[105.840536,20.97235],[105.840536,20.97234],[105.840536,20.97233],[105.840536,20.97232],[105.840536,20.97231],[105.840536,20.9723],[105.840536,20.972295],[105.840536,20.972285],[105.840536,20.972275],[105.840536,20.972265],[105.840536,20.972255],[105.840536,20.97225],[105.840542,20.97224],[105.840542,20.972229],[105.840542,20.972219],[105.840542,20.972209],[105.840542,20.972199],[105.840542,20.972194],[105.840542,20.972184],[105.840542,20.972174],[105.840542,20.972164],[105.840542,20.972154],[105.840542,20.972149],[105.840542,20.972139],[105.840542,20.972129],[105.840547,20.972119],[105.840547,20.972109],[105.840547,20.972099],[105.840547,20.972094],[105.840547,20.972084],[105.840547,20.972074],[105.840547,20.972064],[105.840547,20.972054],[105.840552,20.972049],[105.840552,20.972044],[105.840552,20.972039],[105.840552,20.972029],[105.840552,20.972019],[105.840552,20.972009],[105.840552,20.971999],[105.840558,20.971994],[105.840558,20.971984],[105.840558,20.971974],[105.840558,20.971964],[105.840558,20.971954],[105.840563,20.971949],[105.840563,20.971939],[105.840563,20.971929],[105.840563,20.971919],[105.840569,20.971909],[105.840569,20.971904],[105.840569,20.971894],[105.840569,20.971884],[105.840574,20.971874],[105.840574,20.971864],[105.840574,20.971854],[105.840574,20.971849],[105.840579,20.971844],[105.840579,20.971839],[105.840579,20.971829],[105.840579,20.971819],[105.840585,20.971809],[105.840585,20.971804],[105.840585,20.971794],[105.84059,20.971784],[105.84059,20.971774],[105.84059,20.971764],[105.840595,20.971759],[105.840595,20.971749],[105.840595,20.971739],[105.840601,20.971729],[105.840601,20.971724],[105.840601,20.971714],[105.840606,20.971704],[105.840606,20.971694],[105.840606,20.971684],[105.840611,20.971678],[105.840611,20.971668],[105.840617,20.971658],[105.840617,20.971648],[105.840617,20.971643],[105.840622,20.971633],[105.840622,20.971623],[105.840622,20.971613],[105.840628,20.971603],[105.840628,20.971598],[105.840633,20.971588],[105.840633,20.971578],[105.840638,20.971568],[105.840638,20.971563],[105.840638,20.971553],[105.840644,20.971543],[105.840644,20.971533],[105.840649,20.971528],[105.840649,20.971518],[105.840654,20.971508],[105.840654,20.971498],[105.840654,20.971493],[105.84066,20.971483],[105.84066,20.971473],[105.840665,20.971463],[105.840665,20.971458],[105.84067,20.971448],[105.84067,20.971438],[105.840676,20.971428],[105.840676,20.971423],[105.840676,20.971413],[105.840681,20.971403],[105.840681,20.971393],[105.840687,20.971388],[105.840687,20.971378],[105.840692,20.971368],[105.840692,20.971358],[105.840697,20.971353],[105.840697,20.971343],[105.840703,20.971333],[105.840703,20.971323],[105.840703,20.971318],[105.840708,20.971308],[105.841298,20.969209],[105.841303,20.969204],[105.841303,20.969194],[105.841309,20.969184],[105.841309,20.969179],[105.841309,20.969169],[105.841314,20.969159],[105.841314,20.969149],[105.84132,20.969144],[105.84132,20.969134],[105.841325,20.969124],[105.841325,20.969114],[105.84133,20.969109],[105.84133,20.969099],[105.841336,20.969089],[105.841336,20.969079],[105.841341,20.969074],[105.841341,20.969064],[105.841341,20.969054],[105.841346,20.969044],[105.841346,20.969039],[105.841352,20.969029],[105.841352,20.969019],[105.841357,20.969009],[105.841357,20.969004],[105.841362,20.968994],[105.841362,20.968984],[105.841362,20.968974],[105.841368,20.968969],[105.841368,20.968959],[105.841373,20.968949],[105.841373,20.968944],[105.841379,20.968934],[105.841379,20.968923],[105.841384,20.968913],[105.841384,20.968908],[105.841384,20.968898],[105.841389,20.968888],[105.841389,20.968878],[105.841395,20.968873],[105.841395,20.968863],[105.8414,20.968853],[105.8414,20.968843],[105.841405,20.968838],[105.841405,20.968828],[105.841405,20.968818],[105.841411,20.968808],[105.841411,20.968803],[105.841416,20.968793],[105.841416,20.968783],[105.841421,20.968773],[105.841421,20.968768],[105.841421,20.968758],[105.841427,20.968748],[105.841427,20.968738],[105.841432,20.968733],[105.841432,20.968723],[105.841432,20.968713],[105.841438,20.968703],[105.841438,20.968698],[105.841443,20.968688],[105.841443,20.968678],[105.841443,20.968668],[105.841448,20.968663],[105.841448,20.968653],[105.841454,20.968643],[105.841454,20.968633],[105.841454,20.968628],[105.841459,20.968618],[105.841459,20.968608],[105.841464,20.968598],[105.841464,20.968593],[105.841464,20.968583],[105.84147,20.968573],[105.84147,20.968563],[105.841475,20.968558],[105.841475,20.968553],[105.841475,20.968548],[105.841475,20.968538],[105.84148,20.968528],[105.84148,20.968523],[105.84148,20.968513],[105.841486,20.968503],[105.841486,20.968493],[105.841491,20.968488],[105.841491,20.968478],[105.841491,20.968468],[105.841497,20.968458],[105.841497,20.968453],[105.841497,20.968443],[105.841502,20.968433],[105.841502,20.968423],[105.841502,20.968413],[105.841507,20.968408],[105.841507,20.968398],[105.841507,20.968388],[105.841513,20.968377],[105.841513,20.968372],[105.841513,20.968362],[105.841518,20.968352],[105.841518,20.968342],[105.841518,20.968337],[105.841523,20.968327],[105.841523,20.968317],[105.841523,20.968307],[105.841529,20.968302],[105.841529,20.968292],[105.841529,20.968282],[105.841534,20.968272],[105.841534,20.968262],[105.841534,20.968257],[105.841534,20.968247],[105.84154,20.968237],[105.84154,20.968227],[105.84154,20.968222],[105.841545,20.968212],[105.841545,20.968202],[105.841545,20.968192],[105.841545,20.968187],[105.84155,20.968177],[105.84155,20.968167],[105.84155,20.968157],[105.841556,20.968147],[105.841556,20.968142],[105.841556,20.968132],[105.841556,20.968122],[105.841561,20.968112],[105.841561,20.968107],[105.841561,20.968097],[105.841566,20.968087],[105.841566,20.968077],[105.841566,20.968072],[105.841566,20.968062],[105.841572,20.968052],[105.841572,20.968042],[105.841572,20.968032],[105.841572,20.968027],[105.841577,20.968017],[105.841577,20.968007],[105.841577,20.967997],[105.841577,20.967992],[105.841577,20.967982],[105.841582,20.967972],[105.841582,20.967962],[105.841582,20.967952],[105.841582,20.967947],[105.841588,20.967927],[105.841588,20.967917],[105.841588,20.967907],[105.841593,20.967902],[105.841593,20.967892],[105.841593,20.967882],[105.841593,20.967872],[105.841593,20.967867],[105.841599,20.967857],[105.841599,20.967847],[105.841599,20.967836],[105.841599,20.967826],[105.841599,20.967821],[105.841604,20.967811],[105.841604,20.967801],[105.841604,20.967791],[105.841604,20.967786],[105.841604,20.967776],[105.841604,20.967766],[105.841609,20.967756],[105.841609,20.967746],[105.841609,20.967741],[105.841609,20.967731],[105.841609,20.967721],[105.841615,20.967711],[105.841615,20.967701],[105.841615,20.967696],[105.841615,20.967686],[105.841615,20.967676],[105.841615,20.967666],[105.84162,20.967661],[105.84162,20.967651],[105.84162,20.967641],[105.84162,20.967631],[105.84162,20.967621],[105.84162,20.967616],[105.84162,20.967606],[105.841625,20.967596],[105.841625,20.967586],[105.841625,20.967576],[105.841625,20.967571],[105.841625,20.967561],[105.841625,20.967551],[105.841625,20.967541],[105.841625,20.967531],[105.841631,20.967526],[105.841631,20.967516],[105.841631,20.967506],[105.841631,20.967496],[105.841631,20.967491],[105.841631,20.967481],[105.841631,20.967471],[105.841631,20.967461],[105.841636,20.967451],[105.841636,20.967446],[105.841636,20.967436],[105.841636,20.967426],[105.841636,20.967416],[105.841636,20.967406],[105.841636,20.967401],[105.841636,20.967391],[105.841636,20.967381],[105.841636,20.967371],[105.841636,20.967361],[105.841641,20.967356],[105.841641,20.967346],[105.841641,20.967336],[105.841641,20.967326],[105.841641,20.967316],[105.841641,20.967311],[105.841641,20.967301],[105.841641,20.96729],[105.841641,20.96728],[105.841641,20.967275],[105.841641,20.967265],[105.841641,20.967255],[105.841641,20.967245],[105.841641,20.967235],[105.841641,20.967225],[105.841647,20.96722],[105.841647,20.96721],[105.841647,20.9672],[105.841647,20.96719],[105.841647,20.967185],[105.841647,20.967175],[105.841647,20.967165],[105.841647,20.967155],[105.841647,20.967145],[105.841647,20.96714],[105.841647,20.96713],[105.841647,20.96712],[105.841647,20.96711],[105.841647,20.9671],[105.841647,20.967095],[105.841647,20.967085],[105.841647,20.967075],[105.841647,20.967065],[105.841647,20.967055],[105.841647,20.96705],[105.841647,20.96704],[105.841647,20.96703],[105.841647,20.96702],[105.841647,20.96701],[105.841647,20.967005],[105.841647,20.966995],[105.841647,20.966985],[105.841647,20.966975],[105.841647,20.966965],[105.841647,20.96696],[105.841647,20.96695],[105.841647,20.96694],[105.841647,20.96693],[105.841647,20.96692],[105.841647,20.966915],[105.841647,20.966905],[105.841647,20.966895],[105.841647,20.966885],[105.841647,20.966875],[105.841647,20.96687],[105.841647,20.96686],[105.841647,20.96685],[105.841652,20.96684],[105.841652,20.96683],[105.841652,20.966825],[105.841652,20.966815],[105.841652,20.966805],[105.841652,20.966795],[105.841652,20.966785],[105.841652,20.96678],[105.841652,20.96677],[105.841652,20.96676],[105.841652,20.966749],[105.841341,20.96415],[105.84132,20.963904],[105.841314,20.963654],[105.841314,20.962557],[105.841314,20.962552],[105.841314,20.962542],[105.841314,20.962532],[105.841314,20.962522],[105.841314,20.962517],[105.841314,20.962507],[105.841314,20.962497],[105.841314,20.962487],[105.841314,20.962477],[105.841314,20.962467],[105.841314,20.962462],[105.841314,20.962452],[105.841314,20.962441],[105.841314,20.962431],[105.841314,20.962421],[105.841314,20.962416],[105.841314,20.962406],[105.841314,20.962396],[105.841314,20.962386],[105.841314,20.962376],[105.841314,20.962366],[105.841314,20.962361],[105.841314,20.962351],[105.841314,20.962341],[105.841314,20.962331],[105.841314,20.962321],[105.841314,20.962311],[105.841314,20.962306],[105.841314,20.962296],[105.841314,20.962286],[105.841314,20.962276],[105.841314,20.962266],[105.841314,20.962256],[105.841314,20.962251],[105.841314,20.962241],[105.841314,20.962231],[105.841314,20.962221],[105.841314,20.962211],[105.841314,20.962201],[105.841314,20.962196],[105.841314,20.962186],[105.841314,20.962176],[105.841314,20.962166],[105.841314,20.962156],[105.841314,20.962146],[105.841314,20.962136],[105.841314,20.962131],[105.841314,20.962121],[105.841314,20.962111],[105.841314,20.962101],[105.841314,20.962091],[105.841314,20.962081],[105.841314,20.962071],[105.841314,20.962066],[105.841314,20.962056],[105.841314,20.962046],[105.84132,20.962036],[105.84132,20.962026],[105.84132,20.962016],[105.84132,20.962006],[105.84132,20.961996],[105.84132,20.961991],[105.84132,20.961981],[105.84132,20.961971],[105.84132,20.961961],[105.84132,20.961951],[105.84132,20.961941],[105.84132,20.961931],[105.84132,20.961921],[105.84132,20.961916],[105.84132,20.961905],[105.84132,20.961895],[105.841325,20.961885],[105.841325,20.961875],[105.841325,20.961865],[105.841325,20.961855],[105.841325,20.961845],[105.841325,20.961835],[105.841325,20.96183],[105.841325,20.96182],[105.841325,20.96181],[105.841325,20.9618],[105.84133,20.96179],[105.84133,20.96178],[105.84133,20.96177],[105.84133,20.96176],[105.84133,20.96175],[105.84133,20.961745],[105.84133,20.961735],[105.84133,20.961725],[105.84133,20.961715],[105.841336,20.961705],[105.841336,20.961695],[105.841336,20.961685],[105.841336,20.961675],[105.841336,20.961665],[105.841336,20.96166],[105.841336,20.96165],[105.841336,20.96164],[105.841341,20.96163],[105.841341,20.96162],[105.841341,20.96161],[105.841341,20.9616],[105.841341,20.96159],[105.841341,20.961585],[105.841346,20.961575],[105.841346,20.961565],[105.841346,20.961555],[105.841346,20.961545],[105.841346,20.961535],[105.841346,20.961525],[105.841352,20.961515],[105.841352,20.961505],[105.841352,20.9615],[105.841352,20.96149],[105.841352,20.96148],[105.841352,20.96147],[105.841357,20.96146],[105.841357,20.96145],[105.841357,20.96144],[105.841357,20.96143],[105.841357,20.961425],[105.841362,20.961415],[105.841362,20.961405],[105.841362,20.961395],[105.841362,20.961385],[105.841362,20.961374],[105.841368,20.961364],[105.841368,20.961354],[105.841368,20.961344],[105.841368,20.961339],[105.841373,20.961329],[105.841373,20.961319],[105.841373,20.961309],[105.841373,20.961299],[105.841373,20.961289],[105.841379,20.961279],[105.841379,20.961269],[105.841379,20.961264],[105.841379,20.961254],[105.841384,20.961244],[105.841384,20.961234],[105.841384,20.961224],[105.841384,20.961214],[105.841389,20.961204],[105.841389,20.961194],[105.841389,20.961189],[105.841389,20.961179],[105.841395,20.961169],[105.841395,20.961159],[105.841395,20.961149],[105.841395,20.961139],[105.8414,20.961129],[105.8414,20.961119],[105.8414,20.961114],[105.8414,20.961104],[105.841405,20.961094],[105.841405,20.961089],[105.841405,20.961084],[105.841405,20.961074],[105.841411,20.961064],[105.841411,20.961054],[105.841411,20.961049],[105.841411,20.961039]],[[105.840858,20.982357],[105.840907,20.980594],[105.840767,20.973978],[105.840767,20.973707],[105.840788,20.973221],[105.840788,20.973211],[105.840788,20.973201],[105.840788,20.973191],[105.840788,20.973181],[105.840788,20.973176],[105.840794,20.973166],[105.840794,20.973156],[105.840794,20.973146],[105.840794,20.973136],[105.840794,20.973131],[105.840794,20.973121],[105.840794,20.973111],[105.840794,20.973101],[105.840794,20.973096],[105.840794,20.973086],[105.840794,20.973076],[105.840794,20.973066],[105.840794,20.973056],[105.840794,20.973051],[105.840794,20.973041],[105.840794,20.973031],[105.840794,20.973021],[105.840794,20.973011],[105.840794,20.973006],[105.840794,20.972996],[105.840794,20.972986],[105.840794,20.972976],[105.840794,20.972966],[105.840794,20.972961],[105.840794,20.972951],[105.840794,20.972941],[105.840794,20.972931],[105.840794,20.972921],[105.840794,20.972916],[105.840794,20.972906],[105.840794,20.972896],[105.840794,20.972886],[105.840794,20.972876],[105.840794,20.972871],[105.840794,20.972861],[105.840794,20.972851],[105.840788,20.972841],[105.840788,20.972831],[105.840788,20.972826],[105.840788,20.972816],[105.840788,20.972806],[105.840788,20.972796],[105.840783,20.97241],[105.840783,20.9724],[105.840783,20.97239],[105.840783,20.97238],[105.840783,20.97237],[105.840783,20.972365],[105.840783,20.972355],[105.840783,20.972345],[105.840783,20.972335],[105.840783,20.972325],[105.840783,20.97232],[105.840783,20.97231],[105.840783,20.9723],[105.840783,20.97229],[105.840783,20.97228],[105.840783,20.972275],[105.840783,20.972265],[105.840783,20.972255],[105.840783,20.972245],[105.840783,20.972234],[105.840783,20.972229],[105.840783,20.972219],[105.840783,20.972209],[105.840783,20.972199],[105.840783,20.972189],[105.840783,20.972179],[105.840783,20.972174],[105.840783,20.972164],[105.840783,20.972154],[105.840783,20.972144],[105.840783,20.972134],[105.840783,20.972129],[105.840783,20.972119],[105.840783,20.972109],[105.840783,20.972099],[105.840783,20.972089],[105.840783,20.972079],[105.840783,20.972074],[105.840783,20.972064],[105.840783,20.972054],[105.840783,20.972044],[105.840783,20.972034],[105.840783,20.972029],[105.840783,20.972019],[105.840788,20.972009],[105.840788,20.971999],[105.840788,20.971989],[105.840788,20.971979],[105.840788,20.971974],[105.840788,20.971964],[105.840788,20.971954],[105.840788,20.971944],[105.840788,20.971934],[105.840788,20.971929],[105.840788,20.971919],[105.840794,20.971909],[105.840794,20.971899],[105.840794,20.971889],[105.840794,20.971879],[105.840794,20.971874],[105.840794,20.971864],[105.840794,20.971859],[105.840794,20.971854],[105.840799,20.971844],[105.840799,20.971834],[105.840799,20.971829],[105.840799,20.971819],[105.840799,20.971809],[105.840799,20.971799],[105.840805,20.971789],[105.840805,20.971779],[105.840805,20.971774],[105.840805,20.971764],[105.84081,20.971754],[105.84081,20.971744],[105.84081,20.971734],[105.84081,20.971729],[105.84081,20.971719],[105.840815,20.971709],[105.840815,20.971699],[105.840815,20.971689],[105.840821,20.971684],[105.840821,20.971673],[105.840821,20.971663],[105.840821,20.971658],[105.840821,20.971653],[105.840826,20.971643],[105.840826,20.971638],[105.840826,20.971628],[105.840831,20.971618],[105.840831,20.971608],[105.840831,20.971598],[105.840837,20.971593],[105.840837,20.971583],[105.840837,20.971573],[105.840842,20.971563],[105.840842,20.971553],[105.840842,20.971548],[105.840847,20.971538],[105.840847,20.971528],[105.840847,20.971518],[105.840853,20.971508],[105.840853,20.971503],[105.840853,20.971493],[105.840858,20.971483],[105.840858,20.971473],[105.840864,20.971468],[105.840864,20.971458],[105.840864,20.971448],[105.840869,20.971438],[105.840869,20.971433],[105.840874,20.971423],[105.840874,20.971413],[105.840874,20.971403],[105.84088,20.971393],[105.84088,20.971388],[105.840885,20.971378],[105.840885,20.971368],[105.840885,20.971358],[105.84089,20.971353],[105.84089,20.971343],[105.840896,20.971333],[105.840896,20.971323],[105.840901,20.971318],[105.840901,20.971308],[105.840907,20.971298],[105.840907,20.971288],[105.840907,20.971283],[105.840912,20.971273],[105.840912,20.971263],[105.840917,20.971253],[105.840917,20.971248],[105.840923,20.971238],[105.840923,20.971228],[105.840928,20.971218],[105.840928,20.971213],[105.840928,20.971203],[105.840933,20.971193],[105.840933,20.971183],[105.840939,20.971178],[105.840939,20.971168],[105.840944,20.971158],[105.840944,20.971148],[105.840949,20.971143],[105.840949,20.971133],[105.840955,20.971122],[105.841545,20.969024],[105.841545,20.969019],[105.84155,20.969009],[105.84155,20.969004],[105.841556,20.968994],[105.841556,20.968984],[105.841561,20.968974],[105.841561,20.968969],[105.841566,20.968959],[105.841566,20.968949],[105.841566,20.968939],[105.841572,20.968934],[105.841572,20.968923],[105.841577,20.968913],[105.841577,20.968903],[105.841582,20.968898],[105.841582,20.968888],[105.841588,20.968878],[105.841588,20.968868],[105.841593,20.968863],[105.841593,20.968853],[105.841593,20.968843],[105.841599,20.968833],[105.841599,20.968828],[105.841604,20.968818],[105.841604,20.968808],[105.841609,20.968803],[105.841609,20.968793],[105.841615,20.968783],[105.841615,20.968773],[105.84162,20.968768],[105.84162,20.968758],[105.84162,20.968748],[105.841625,20.968738],[105.841625,20.968733],[105.841631,20.968723],[105.841631,20.968713],[105.841636,20.968703],[105.841636,20.968698],[105.841636,20.968688],[105.841641,20.968678],[105.841641,20.968668],[105.841647,20.968663],[105.841647,20.968653],[105.841652,20.968643],[105.841652,20.968633],[105.841658,20.968628],[105.841658,20.968618],[105.841658,20.968608],[105.841663,20.968598],[105.841663,20.968593],[105.841668,20.968583],[105.841668,20.968573],[105.841668,20.968563],[105.841674,20.968558],[105.841674,20.968548],[105.841679,20.968538],[105.841679,20.968528],[105.841684,20.968523],[105.841684,20.968513],[105.841684,20.968503],[105.84169,20.968493],[105.84169,20.968488],[105.841695,20.968478],[105.841695,20.968468],[105.841695,20.968458],[105.8417,20.968453],[105.8417,20.968443],[105.841706,20.968433],[105.841706,20.968423],[105.841706,20.968418],[105.841711,20.968408],[105.841711,20.968398],[105.841711,20.968388],[105.841717,20.968382],[105.841717,20.968372],[105.841717,20.968367],[105.841722,20.968362],[105.841722,20.968352],[105.841722,20.968347],[105.841727,20.968337],[105.841727,20.968327],[105.841727,20.968317],[105.841733,20.968312],[105.841733,20.968302],[105.841738,20.968292],[105.841738,20.968282],[105.841738,20.968277],[105.841743,20.968267],[105.841743,20.968257],[105.841743,20.968247],[105.841749,20.968242],[105.841749,20.968232],[105.841749,20.968222],[105.841754,20.968212],[105.841754,20.968202],[105.841754,20.968197],[105.841759,20.968187],[105.841759,20.968177],[105.841759,20.968167],[105.841765,20.968162],[105.841765,20.968152],[105.841765,20.968142],[105.84177,20.968132],[105.84177,20.968127],[105.84177,20.968117],[105.841776,20.968107],[105.841776,20.968097],[105.841776,20.968092],[105.841781,20.968082],[105.841781,20.968072],[105.841781,20.968062],[105.841781,20.968052],[105.841786,20.968047],[105.841786,20.968037],[105.841786,20.968027],[105.841792,20.968017],[105.841792,20.968012],[105.841792,20.968002],[105.841792,20.967992],[105.841797,20.967982],[105.841797,20.967977],[105.841797,20.967967],[105.841802,20.967957],[105.841802,20.967947],[105.841802,20.967937],[105.841802,20.967932],[105.841808,20.967922],[105.841808,20.967912],[105.841808,20.967902],[105.841808,20.967897],[105.841813,20.967887],[105.841813,20.967877],[105.841813,20.967867],[105.841813,20.967857],[105.841818,20.967852],[105.841818,20.967842],[105.841818,20.967831],[105.841818,20.967821],[105.841824,20.967816],[105.841824,20.967806],[105.841824,20.967796],[105.841824,20.967786],[105.841829,20.967776],[105.841829,20.967771],[105.841829,20.967761],[105.841835,20.967741],[105.841835,20.967736],[105.841835,20.967726],[105.841835,20.967716],[105.841835,20.967706],[105.84184,20.967696],[105.84184,20.967691],[105.84184,20.967681],[105.84184,20.967671],[105.84184,20.967661],[105.841845,20.967656],[105.841845,20.967646],[105.841845,20.967636],[105.841845,20.967626],[105.841845,20.967616],[105.841851,20.967611],[105.841851,20.967601],[105.841851,20.967591],[105.841851,20.967581],[105.841851,20.967571],[105.841856,20.967566],[105.841856,20.967556],[105.841856,20.967546],[105.841856,20.967536],[105.841856,20.967531],[105.841856,20.967521],[105.841861,20.967511],[105.841861,20.967501],[105.841861,20.967491],[105.841861,20.967486],[105.841861,20.967476],[105.841861,20.967466],[105.841867,20.967456],[105.841867,20.967446],[105.841867,20.967441],[105.841867,20.967431],[105.841867,20.967421],[105.841867,20.967411],[105.841867,20.967406],[105.841872,20.967396],[105.841872,20.967386],[105.841872,20.967376],[105.841872,20.967366],[105.841872,20.967361],[105.841872,20.967351],[105.841872,20.967341],[105.841872,20.967331],[105.841877,20.967321],[105.841877,20.967316],[105.841877,20.967306],[105.841877,20.967295],[105.841877,20.967285],[105.841877,20.967275],[105.841877,20.96727],[105.841877,20.96726],[105.841877,20.96725],[105.841883,20.96724],[105.841883,20.96723],[105.841883,20.967225],[105.841883,20.967215],[105.841883,20.967205],[105.841883,20.967195],[105.841883,20.96719],[105.841883,20.96718],[105.841883,20.96717],[105.841883,20.96716],[105.841883,20.96715],[105.841883,20.967145],[105.841888,20.967135],[105.841888,20.967125],[105.841888,20.967115],[105.841888,20.967105],[105.841888,20.9671],[105.841888,20.96709],[105.841888,20.96708],[105.841888,20.96707],[105.841888,20.96706],[105.841888,20.967055],[105.841888,20.967045],[105.841888,20.967035],[105.841888,20.967025],[105.841888,20.967015],[105.841888,20.96701],[105.841888,20.967],[105.841888,20.96699],[105.841888,20.96698],[105.841894,20.96697],[105.841894,20.966965],[105.841894,20.966955],[105.841894,20.966945],[105.841894,20.966935],[105.841894,20.966925],[105.841894,20.96692],[105.841894,20.96691],[105.841894,20.9669],[105.841894,20.96689],[105.841894,20.96688],[105.841894,20.966875],[105.841894,20.966865],[105.841894,20.966855],[105.841894,20.966845],[105.841894,20.966835],[105.841894,20.96683],[105.841894,20.96682],[105.841894,20.96681],[105.841894,20.9668],[105.841894,20.96679],[105.841894,20.966785],[105.841894,20.966775],[105.841894,20.966765],[105.841894,20.966755],[105.841894,20.966744],[105.841894,20.966739],[105.841894,20.966729],[105.841894,20.966719],[105.841894,20.966709],[105.841894,20.966699],[105.841894,20.966694],[105.841894,20.966684],[105.841894,20.966674],[105.841894,20.966664],[105.841894,20.966654],[105.841894,20.966649],[105.841894,20.966639],[105.841894,20.966629],[105.841894,20.966619],[105.841894,20.966609],[105.841894,20.966604],[105.841894,20.966594],[105.841894,20.966584],[105.841894,20.966574],[105.841894,20.966564],[105.841588,20.963969],[105.841566,20.963719],[105.841556,20.963468],[105.841556,20.962376],[105.841556,20.962366],[105.841556,20.962356],[105.841556,20.962346],[105.841556,20.962341],[105.841556,20.962331],[105.841556,20.962321],[105.841556,20.962311],[105.841556,20.962301],[105.841556,20.962296],[105.841556,20.962286],[105.841556,20.962276],[105.841556,20.962266],[105.841556,20.962256],[105.841556,20.962251],[105.841556,20.962241],[105.841556,20.962231],[105.841556,20.962221],[105.841556,20.962211],[105.841556,20.962201],[105.841556,20.962196],[105.841556,20.962186],[105.841556,20.962176],[105.841556,20.962166],[105.841556,20.962156],[105.841556,20.962146],[105.841556,20.962141],[105.841556,20.962131],[105.841556,20.962121],[105.841556,20.962111],[105.841556,20.962101],[105.841556,20.962091],[105.841556,20.962086],[105.841556,20.962076],[105.841556,20.962066],[105.841556,20.962056],[105.841556,20.962046],[105.841561,20.962036],[105.841561,20.962031],[105.841561,20.962021],[105.841561,20.962011],[105.841561,20.962001],[105.841561,20.961991],[105.841561,20.961981],[105.841561,20.961971],[105.841561,20.961966],[105.841561,20.961956],[105.841561,20.961946],[105.841561,20.961936],[105.841561,20.961926],[105.841561,20.961916],[105.841561,20.961905],[105.841561,20.9619],[105.841561,20.96189],[105.841561,20.96188],[105.841561,20.96187],[105.841561,20.96186],[105.841561,20.96185],[105.841561,20.96184],[105.841561,20.96183],[105.841561,20.961825],[105.841561,20.961815],[105.841561,20.961805],[105.841566,20.961795],[105.841566,20.961785],[105.841566,20.961775],[105.841566,20.961765],[105.841566,20.961755],[105.841566,20.96175],[105.841566,20.96174],[105.841566,20.96173],[105.841566,20.96172],[105.841566,20.96171],[105.841566,20.9617],[105.841566,20.96169],[105.841566,20.96168],[105.841566,20.96167],[105.841572,20.961665],[105.841572,20.961655],[105.841572,20.961645],[105.841572,20.961635],[105.841572,20.961625],[105.841572,20.961615],[105.841572,20.961605],[105.841572,20.961595],[105.841572,20.96159],[105.841577,20.96158],[105.841577,20.96157],[105.841577,20.96156],[105.841577,20.96155],[105.841577,20.96154],[105.841577,20.96153],[105.841577,20.96152],[105.841577,20.96151],[105.841577,20.961505],[105.841582,20.961495],[105.841582,20.961485],[105.841582,20.961475],[105.841582,20.961465],[105.841582,20.961455],[105.841582,20.961445],[105.841582,20.961435],[105.841588,20.961425],[105.841588,20.96142],[105.841588,20.96141],[105.841588,20.9614],[105.841588,20.96139],[105.841588,20.96138],[105.841593,20.961369],[105.841593,20.961359],[105.841593,20.961349],[105.841593,20.961339],[105.841593,20.961334],[105.841593,20.961324],[105.841599,20.961314],[105.841599,20.961304],[105.841599,20.961294],[105.841599,20.961284],[105.841599,20.961274],[105.841604,20.961264],[105.841604,20.961259],[105.841604,20.961249],[105.841604,20.961239],[105.841604,20.961229],[105.841604,20.961219],[105.841609,20.961209],[105.841609,20.961199],[105.841609,20.961189],[105.841609,20.961184],[105.841615,20.961174],[105.841615,20.961164],[105.841615,20.961154],[105.841615,20.961144],[105.841615,20.961134],[105.84162,20.961124],[105.84162,20.961114],[105.84162,20.961109],[105.84162,20.961099],[105.841625,20.961089],[105.841625,20.961079],[105.841625,20.961069],[105.841625,20.961059],[105.841631,20.961049],[105.841631,20.961039]],[[105.841325,20.96184],[105.841325,20.961835],[105.841325,20.96183],[105.841325,20.96182],[105.841325,20.96181],[105.841325,20.9618],[105.84133,20.96179],[105.84133,20.96178],[105.84133,20.96177],[105.84133,20.96176],[105.84133,20.96175],[105.84133,20.961745],[105.84133,20.961735],[105.84133,20.961725],[105.84133,20.961715],[105.841336,20.961705],[105.841336,20.961695],[105.841336,20.961685],[105.841336,20.961675],[105.841336,20.961665],[105.841336,20.96166],[105.841336,20.96165],[105.841336,20.96164],[105.841341,20.96163],[105.841341,20.96162],[105.841341,20.96161],[105.841341,20.9616],[105.841341,20.96159],[105.841341,20.961585],[105.841346,20.961575],[105.841346,20.961565],[105.841346,20.961555],[105.841346,20.961545],[105.841346,20.961535],[105.841346,20.961525],[105.841352,20.961515],[105.841352,20.961505],[105.841352,20.9615],[105.841352,20.96149],[105.841352,20.96148],[105.841352,20.96147],[105.841357,20.96146],[105.841357,20.96145],[105.841357,20.96144],[105.841357,20.96143],[105.841357,20.961425],[105.841362,20.961415],[105.841362,20.961405],[105.841362,20.961395],[105.841362,20.961385],[105.841362,20.961374],[105.841368,20.961364],[105.841368,20.961354],[105.841368,20.961344],[105.841368,20.961339],[105.841373,20.961329],[105.841373,20.961319],[105.841373,20.961309],[105.841373,20.961299],[105.841373,20.961289],[105.841379,20.961279],[105.841379,20.961269],[105.841379,20.961264],[105.841379,20.961254],[105.841384,20.961244],[105.841384,20.961234],[105.841384,20.961224],[105.841384,20.961214],[105.841389,20.961204],[105.841389,20.961194],[105.841389,20.961189],[105.841389,20.961179],[105.841395,20.961169],[105.841395,20.961159],[105.841395,20.961149],[105.841395,20.961139],[105.8414,20.961129],[105.8414,20.961119],[105.8414,20.961114],[105.8414,20.961104],[105.841405,20.961094],[105.841405,20.961089],[105.841405,20.961084],[105.841405,20.961074],[105.841411,20.961064],[105.841411,20.961054],[105.841411,20.961049],[105.841411,20.961039],[105.841416,20.961029],[105.841416,20.961019],[105.841416,20.961009],[105.841421,20.960999],[105.841421,20.960989],[105.841421,20.960984],[105.841427,20.960974],[105.841427,20.960964],[105.841427,20.960954],[105.841427,20.960944],[105.841432,20.960934],[105.841432,20.960924],[105.841432,20.960919],[105.841438,20.960909],[105.841438,20.960899],[105.841438,20.960889],[105.841443,20.960879],[105.841443,20.960869],[105.841443,20.960864],[105.841448,20.960854],[105.841448,20.960843],[105.841448,20.960833],[105.841454,20.960823],[105.841454,20.960813],[105.841454,20.960808],[105.841459,20.960798],[105.841459,20.960788],[105.841459,20.960778],[105.841464,20.960768],[105.841464,20.960763],[105.841464,20.960753],[105.84147,20.960743],[105.84147,20.960733],[105.84147,20.960723],[105.841475,20.960713],[105.841475,20.960708],[105.841475,20.960698],[105.84148,20.960688],[105.84148,20.960678],[105.84148,20.960668],[105.841486,20.960663],[105.841486,20.960653],[105.841486,20.960643],[105.841491,20.960633],[105.841491,20.960623],[105.841491,20.960618],[105.841497,20.960608],[105.841497,20.960598],[105.841497,20.960588],[105.841502,20.960578],[105.841502,20.960573],[105.841502,20.960563],[105.841507,20.960553],[105.841507,20.960543],[105.841513,20.960533],[105.841513,20.960528],[105.841513,20.960518],[105.841518,20.960508],[105.841518,20.960498],[105.841518,20.960493],[105.841523,20.960483],[105.841523,20.960473],[105.841523,20.960463],[105.841529,20.960453],[105.841529,20.960448],[105.841529,20.960438],[105.841534,20.960428],[105.841534,20.960418],[105.841534,20.960413],[105.84154,20.960408],[105.8425,20.955864],[105.842714,20.954912]],[[105.841561,20.96184],[105.841561,20.961835],[105.841561,20.961825],[105.841561,20.961815],[105.841561,20.961805],[105.841566,20.961795],[105.841566,20.961785],[105.841566,20.961775],[105.841566,20.961765],[105.841566,20.961755],[105.841566,20.96175],[105.841566,20.96174],[105.841566,20.96173],[105.841566,20.96172],[105.841566,20.96171],[105.841566,20.9617],[105.841566,20.96169],[105.841566,20.96168],[105.841566,20.961675],[105.841572,20.961665],[105.841572,20.961655],[105.841572,20.961645],[105.841572,20.961635],[105.841572,20.961625],[105.841572,20.961615],[105.841572,20.961605],[105.841572,20.961595],[105.841572,20.96159],[105.841577,20.96158],[105.841577,20.96157],[105.841577,20.96156],[105.841577,20.96155],[105.841577,20.96154],[105.841577,20.96153],[105.841577,20.96152],[105.841577,20.96151],[105.841577,20.961505],[105.841582,20.961495],[105.841582,20.961485],[105.841582,20.961475],[105.841582,20.961465],[105.841582,20.961455],[105.841582,20.961445],[105.841582,20.961435],[105.841588,20.961425],[105.841588,20.96142],[105.841588,20.96141],[105.841588,20.9614],[105.841588,20.96139],[105.841588,20.96138],[105.841593,20.961369],[105.841593,20.961359],[105.841593,20.961349],[105.841593,20.961339],[105.841593,20.961334],[105.841593,20.961324],[105.841599,20.961314],[105.841599,20.961304],[105.841599,20.961294],[105.841599,20.961284],[105.841599,20.961274],[105.841604,20.961264],[105.841604,20.961259],[105.841604,20.961249],[105.841604,20.961239],[105.841604,20.961229],[105.841604,20.961219],[105.841609,20.961209],[105.841609,20.961199],[105.841609,20.961189],[105.841609,20.961184],[105.841615,20.961174],[105.841615,20.961164],[105.841615,20.961154],[105.841615,20.961144],[105.841615,20.961134],[105.84162,20.961124],[105.84162,20.961114],[105.84162,20.961109],[105.84162,20.961099],[105.841625,20.961089],[105.841625,20.961079],[105.841625,20.961069],[105.841625,20.961059],[105.841631,20.961049],[105.841631,20.961039],[105.841631,20.961034],[105.841631,20.961024],[105.841631,20.961014],[105.841636,20.961004],[105.841636,20.960994],[105.841636,20.960984],[105.841641,20.960974],[105.841641,20.960964],[105.841641,20.960959],[105.841641,20.960949],[105.841647,20.960939],[105.841647,20.960929],[105.841647,20.960919],[105.841647,20.960909],[105.841652,20.960904],[105.841652,20.960899],[105.841652,20.960889],[105.841652,20.960884],[105.841658,20.960874],[105.841658,20.960864],[105.841658,20.960854],[105.841658,20.960843],[105.841663,20.960833],[105.841663,20.960823],[105.841663,20.960818],[105.841668,20.960808],[105.841668,20.960798],[105.841668,20.960788],[105.841674,20.960778],[105.841674,20.960768],[105.841674,20.960758],[105.841674,20.960753],[105.841679,20.960743],[105.841679,20.960733],[105.841679,20.960723],[105.841684,20.960713],[105.841684,20.960703],[105.841684,20.960698],[105.84169,20.960688],[105.84169,20.960678],[105.84169,20.960668],[105.841695,20.960658],[105.841695,20.960648],[105.841695,20.960643],[105.8417,20.960633],[105.8417,20.960623],[105.8417,20.960613],[105.841706,20.960603],[105.841706,20.960593],[105.841706,20.960588],[105.841711,20.960578],[105.841711,20.960568],[105.841711,20.960558],[105.841717,20.960548],[105.841717,20.960543],[105.841717,20.960533],[105.841722,20.960523],[105.841722,20.960513],[105.841722,20.960503],[105.841727,20.960498],[105.841727,20.960488],[105.841727,20.960478],[105.841733,20.960468],[105.841733,20.960458],[105.841733,20.960448],[105.841738,20.960443],[105.841738,20.960433],[105.841738,20.960423],[105.841743,20.960413],[105.841743,20.960408],[105.841743,20.960398],[105.841749,20.960388],[105.841749,20.960378],[105.841754,20.960368],[105.841754,20.960363],[105.841754,20.960353],[105.841759,20.960343],[105.841759,20.960333],[105.841759,20.960323],[105.841765,20.960318],[105.841765,20.960307],[105.841765,20.960297],[105.84177,20.960287],[105.84177,20.960282],[105.84177,20.960272],[105.841776,20.960262],[105.841776,20.960252],[105.841776,20.960242],[105.841781,20.960237],[105.841781,20.960227],[105.841781,20.960222],[105.842714,20.955824]],[[105.842714,20.934487],[105.841824,20.933254],[105.841738,20.933124],[105.841658,20.932988],[105.841582,20.932848],[105.841518,20.932703],[105.841464,20.932553],[105.841035,20.931135],[105.840708,20.929692],[105.840483,20.928234],[105.840359,20.92676],[105.840338,20.925287],[105.841277,20.922326],[105.841325,20.922156],[105.841357,20.92198],[105.841384,20.921805],[105.841395,20.92163],[105.841395,20.921454],[105.841384,20.921279],[105.841244,20.919996]],[[105.842714,20.93396],[105.842071,20.933074],[105.841979,20.932938],[105.841899,20.932803],[105.841829,20.932663],[105.841765,20.932518],[105.841706,20.932372],[105.841282,20.930949],[105.840955,20.929506],[105.840729,20.928048],[105.840606,20.92658],[105.840579,20.925102],[105.841523,20.922141],[105.841566,20.92197],[105.841604,20.921795],[105.841631,20.921625],[105.841641,20.921444],[105.841641,20.921269],[105.841625,20.921093],[105.841507,20.919996]],[[105.84133,20.920798],[105.841164,20.919264],[105.841153,20.919094],[105.841153,20.918929],[105.841164,20.918763],[105.84118,20.918598],[105.841212,20.918433],[105.841255,20.918267],[105.841309,20.918107],[105.841373,20.917952],[105.842714,20.91492]],[[105.841593,20.920798],[105.841411,20.919079],[105.8414,20.918914],[105.841395,20.918743],[105.841405,20.918578],[105.841427,20.918413],[105.841459,20.918247],[105.841502,20.918082],[105.841556,20.917927],[105.841615,20.917766],[105.842714,20.915291]],[[105.842714,20.856125],[105.822984,20.845141],[105.819883,20.843331]],[[105.864687,21.302754],[105.861157,21.289274],[105.861066,21.288974]],[[105.864687,21.301635],[105.861399,21.289089],[105.861366,21.288974]],[[105.842307,21.2693],[105.841856,21.268795]],[[105.842054,21.248022],[105.841856,21.248192]],[[105.842714,21.2693],[105.841856,21.268335]],[[105.842087,21.248022],[105.841856,21.248222]],[[105.861286,21.289774],[105.861157,21.289274],[105.860986,21.288705],[105.860771,21.288145],[105.860524,21.2876],[105.86024,21.28707],[105.859918,21.286565],[105.859559,21.286075],[105.859167,21.285611],[105.858743,21.285171],[105.858293,21.284756],[105.849012,21.276818],[105.841856,21.268795]],[[105.861581,21.289774],[105.861399,21.289089],[105.861227,21.28852],[105.861018,21.28796],[105.860771,21.287415],[105.860481,21.28689],[105.860159,21.28638],[105.859805,21.28589],[105.859414,21.285426],[105.85899,21.284986],[105.858539,21.284571],[105.849259,21.276638],[105.842001,21.2685]],[[105.854833,21.236997],[105.854693,21.237097],[105.854446,21.237297],[105.841856,21.248192]],[[105.854833,21.236997],[105.854693,21.237112],[105.841856,21.248222]],[[105.864687,21.235887],[105.857939,21.235912],[105.857617,21.235927],[105.857295,21.235957],[105.856973,21.236012],[105.856656,21.236082],[105.856351,21.236172],[105.856045,21.236287],[105.855755,21.236417],[105.855471,21.236562],[105.855197,21.236732],[105.85494,21.236912],[105.854833,21.236997]],[[105.864687,21.236072],[105.857692,21.236097],[105.85737,21.236107],[105.857048,21.236142],[105.856726,21.236192],[105.85641,21.236267],[105.856104,21.236357],[105.855798,21.236467],[105.855508,21.236602],[105.855224,21.236747],[105.854951,21.236912],[105.854833,21.236997]],[[105.853803,21.187373],[105.856876,21.185057],[105.857204,21.184827],[105.857547,21.184617],[105.857906,21.184432],[105.858276,21.184272],[105.858657,21.184132],[105.864687,21.182176]],[[105.841856,21.196381],[105.854865,21.186573]],[[105.864687,21.04648],[105.862901,21.046055],[105.862675,21.045995],[105.862455,21.045924],[105.862235,21.045844],[105.855219,21.043091]],[[105.864687,21.04624],[105.863142,21.045869],[105.862922,21.045809],[105.862702,21.045739],[105.862482,21.045659],[105.855932,21.043091]],[[105.857257,21.043892],[105.849913,21.041008],[105.84971,21.040938],[105.8495,21.040873],[105.848138,21.040477],[105.847982,21.040427],[105.847832,21.040367],[105.847692,21.040297],[105.847553,21.040222],[105.847419,21.040137],[105.84729,21.040042],[105.847172,21.039941],[105.847059,21.039831],[105.846952,21.039716],[105.846861,21.039591],[105.84677,21.039466],[105.846695,21.039331],[105.846625,21.03919],[105.846571,21.03905],[105.846523,21.038905],[105.846485,21.03876],[105.845708,21.03509],[105.845026,21.03177],[105.845021,21.03176],[105.845021,21.03175],[105.845021,21.031745],[105.845016,21.031735],[105.845016,21.031725],[105.845016,21.031715],[105.84501,21.031705],[105.84501,21.0317],[105.845005,21.03169],[105.845005,21.03168],[105.845005,21.03167],[105.845,21.031665],[105.845,21.031655],[105.845,21.031645],[105.844994,21.031635],[105.844994,21.03163],[105.844994,21.03162],[105.844989,21.03161],[105.844989,21.0316],[105.844989,21.03159],[105.844983,21.031585],[105.844983,21.031575],[105.844978,21.031565],[105.844978,21.031555],[105.844978,21.03155],[105.844973,21.03154],[105.844973,21.03153],[105.844973,21.03152],[105.844967,21.031515],[105.844967,21.031505],[105.844962,21.031495],[105.844962,21.031485],[105.844962,21.03148],[105.844957,21.03147],[105.844957,21.03146],[105.844951,21.03145],[105.844951,21.031445],[105.844951,21.031435],[105.844946,21.031425],[105.844946,21.031415],[105.844941,21.03141],[105.844941,21.0314],[105.844935,21.03139],[105.844935,21.03138],[105.844935,21.031375],[105.84493,21.031365],[105.84493,21.031355],[105.844924,21.03135],[105.844924,21.03134],[105.844919,21.03133],[105.844919,21.03132],[105.844914,21.031315],[105.844914,21.031305],[105.844908,21.031295],[105.844908,21.031284],[105.844903,21.031279],[105.844903,21.031269],[105.844898,21.031259],[105.844898,21.031254],[105.844892,21.031244],[105.844892,21.031234],[105.844887,21.031224],[105.844887,21.031219],[105.844882,21.031214],[105.844882,21.031209],[105.844876,21.031199],[105.844876,21.031194],[105.844871,21.031184],[105.844871,21.031174],[105.844865,21.031169],[105.844865,21.031159],[105.84486,21.031149],[105.844855,21.031144],[105.844855,21.031134],[105.844849,21.031124],[105.844844,21.031119],[105.844844,21.031109],[105.844839,21.031099],[105.844839,21.031094],[105.844833,21.031084],[105.844828,21.031074],[105.844828,21.031069],[105.844823,21.031059],[105.844817,21.031049],[105.844817,21.031044],[105.844812,21.031034],[105.844806,21.031024],[105.844801,21.031019],[105.844801,21.031009],[105.844796,21.030999],[105.84479,21.030994],[105.84479,21.030984],[105.844785,21.030974],[105.84478,21.030969],[105.844774,21.030959],[105.844774,21.030954],[105.844769,21.030944],[105.844764,21.030934],[105.844758,21.030929],[105.844758,21.030919],[105.844753,21.030914],[105.844747,21.030904],[105.844742,21.030894],[105.844737,21.030889],[105.844737,21.030879],[105.844731,21.030874],[105.844726,21.030864],[105.844721,21.030854],[105.844715,21.030849],[105.84471,21.030839],[105.84471,21.030834],[105.844705,21.030824],[105.844699,21.030819],[105.844694,21.030809],[105.844688,21.030799],[105.844683,21.030794],[105.844678,21.030784],[105.844672,21.030779],[105.844672,21.030769],[105.844667,21.030764],[105.844662,21.030754],[105.844656,21.030749],[105.844651,21.030739],[105.844646,21.030734],[105.84464,21.030724],[105.844635,21.030719],[105.844629,21.030709],[105.844624,21.030699],[105.844619,21.030694],[105.844613,21.030684],[105.844608,21.030679],[105.844603,21.030669],[105.844597,21.030664],[105.844592,21.030654],[105.844586,21.030649],[105.844581,21.030644],[105.844576,21.030634],[105.84457,21.030629],[105.844565,21.030619],[105.84456,21.030614],[105.844554,21.030604],[105.844549,21.030599],[105.844544,21.030589],[105.844538,21.030584],[105.844533,21.030573],[105.844527,21.030568],[105.844522,21.030563],[105.844517,21.030553],[105.844511,21.030548],[105.844506,21.030538],[105.844501,21.030533],[105.844495,21.030523],[105.84449,21.030518],[105.844479,21.030513],[105.844474,21.030503],[105.844468,21.030498],[105.844463,21.030488],[105.844458,21.030483],[105.844452,21.030478],[105.844447,21.030468],[105.844442,21.030463],[105.844431,21.030453],[105.844426,21.030448],[105.84442,21.030443],[105.844415,21.030433],[105.844409,21.030428],[105.844404,21.030423],[105.844393,21.030413],[105.844388,21.030408],[105.844383,21.030403],[105.844377,21.030393],[105.844372,21.030388],[105.844361,21.030383],[105.844356,21.030373],[105.84435,21.030368],[105.844345,21.030363],[105.84434,21.030353],[105.844329,21.030348],[105.844324,21.030343],[105.844318,21.030338],[105.844313,21.030328],[105.844302,21.030323],[105.844297,21.030318],[105.844291,21.030313],[105.844291,21.030308],[105.844286,21.030303],[105.844275,21.030298],[105.84427,21.030293],[105.844265,21.030283],[105.844259,21.030278],[105.844249,21.030273],[105.844243,21.030268],[105.844238,21.030263],[105.844227,21.030253],[105.844222,21.030248],[105.844216,21.030243],[105.844211,21.030238],[105.8442,21.030228],[105.844195,21.030223],[105.84419,21.030218],[105.844179,21.030213],[105.844173,21.030208],[105.844168,21.030198],[105.844157,21.030193],[105.844152,21.030188],[105.844147,21.030183],[105.844136,21.030178],[105.844131,21.030173],[105.84412,21.030163],[105.844114,21.030158],[105.844109,21.030153],[105.844098,21.030148],[105.844093,21.030143],[105.844088,21.030138],[105.844077,21.030128],[105.844072,21.030123],[105.844066,21.030118],[105.844055,21.030113],[105.84405,21.030108],[105.844039,21.030103],[105.844034,21.030098],[105.844029,21.030093],[105.844018,21.030083],[105.844012,21.030078],[105.844002,21.030073],[105.843996,21.030068],[105.843991,21.030063],[105.84398,21.030058],[105.843975,21.030053],[105.843964,21.030048],[105.843959,21.030038],[105.843953,21.030033],[105.843943,21.030028],[105.843937,21.030023],[105.843927,21.030018],[105.843921,21.030013],[105.843916,21.030008],[105.843905,21.030003],[105.8439,21.029998],[105.843889,21.029988],[105.843884,21.029983],[105.843878,21.029978],[105.843868,21.029973],[105.843862,21.029968],[105.843852,21.029963],[105.843846,21.029958],[105.843835,21.029953],[105.84383,21.029948],[105.843825,21.029938],[105.843819,21.029938],[105.842071,21.028671],[105.842065,21.028666],[105.84206,21.028661],[105.842049,21.028656],[105.842044,21.028651],[105.842033,21.028641],[105.842028,21.028636],[105.842017,21.028631],[105.842012,21.028626],[105.842006,21.028621],[105.841995,21.028616],[105.84199,21.028611],[105.841979,21.028606],[105.841974,21.028601],[105.841969,21.028596],[105.841958,21.028586],[105.841953,21.028581],[105.841942,21.028576],[105.841936,21.028571],[105.841931,21.028566],[105.84192,21.028561],[105.841915,21.028556],[105.841904,21.028551],[105.841899,21.028546],[105.841894,21.028536],[105.841883,21.028531],[105.841877,21.028526],[105.841867,21.028521],[105.841861,21.028516],[105.841856,21.028511]],[[105.857971,21.043892],[105.850155,21.040828],[105.849951,21.040753],[105.849747,21.040687],[105.848379,21.040292],[105.848229,21.040242],[105.848079,21.040182],[105.847934,21.040117],[105.847794,21.040037],[105.84766,21.039951],[105.847537,21.039856],[105.847414,21.039756],[105.847301,21.039646],[105.847199,21.039531],[105.847102,21.039411],[105.847017,21.039281],[105.846941,21.039145],[105.846872,21.03901],[105.846813,21.038865],[105.846764,21.03872],[105.846732,21.038575],[105.845954,21.03491],[105.845268,21.03159],[105.845268,21.031585],[105.845268,21.031575],[105.845268,21.03157],[105.845262,21.03156],[105.845262,21.03155],[105.845262,21.03154],[105.845257,21.03153],[105.845257,21.031525],[105.845257,21.031515],[105.845252,21.031505],[105.845252,21.031495],[105.845246,21.03149],[105.845246,21.03148],[105.845246,21.03147],[105.845241,21.03146],[105.845241,21.031455],[105.845241,21.031445],[105.845236,21.031435],[105.845236,21.031425],[105.845236,21.03142],[105.84523,21.03141],[105.84523,21.0314],[105.84523,21.03139],[105.845225,21.03138],[105.845225,21.031375],[105.845219,21.031365],[105.845219,21.031355],[105.845219,21.031345],[105.845214,21.03134],[105.845214,21.03133],[105.845214,21.03132],[105.845209,21.03131],[105.845209,21.031305],[105.845203,21.031295],[105.845203,21.031284],[105.845203,21.031274],[105.845198,21.031269],[105.845198,21.031259],[105.845193,21.031249],[105.845193,21.031239],[105.845187,21.031234],[105.845187,21.031224],[105.845187,21.031214],[105.845182,21.031204],[105.845182,21.031199],[105.845177,21.031189],[105.845177,21.031179],[105.845171,21.031174],[105.845171,21.031164],[105.845166,21.031154],[105.845166,21.031144],[105.84516,21.031139],[105.84516,21.031129],[105.845155,21.031119],[105.845155,21.031109],[105.84515,21.031104],[105.84515,21.031094],[105.845144,21.031084],[105.845144,21.031079],[105.845139,21.031069],[105.845139,21.031059],[105.845134,21.031049],[105.845134,21.031044],[105.845128,21.031034],[105.845128,21.031029],[105.845128,21.031024],[105.845123,21.031019],[105.845123,21.031009],[105.845118,21.030999],[105.845112,21.030994],[105.845112,21.030984],[105.845107,21.030974],[105.845107,21.030969],[105.845101,21.030959],[105.845096,21.030949],[105.845096,21.030939],[105.845091,21.030934],[105.845091,21.030924],[105.845085,21.030914],[105.84508,21.030909],[105.84508,21.030899],[105.845075,21.030889],[105.845069,21.030884],[105.845069,21.030874],[105.845064,21.030864],[105.845059,21.030859],[105.845059,21.030849],[105.845053,21.030844],[105.845048,21.030834],[105.845042,21.030824],[105.845042,21.030819],[105.845037,21.030809],[105.845032,21.030799],[105.845032,21.030794],[105.845026,21.030784],[105.845021,21.030774],[105.845016,21.030769],[105.845016,21.030759],[105.84501,21.030754],[105.845005,21.030744],[105.845,21.030734],[105.844994,21.030729],[105.844994,21.030719],[105.844989,21.030714],[105.844983,21.030704],[105.844978,21.030694],[105.844973,21.030689],[105.844973,21.030679],[105.844967,21.030674],[105.844962,21.030664],[105.844957,21.030659],[105.844951,21.030649],[105.844946,21.030639],[105.844946,21.030634],[105.844941,21.030624],[105.844935,21.030619],[105.84493,21.030609],[105.844924,21.030604],[105.844919,21.030594],[105.844914,21.030584],[105.844908,21.030578],[105.844903,21.030568],[105.844898,21.030563],[105.844898,21.030553],[105.844892,21.030548],[105.844887,21.030538],[105.844882,21.030533],[105.844876,21.030523],[105.844871,21.030518],[105.844865,21.030508],[105.84486,21.030503],[105.844855,21.030493],[105.844849,21.030488],[105.844844,21.030478],[105.844839,21.030473],[105.844833,21.030463],[105.844828,21.030458],[105.844823,21.030448],[105.844817,21.030443],[105.844812,21.030433],[105.844806,21.030428],[105.844801,21.030418],[105.844796,21.030413],[105.84479,21.030408],[105.844785,21.030398],[105.84478,21.030393],[105.844774,21.030383],[105.844769,21.030378],[105.844764,21.030368],[105.844758,21.030363],[105.844747,21.030353],[105.844742,21.030348],[105.844737,21.030343],[105.844731,21.030333],[105.844726,21.030328],[105.844721,21.030318],[105.844715,21.030313],[105.84471,21.030308],[105.844705,21.030298],[105.844699,21.030293],[105.844688,21.030288],[105.844683,21.030278],[105.844678,21.030273],[105.844672,21.030263],[105.844667,21.030258],[105.844662,21.030253],[105.844651,21.030243],[105.844646,21.030238],[105.84464,21.030233],[105.844635,21.030223],[105.844629,21.030218],[105.844624,21.030213],[105.844613,21.030203],[105.844608,21.030198],[105.844603,21.030193],[105.844597,21.030183],[105.844592,21.030178],[105.844581,21.030173],[105.844576,21.030163],[105.84457,21.030158],[105.844565,21.030153],[105.844554,21.030148],[105.844549,21.030138],[105.844544,21.030133],[105.844538,21.030128],[105.844533,21.030123],[105.844527,21.030123],[105.844522,21.030113],[105.844517,21.030108],[105.844511,21.030103],[105.844501,21.030098],[105.844495,21.030088],[105.84449,21.030083],[105.844479,21.030078],[105.844474,21.030073],[105.844468,21.030063],[105.844463,21.030058],[105.844452,21.030053],[105.844447,21.030048],[105.844442,21.030043],[105.844431,21.030033],[105.844426,21.030028],[105.84442,21.030023],[105.844409,21.030018],[105.844404,21.030013],[105.844399,21.030003],[105.844388,21.029998],[105.844383,21.029993],[105.844377,21.029988],[105.844367,21.029983],[105.844361,21.029978],[105.84435,21.029968],[105.844345,21.029963],[105.84434,21.029958],[105.844329,21.029953],[105.844324,21.029948],[105.844318,21.029943],[105.844308,21.029933],[105.844302,21.029928],[105.844291,21.029923],[105.844286,21.029918],[105.844281,21.029913],[105.84427,21.029908],[105.844265,21.029903],[105.844259,21.029898],[105.844249,21.029888],[105.844243,21.029883],[105.844232,21.029877],[105.844227,21.029872],[105.844222,21.029867],[105.844211,21.029862],[105.844206,21.029857],[105.844195,21.029852],[105.84419,21.029842],[105.844184,21.029837],[105.844173,21.029832],[105.844168,21.029827],[105.844157,21.029822],[105.844152,21.029817],[105.844141,21.029812],[105.844136,21.029807],[105.844131,21.029802],[105.84412,21.029792],[105.844114,21.029787],[105.844104,21.029782],[105.844098,21.029777],[105.844093,21.029772],[105.844082,21.029767],[105.844077,21.029762],[105.844066,21.029757],[105.844066,21.029752],[105.842312,21.028486],[105.842312,21.028481],[105.842301,21.028476],[105.842296,21.02847],[105.842285,21.028465],[105.84228,21.02846],[105.842274,21.028455],[105.842264,21.02845],[105.842258,21.02844],[105.842248,21.028435],[105.842242,21.02843],[105.842232,21.028425],[105.842226,21.02842],[105.842221,21.028415],[105.84221,21.02841],[105.842205,21.028405],[105.842194,21.0284],[105.842189,21.02839],[105.842183,21.028385],[105.842173,21.02838],[105.842167,21.028375],[105.842156,21.02837],[105.842151,21.028365],[105.842146,21.02836],[105.842135,21.028355],[105.84213,21.02835],[105.842119,21.02834],[105.842113,21.028335],[105.842108,21.02833],[105.842097,21.028325],[105.842092,21.02832],[105.842081,21.028315],[105.842076,21.02831],[105.842071,21.028305],[105.84206,21.028295],[105.842054,21.02829],[105.842049,21.028285],[105.842038,21.02828],[105.842033,21.028275],[105.842022,21.02827],[105.842017,21.02826],[105.842012,21.028255],[105.842001,21.02825],[105.841995,21.028245],[105.84199,21.02824],[105.841979,21.028235],[105.841974,21.028225],[105.841969,21.02822],[105.841958,21.028215],[105.841953,21.02821],[105.841947,21.028205],[105.841936,21.0282],[105.841931,21.02819],[105.841926,21.028185],[105.841915,21.02818],[105.84191,21.028175],[105.841904,21.02817],[105.841894,21.02816],[105.841888,21.028155],[105.841883,21.02815],[105.841872,21.028145],[105.841872,21.02814],[105.841867,21.028135],[105.841861,21.02813],[105.841856,21.028125]],[[105.843589,20.94132],[105.843578,20.941255],[105.843573,20.94107],[105.843578,20.94089],[105.843599,20.940704],[105.844045,20.937548],[105.844061,20.937367],[105.844066,20.937187],[105.844061,20.937012],[105.844045,20.936831],[105.844012,20.936656],[105.84397,20.936481],[105.843911,20.93631],[105.843841,20.93614],[105.843766,20.93598],[105.843675,20.935819],[105.843573,20.935669],[105.841856,20.933299]],[[105.843857,20.94132],[105.843846,20.941255],[105.843825,20.94107],[105.843819,20.94089],[105.843825,20.940704],[105.843841,20.940524],[105.844286,20.937362],[105.844308,20.937187],[105.844313,20.937007],[105.844308,20.936826],[105.844286,20.936646],[105.844254,20.936471],[105.844211,20.936295],[105.844157,20.936125],[105.844088,20.93596],[105.844007,20.935794],[105.843916,20.935639],[105.843814,20.935484],[105.842071,20.933074],[105.841979,20.932938],[105.841899,20.932803],[105.841856,20.932718]],[[105.841856,20.916859],[105.843143,20.913953],[105.84316,20.913908],[105.848953,20.9014],[105.851271,20.89947]],[[105.841856,20.91723],[105.84339,20.913768],[105.843406,20.913727],[105.849195,20.901219],[105.851297,20.89947]],[[105.841856,20.9589],[105.8425,20.955864],[105.842832,20.954381],[105.843288,20.952222],[105.843337,20.951982],[105.843546,20.950589],[105.843868,20.949166],[105.844077,20.946836],[105.844152,20.945098],[105.84412,20.944627],[105.844061,20.944161],[105.84397,20.9437],[105.843862,20.943179],[105.843599,20.941441],[105.843578,20.941255],[105.843573,20.94107],[105.843578,20.94089],[105.843599,20.940704],[105.843626,20.940519]],[[105.841856,20.959877],[105.842746,20.955679],[105.843079,20.954201],[105.843535,20.952037],[105.843578,20.951796],[105.843793,20.950403],[105.844114,20.948986],[105.844318,20.946651],[105.844399,20.944913],[105.844367,20.944447],[105.844302,20.943976],[105.844216,20.943515],[105.844109,20.942999],[105.843846,20.941255],[105.843825,20.94107],[105.843819,20.94089],[105.843825,20.940704],[105.843841,20.940524],[105.843841,20.940519]],[[105.841856,20.967541],[105.841856,20.967536],[105.841856,20.967531],[105.841856,20.967521],[105.841861,20.967511],[105.841861,20.967501],[105.841861,20.967491],[105.841861,20.967486],[105.841861,20.967476],[105.841861,20.967466],[105.841861,20.967456],[105.841867,20.967446],[105.841867,20.967441],[105.841867,20.967431],[105.841867,20.967421],[105.841867,20.967411],[105.841867,20.967406],[105.841867,20.967396],[105.841872,20.967386],[105.841872,20.967376],[105.841872,20.967366],[105.841872,20.967361],[105.841872,20.967351],[105.841872,20.967341],[105.841872,20.967331],[105.841877,20.967321],[105.841877,20.967316],[105.841877,20.967306],[105.841877,20.967295],[105.841877,20.967285],[105.841877,20.967275],[105.841877,20.96727],[105.841877,20.96726],[105.841877,20.96725],[105.841877,20.96724],[105.841883,20.96723],[105.841883,20.967225],[105.841883,20.967215],[105.841883,20.967205],[105.841883,20.967195],[105.841883,20.96719],[105.841883,20.96718],[105.841883,20.96717],[105.841883,20.96716],[105.841883,20.96715],[105.841883,20.967145],[105.841888,20.967135],[105.841888,20.967125],[105.841888,20.967115],[105.841888,20.967105],[105.841888,20.9671],[105.841888,20.96709],[105.841888,20.96708],[105.841888,20.96707],[105.841888,20.96706],[105.841888,20.967055],[105.841888,20.967045],[105.841888,20.967035],[105.841888,20.967025],[105.841888,20.967015],[105.841888,20.96701],[105.841888,20.967],[105.841888,20.96699],[105.841888,20.96698],[105.841894,20.96697],[105.841894,20.966965],[105.841894,20.966955],[105.841894,20.966945],[105.841894,20.966935],[105.841894,20.966925],[105.841894,20.96692],[105.841894,20.96691],[105.841894,20.9669],[105.841894,20.96689],[105.841894,20.96688],[105.841894,20.966875],[105.841894,20.966865],[105.841894,20.966855],[105.841894,20.966845],[105.841894,20.966835],[105.841894,20.96683],[105.841894,20.96682],[105.841894,20.96681],[105.841894,20.9668],[105.841894,20.96679],[105.841894,20.966785],[105.841894,20.966775],[105.841894,20.966765],[105.841894,20.966755],[105.841894,20.966744],[105.841894,20.966739],[105.841894,20.966729],[105.841894,20.966719],[105.841894,20.966709],[105.841894,20.966699],[105.841894,20.966694],[105.841894,20.966684],[105.841894,20.966674],[105.841894,20.966664],[105.841894,20.966654],[105.841894,20.966649],[105.841894,20.966639],[105.841894,20.966629],[105.841894,20.966619],[105.841894,20.966609],[105.841894,20.966604],[105.841894,20.966594],[105.841894,20.966584],[105.841894,20.966574],[105.841894,20.966564],[105.841856,20.966239]],[[105.85031,20.900272],[105.854886,20.896464],[105.854908,20.896438],[105.854934,20.896418],[105.854951,20.896393],[105.854972,20.896368],[105.854988,20.896338],[105.855004,20.896313],[105.855015,20.896283],[105.855026,20.896253],[105.85649,20.891637],[105.856565,20.891367],[105.857107,20.889121],[105.857606,20.887412],[105.857928,20.8864],[105.85803,20.886054],[105.85811,20.885703],[105.858169,20.885347],[105.858507,20.882942],[105.858566,20.882621],[105.858641,20.8823],[105.858743,20.881989],[105.858867,20.881684],[105.859011,20.881388],[105.859172,20.881102],[105.860428,20.879052],[105.860497,20.878942]],[[105.850332,20.900272],[105.855128,20.896278],[105.855154,20.896258],[105.855176,20.896233],[105.855197,20.896208],[105.855219,20.896183],[105.855235,20.896158],[105.855251,20.896128],[105.855262,20.896098],[105.855272,20.896068],[105.856732,20.891457],[105.856807,20.891186],[105.857348,20.888936],[105.857847,20.887227],[105.858175,20.886214],[105.858271,20.885869],[105.858352,20.885518],[105.858411,20.885167],[105.858754,20.882756],[105.858808,20.882435],[105.858888,20.88212],[105.85899,20.881809],[105.859113,20.881503],[105.859253,20.881207],[105.859419,20.880917],[105.860626,20.878942]],[[105.863292,20.872977],[105.864156,20.870642],[105.86422,20.870461],[105.864269,20.870281],[105.864301,20.870095],[105.864328,20.86991],[105.864333,20.869724],[105.864328,20.869539],[105.864306,20.869348],[105.864274,20.869163],[105.864226,20.868982],[105.864167,20.868807],[105.864092,20.868632],[105.864006,20.868461],[105.863909,20.868296],[105.863802,20.86814],[105.863678,20.86799],[105.86355,20.86785],[105.863405,20.867719],[105.863255,20.867599],[105.863094,20.867484],[105.862927,20.867383],[105.846813,20.858411]],[[105.860004,20.879744],[105.860428,20.879052],[105.86127,20.877709],[105.861479,20.877353],[105.861661,20.876982],[105.861822,20.876606],[105.862536,20.874777],[105.862589,20.874647],[105.863287,20.872982],[105.863292,20.872977]],[[105.862729,20.874486],[105.863292,20.872977],[105.863453,20.872627],[105.863641,20.872276],[105.863947,20.871754],[105.864038,20.871594],[105.864113,20.871434],[105.864183,20.871263],[105.864242,20.871093],[105.86429,20.870917],[105.864596,20.869599],[105.864644,20.869424],[105.864687,20.869288]],[[105.860133,20.879744],[105.860669,20.878867],[105.861511,20.877524],[105.86172,20.877168],[105.861908,20.876797],[105.862069,20.876421],[105.862783,20.874596],[105.862836,20.874466],[105.863534,20.872802],[105.863695,20.872441],[105.863888,20.872095],[105.864193,20.871574],[105.864285,20.871414],[105.86436,20.871248],[105.864429,20.871078],[105.864483,20.870907],[105.864531,20.870732],[105.864687,20.87008]],[[105.848256,20.859213],[105.841856,20.855649]],[[105.864687,20.694733],[105.864317,20.694863]],[[105.864687,20.694632],[105.864049,20.694863]],[[105.864687,20.694733],[105.855181,20.69813]],[[105.864687,20.694632],[105.855428,20.697944]],[[105.86665,21.310246],[105.863829,21.299481]],[[105.866945,21.310246],[105.863829,21.298356]],[[105.868641,21.317837],[105.866441,21.309446]],[[105.868887,21.317652],[105.866736,21.309446]],[[105.88666,21.235672],[105.886413,21.235712],[105.885742,21.235782],[105.885072,21.235807],[105.863829,21.235892]],[[105.88666,21.235812],[105.886166,21.235897],[105.885501,21.235962],[105.88483,21.235987],[105.863829,21.236072]],[[105.863829,21.182451],[105.88299,21.176228],[105.883194,21.176153],[105.883398,21.176068],[105.883591,21.175973],[105.883779,21.175868],[105.883961,21.175748],[105.884138,21.175623],[105.88666,21.173662]],[[105.88666,21.055677],[105.884578,21.054981],[105.882749,21.054],[105.88174,21.053464],[105.881649,21.053419],[105.881553,21.053374],[105.879123,21.052293],[105.878956,21.052213],[105.878795,21.052132],[105.875035,21.05011],[105.874751,21.04997],[105.874461,21.04985],[105.871478,21.048703],[105.867739,21.047261],[105.867423,21.047151],[105.867106,21.047066],[105.863829,21.046275]],[[105.883269,21.053965],[105.88299,21.05382],[105.881982,21.053284],[105.881891,21.053234],[105.881799,21.053194],[105.879364,21.052107],[105.879203,21.052027],[105.879042,21.051947],[105.875276,21.049925],[105.874997,21.049784],[105.874708,21.049664],[105.87172,21.048518],[105.867986,21.047076],[105.86767,21.046966],[105.867348,21.046881],[105.863829,21.046035]],[[105.863829,20.871524],[105.864156,20.870642],[105.86422,20.870461],[105.864269,20.870281],[105.864301,20.870095],[105.864328,20.86991],[105.864333,20.869724],[105.864328,20.869539],[105.864306,20.869348],[105.864274,20.869163],[105.864226,20.868982],[105.864167,20.868807],[105.864092,20.868632],[105.864006,20.868461],[105.863909,20.868296],[105.863829,20.86818]],[[105.863829,20.87196],[105.863947,20.871754],[105.864038,20.871594],[105.864113,20.871434],[105.864183,20.871263],[105.864242,20.871093],[105.86429,20.870917],[105.864596,20.869599],[105.864644,20.869424],[105.864698,20.869253],[105.865754,20.86612],[105.86672,20.863253],[105.868362,20.858411]],[[105.863829,20.872195],[105.863888,20.872095],[105.864193,20.871574],[105.864285,20.871414],[105.86436,20.871248],[105.864429,20.871078],[105.864483,20.870907],[105.864531,20.870732],[105.864843,20.869419],[105.864891,20.869243],[105.864944,20.869068],[105.865996,20.865935],[105.866961,20.863068],[105.868544,20.858411]],[[105.868088,20.859213],[105.869628,20.854681],[105.869756,20.854275],[105.869858,20.853864],[105.870566,20.850746],[105.871688,20.845858],[105.872262,20.843306],[105.87312,20.839541],[105.873501,20.837877]],[[105.86827,20.859213],[105.869874,20.854501],[105.869998,20.85409],[105.870105,20.853679],[105.870813,20.85056],[105.871934,20.845673],[105.872503,20.843126],[105.873367,20.839361],[105.873705,20.837877]],[[105.873318,20.838679],[105.873565,20.837596],[105.873624,20.837375],[105.873694,20.83715],[105.87378,20.836934],[105.873882,20.836724],[105.873989,20.836513],[105.875502,20.833881],[105.877551,20.830246],[105.878983,20.827704],[105.879101,20.827493],[105.88055,20.824921],[105.880668,20.824711],[105.88255,20.821406],[105.882556,20.821406],[105.882556,20.821401],[105.882561,20.821396],[105.882561,20.821391],[105.882561,20.821386],[105.882567,20.821386],[105.882567,20.821381],[105.882572,20.821376],[105.882572,20.821371],[105.882572,20.821366],[105.882577,20.821366],[105.882577,20.821361],[105.882583,20.821356],[105.882583,20.821351],[105.882588,20.821351],[105.882588,20.821346],[105.882588,20.821341],[105.882593,20.821336],[105.882593,20.821331],[105.882599,20.821331],[105.882599,20.821326],[105.882599,20.821321],[105.882604,20.821316],[105.882604,20.821311],[105.882609,20.821311],[105.882609,20.821306],[105.882615,20.821301],[105.882615,20.821296],[105.88262,20.821291],[105.88262,20.821286],[105.882626,20.821281],[105.882626,20.821276],[105.882631,20.821271],[105.882631,20.821266],[105.882636,20.821261],[105.882636,20.821256],[105.882642,20.821251],[105.882642,20.821246],[105.882647,20.821241],[105.882652,20.821236],[105.882652,20.821231],[105.882652,20.821226],[105.882658,20.821226],[105.882658,20.821221],[105.882663,20.821216],[105.882663,20.821211],[105.882668,20.821206],[105.882668,20.821201],[105.882674,20.821196],[105.882674,20.821191],[105.882679,20.821186],[105.882679,20.821181],[105.882685,20.821176],[105.882685,20.821171],[105.88269,20.821166],[105.88269,20.821161],[105.882695,20.821156],[105.882695,20.821151],[105.882701,20.821146],[105.882701,20.821141],[105.882706,20.821136],[105.882706,20.821131],[105.882711,20.821131],[105.882711,20.821126],[105.882711,20.821121],[105.882717,20.821116],[105.882717,20.821111],[105.882722,20.821111],[105.882722,20.821106],[105.882722,20.821101],[105.882728,20.821095],[105.882728,20.82109],[105.882733,20.821085],[105.882733,20.82108],[105.882738,20.82108],[105.882738,20.821075],[105.882738,20.82107],[105.882744,20.821065],[105.882749,20.82106],[105.882749,20.821055],[105.882749,20.82105],[105.882754,20.82105],[105.882754,20.821045],[105.882754,20.82104],[105.88276,20.821035],[105.88276,20.82103],[105.882765,20.821025],[105.882765,20.82102],[105.88277,20.82102],[105.88277,20.821015],[105.88277,20.82101],[105.882776,20.821005],[105.882776,20.821],[105.882781,20.820995],[105.882781,20.82099],[105.882787,20.82099],[105.882787,20.820985],[105.882787,20.82098],[105.882792,20.820975],[105.882792,20.82097],[105.882797,20.820965],[105.882797,20.82096],[105.882803,20.820955],[105.882803,20.82095],[105.882803,20.820945],[105.882808,20.820945],[105.882808,20.82094],[105.882808,20.820935],[105.882813,20.82093],[105.882819,20.820925],[105.882819,20.82092],[105.882819,20.820915],[105.882824,20.820915],[105.882824,20.82091],[105.882824,20.820905],[105.882829,20.8209],[105.882829,20.820895],[105.882835,20.82089],[105.882835,20.820885],[105.88284,20.82088],[105.88284,20.820875],[105.882846,20.82087],[105.882846,20.820865],[105.882846,20.82086],[105.882851,20.82086],[105.882851,20.820855],[105.882851,20.82085],[105.882856,20.820845],[105.882856,20.82084],[105.882862,20.820835],[105.882964,20.820599],[105.883049,20.820358],[105.883114,20.820113],[105.883167,20.819862],[105.883205,20.819611],[105.883226,20.819361],[105.883226,20.819356],[105.883226,20.819351],[105.883226,20.819346],[105.883226,20.819341],[105.883226,20.819336],[105.883226,20.819331],[105.883226,20.819326],[105.883226,20.81932],[105.883226,20.819315],[105.883226,20.81931],[105.883226,20.819305],[105.883226,20.8193],[105.883226,20.819295],[105.883226,20.81929],[105.883226,20.819285],[105.883226,20.81928],[105.883226,20.819275],[105.883226,20.81927],[105.883226,20.819265],[105.883226,20.81926],[105.883226,20.819255],[105.883226,20.81925],[105.883226,20.819245],[105.883226,20.81924],[105.883226,20.819235],[105.883226,20.81923],[105.883226,20.819225],[105.883226,20.81922],[105.883226,20.819215],[105.883226,20.81921],[105.883226,20.819205],[105.883226,20.8192],[105.883226,20.819195],[105.883226,20.81919],[105.883226,20.819185],[105.883226,20.81918],[105.883226,20.819175],[105.883226,20.81917],[105.883226,20.819165],[105.883226,20.81916],[105.883226,20.819155],[105.883226,20.81915],[105.883226,20.819145],[105.883226,20.81914],[105.883226,20.819135],[105.883226,20.81913],[105.883226,20.819125],[105.883226,20.81912],[105.883226,20.819115],[105.883226,20.81911],[105.883226,20.819105],[105.883226,20.8191],[105.883226,20.819095],[105.883226,20.81909],[105.883226,20.819085],[105.883226,20.81908],[105.883226,20.819075],[105.883226,20.81907],[105.883226,20.819065],[105.883226,20.81906],[105.883226,20.819055],[105.883226,20.81905],[105.883226,20.819045],[105.883226,20.81904],[105.883226,20.819035],[105.883226,20.81903],[105.883226,20.819025],[105.883226,20.81902],[105.883226,20.819015],[105.883226,20.81901],[105.883226,20.819005],[105.883226,20.819],[105.883226,20.818995],[105.883226,20.81899],[105.883226,20.818985],[105.883226,20.81898],[105.883226,20.818975],[105.883226,20.818969],[105.883226,20.818964],[105.883226,20.818959],[105.883226,20.818954],[105.883226,20.818949],[105.883226,20.818944],[105.883226,20.818939],[105.883226,20.818934],[105.883226,20.818929],[105.883226,20.818924],[105.883226,20.818919],[105.883226,20.818914],[105.883226,20.818909],[105.883226,20.818904],[105.883226,20.818899],[105.883226,20.818894],[105.883226,20.818889],[105.883226,20.818884],[105.883221,20.818879],[105.883221,20.818874],[105.883221,20.818869],[105.883221,20.818864],[105.883221,20.818859],[105.883221,20.818854],[105.883221,20.818849],[105.883221,20.818844],[105.883221,20.818839],[105.883221,20.818834],[105.883221,20.818829],[105.883221,20.818824],[105.883221,20.818819],[105.883221,20.818814],[105.883221,20.818809],[105.883221,20.818804],[105.883221,20.818799],[105.883221,20.818794],[105.883221,20.818789],[105.883221,20.818784],[105.883221,20.818779],[105.883221,20.818774],[105.883221,20.818769],[105.883221,20.818764],[105.883221,20.818759],[105.883221,20.818754],[105.883221,20.818749],[105.883221,20.818744],[105.883221,20.818739],[105.883221,20.818734],[105.883216,20.818724],[105.88321,20.818513],[105.883167,20.81734]],[[105.873522,20.838679],[105.873812,20.837415],[105.873871,20.83719],[105.873941,20.836969],[105.874026,20.836749],[105.874123,20.836538],[105.874236,20.836333],[105.875743,20.8337],[105.877798,20.83006],[105.87923,20.827518],[105.879343,20.827308],[105.880796,20.824741],[105.880914,20.82453],[105.882797,20.821226],[105.882797,20.821221],[105.882803,20.821216],[105.882803,20.821211],[105.882808,20.821211],[105.882808,20.821206],[105.882808,20.821201],[105.882813,20.821196],[105.882813,20.821191],[105.882819,20.821191],[105.882819,20.821186],[105.882824,20.821181],[105.882824,20.821176],[105.882824,20.821171],[105.882829,20.821171],[105.882829,20.821166],[105.882835,20.821161],[105.882835,20.821156],[105.882835,20.821151],[105.88284,20.821151],[105.88284,20.821146],[105.882846,20.821141],[105.882846,20.821136],[105.882851,20.821136],[105.882851,20.821131],[105.882851,20.821126],[105.882856,20.821121],[105.882856,20.821116],[105.882862,20.821116],[105.882862,20.821111],[105.882862,20.821106],[105.882867,20.821101],[105.882872,20.821095],[105.882872,20.82109],[105.882872,20.821085],[105.882878,20.82108],[105.882883,20.821075],[105.882883,20.82107],[105.882888,20.821065],[105.882888,20.82106],[105.882894,20.821055],[105.882894,20.82105],[105.882899,20.821045],[105.882899,20.82104],[105.882905,20.821035],[105.882905,20.82103],[105.88291,20.82103],[105.88291,20.821025],[105.88291,20.82102],[105.882915,20.821015],[105.882921,20.82101],[105.882921,20.821005],[105.882921,20.821],[105.882926,20.821],[105.882926,20.820995],[105.882931,20.82099],[105.882931,20.820985],[105.882931,20.82098],[105.882937,20.82098],[105.882937,20.820975],[105.882942,20.82097],[105.882942,20.820965],[105.882947,20.82096],[105.882947,20.820955],[105.882947,20.82095],[105.882953,20.82095],[105.882953,20.820945],[105.882958,20.82094],[105.882958,20.820935],[105.882964,20.82093],[105.882964,20.820925],[105.882969,20.82092],[105.882969,20.820915],[105.882974,20.82091],[105.882974,20.820905],[105.882974,20.8209],[105.88298,20.8209],[105.88298,20.820895],[105.882985,20.82089],[105.882985,20.820885],[105.88299,20.82088],[105.88299,20.820875],[105.882996,20.82087],[105.882996,20.820865],[105.883001,20.82086],[105.883001,20.820855],[105.883006,20.82085],[105.883006,20.820845],[105.883006,20.82084],[105.883012,20.82084],[105.883012,20.820835],[105.883017,20.82083],[105.883017,20.820825],[105.883023,20.82082],[105.883023,20.820815],[105.883023,20.82081],[105.883028,20.82081],[105.883028,20.820805],[105.883033,20.8208],[105.883033,20.820795],[105.883039,20.82079],[105.883039,20.820785],[105.883039,20.82078],[105.883044,20.82078],[105.883044,20.820775],[105.883044,20.82077],[105.883049,20.820765],[105.883049,20.82076],[105.883055,20.820755],[105.883055,20.82075],[105.88306,20.820744],[105.88306,20.820739],[105.883065,20.820734],[105.883065,20.820729],[105.883071,20.820724],[105.883071,20.820719],[105.883076,20.820714],[105.883076,20.820709],[105.883082,20.820704],[105.883082,20.820699],[105.883082,20.820694],[105.883087,20.820694],[105.883087,20.820689],[105.883087,20.820684],[105.883092,20.820679],[105.883092,20.820674],[105.883098,20.820669],[105.883098,20.820664],[105.883103,20.820659],[105.883103,20.820654],[105.883103,20.820649],[105.883205,20.820414],[105.883291,20.820173],[105.883361,20.819927],[105.883414,20.819682],[105.883452,20.819426],[105.883468,20.819175],[105.883468,20.81917],[105.883468,20.819165],[105.883468,20.81916],[105.883468,20.819155],[105.883468,20.81915],[105.883473,20.819145],[105.883473,20.81914],[105.883473,20.819135],[105.883473,20.81913],[105.883473,20.819125],[105.883473,20.81912],[105.883473,20.819115],[105.883473,20.81911],[105.883473,20.819105],[105.883473,20.8191],[105.883473,20.819095],[105.883473,20.81909],[105.883473,20.819085],[105.883473,20.81908],[105.883473,20.819075],[105.883473,20.81907],[105.883473,20.819065],[105.883473,20.81906],[105.883473,20.819055],[105.883473,20.81905],[105.883473,20.819045],[105.883473,20.81904],[105.883473,20.819035],[105.883473,20.81903],[105.883473,20.819025],[105.883473,20.81902],[105.883473,20.819015],[105.883473,20.81901],[105.883473,20.819005],[105.883473,20.819],[105.883473,20.818995],[105.883473,20.81899],[105.883473,20.818985],[105.883473,20.81898],[105.883473,20.818975],[105.883473,20.818969],[105.883473,20.818964],[105.883473,20.818959],[105.883473,20.818954],[105.883473,20.818949],[105.883473,20.818944],[105.883473,20.818939],[105.883473,20.818934],[105.883473,20.818929],[105.883473,20.818924],[105.883473,20.818919],[105.883473,20.818914],[105.883473,20.818909],[105.883473,20.818904],[105.883473,20.818899],[105.883473,20.818894],[105.883473,20.818889],[105.883473,20.818884],[105.883473,20.818879],[105.883473,20.818874],[105.883473,20.818869],[105.883473,20.818864],[105.883473,20.818859],[105.883473,20.818854],[105.883473,20.818849],[105.883473,20.818844],[105.883473,20.818839],[105.883473,20.818834],[105.883473,20.818829],[105.883473,20.818824],[105.883473,20.818819],[105.883473,20.818814],[105.883473,20.818809],[105.883473,20.818804],[105.883473,20.818799],[105.883473,20.818794],[105.883473,20.818789],[105.883473,20.818784],[105.883473,20.818779],[105.883473,20.818774],[105.883473,20.818769],[105.883468,20.818769],[105.883468,20.818764],[105.883468,20.818759],[105.883468,20.818754],[105.883468,20.818749],[105.883468,20.818744],[105.883468,20.818739],[105.883468,20.818734],[105.883468,20.818729],[105.883468,20.818724],[105.883468,20.818719],[105.883468,20.818714],[105.883468,20.818709],[105.883468,20.818704],[105.883468,20.818699],[105.883468,20.818694],[105.883468,20.818689],[105.883468,20.818684],[105.883468,20.818679],[105.883468,20.818674],[105.883468,20.818669],[105.883468,20.818664],[105.883468,20.818659],[105.883468,20.818654],[105.883468,20.818649],[105.883468,20.818644],[105.883468,20.818639],[105.883468,20.818634],[105.883468,20.818629],[105.883468,20.818624],[105.883468,20.818619],[105.883468,20.818613],[105.883468,20.818608],[105.883468,20.818603],[105.883468,20.818598],[105.883462,20.818593],[105.883462,20.818588],[105.883462,20.818583],[105.883462,20.818578],[105.883462,20.818573],[105.883462,20.818568],[105.883462,20.818563],[105.883462,20.818558],[105.883462,20.818553],[105.883462,20.818548],[105.883462,20.818538],[105.883457,20.818333],[105.88342,20.81734]],[[105.8832,20.818142],[105.883092,20.815104],[105.88298,20.81226],[105.882974,20.812105],[105.882969,20.811939],[105.882969,20.811699],[105.88298,20.811443],[105.883001,20.811187],[105.883012,20.811092],[105.883023,20.811012],[105.883039,20.810871],[105.883076,20.810626],[105.883516,20.807888],[105.883532,20.807818],[105.883543,20.807752],[105.883548,20.807687],[105.883559,20.807622],[105.883586,20.807386],[105.883591,20.807246],[105.883597,20.807111],[105.883586,20.80693],[105.883575,20.806775],[105.883559,20.806604],[105.883473,20.805661],[105.883452,20.805421],[105.883441,20.805315],[105.883441,20.80531],[105.883441,20.805305],[105.883441,20.8053],[105.883441,20.805295],[105.883441,20.80529],[105.883441,20.805285],[105.883441,20.80528],[105.883441,20.805275],[105.883441,20.80527],[105.883441,20.805265],[105.883441,20.80526],[105.883441,20.805255],[105.883441,20.80525],[105.883436,20.805245],[105.883436,20.80524],[105.883436,20.805235],[105.883436,20.80523],[105.883436,20.805225],[105.883436,20.80522],[105.883436,20.805215],[105.883436,20.80521],[105.883436,20.805205],[105.883436,20.8052],[105.883436,20.805195],[105.883436,20.80519],[105.883436,20.805185],[105.883436,20.80518],[105.883436,20.805175],[105.883436,20.80517],[105.883436,20.805165],[105.883436,20.80516],[105.883436,20.805155],[105.883436,20.80515],[105.883436,20.805145],[105.883436,20.80514],[105.88343,20.805135],[105.88343,20.80513],[105.88343,20.805125],[105.88343,20.80512],[105.88343,20.805115],[105.88343,20.80511],[105.88343,20.805105],[105.88343,20.8051],[105.88343,20.805095],[105.88343,20.80509],[105.88343,20.805085],[105.88343,20.80508],[105.88343,20.805075],[105.88343,20.80507],[105.88343,20.805065],[105.88343,20.80506],[105.88343,20.805055],[105.88343,20.80505],[105.88343,20.805045],[105.88343,20.804969],[105.88343,20.804964],[105.88343,20.804959],[105.88343,20.804954],[105.88343,20.804949],[105.88343,20.804944],[105.88343,20.804939],[105.88343,20.804934],[105.88343,20.804929],[105.88343,20.804924],[105.88343,20.804919],[105.88343,20.804914],[105.88343,20.804909],[105.88343,20.804904],[105.88343,20.804899],[105.88343,20.804894],[105.88343,20.804884],[105.88343,20.804879],[105.88343,20.804874],[105.88343,20.804869],[105.88343,20.804864],[105.88343,20.804859],[105.88343,20.804854],[105.88343,20.804849],[105.883436,20.804844],[105.883436,20.804834],[105.883436,20.804829],[105.883436,20.804824],[105.883436,20.804819],[105.883436,20.804814],[105.883436,20.804809],[105.883436,20.804804],[105.883436,20.804799],[105.883436,20.804794],[105.883436,20.804789],[105.883436,20.804784],[105.883436,20.804779],[105.883436,20.804774],[105.883436,20.804769],[105.883436,20.804764],[105.883436,20.804759],[105.883436,20.804754],[105.883436,20.804749],[105.883436,20.804744],[105.883436,20.804739],[105.883436,20.804734],[105.883441,20.804729],[105.883441,20.804724],[105.883441,20.804719],[105.883441,20.804714],[105.883441,20.804709],[105.883441,20.804704],[105.883441,20.804699],[105.883441,20.804693],[105.883441,20.804688],[105.883441,20.804683],[105.883441,20.804678],[105.883441,20.804673],[105.883441,20.804668],[105.883441,20.804663],[105.883441,20.804658],[105.883441,20.804653],[105.883441,20.804648],[105.883446,20.804643],[105.883446,20.804638],[105.883446,20.804633],[105.883446,20.804628],[105.883446,20.804623],[105.883446,20.804618],[105.883446,20.804613],[105.883446,20.804608],[105.883446,20.804603],[105.883446,20.804598],[105.883446,20.804593],[105.883446,20.804588],[105.883446,20.804583],[105.883446,20.804578],[105.883446,20.804573],[105.883452,20.804568],[105.883452,20.804563],[105.883452,20.804558],[105.883452,20.804553],[105.883452,20.804548],[105.883452,20.804543],[105.883452,20.804538],[105.883452,20.804533],[105.883452,20.804528],[105.883452,20.804523],[105.883452,20.804518],[105.883452,20.804513],[105.883452,20.804508],[105.883457,20.804503],[105.883457,20.804498],[105.883457,20.804493],[105.883457,20.804488],[105.883457,20.804483],[105.883457,20.804478],[105.883457,20.804473],[105.883457,20.804468],[105.883457,20.804463],[105.883457,20.804458],[105.883457,20.804453],[105.883457,20.804448],[105.883462,20.804443],[105.883462,20.804438],[105.883462,20.804433],[105.883462,20.804428],[105.883462,20.804423],[105.883462,20.804418],[105.883462,20.804413],[105.883462,20.804408],[105.883462,20.804403],[105.883462,20.804398],[105.883462,20.804393],[105.883489,20.804072],[105.883511,20.803856],[105.883516,20.803816],[105.883516,20.803811],[105.883516,20.803806],[105.883516,20.803801],[105.883516,20.803796],[105.883516,20.803791],[105.883516,20.803786],[105.883516,20.803781],[105.883521,20.803776],[105.883521,20.803771],[105.883521,20.803766],[105.883521,20.803761],[105.883521,20.803756],[105.883521,20.803751],[105.883521,20.803746],[105.883521,20.803741],[105.883521,20.803736],[105.883521,20.803731],[105.883527,20.803726],[105.883527,20.803721],[105.883527,20.803716],[105.883527,20.803711],[105.883527,20.803706],[105.883527,20.803701],[105.883527,20.803696],[105.883527,20.803691],[105.883527,20.803686],[105.883527,20.803681],[105.883532,20.803676],[105.883532,20.803671],[105.883532,20.803665],[105.883532,20.80366],[105.883532,20.803655],[105.883532,20.80365],[105.883532,20.803645],[105.883538,20.80364],[105.883538,20.803635],[105.883538,20.80363],[105.883538,20.803625],[105.883538,20.80362],[105.883538,20.803615],[105.883538,20.80361],[105.883538,20.803605],[105.883543,20.8036],[105.883543,20.803595],[105.883543,20.80359],[105.883543,20.803585],[105.883543,20.80358],[105.883543,20.803575],[105.883543,20.80357],[105.883543,20.803565],[105.883548,20.80356],[105.883548,20.803555],[105.883548,20.80355],[105.883597,20.803284],[105.883666,20.803029],[105.883752,20.802773],[105.883854,20.802527],[105.883854,20.802522],[105.883859,20.802517],[105.883859,20.802512],[105.883859,20.802507],[105.883865,20.802502],[105.883865,20.802497],[105.88387,20.802492],[105.88387,20.802487],[105.883875,20.802482],[105.883875,20.802477],[105.883881,20.802472],[105.883881,20.802467],[105.883881,20.802462],[105.883886,20.802457],[105.883886,20.802452],[105.883892,20.802447],[105.883892,20.802442],[105.883892,20.802437],[105.883897,20.802437],[105.883897,20.802432],[105.883902,20.802427],[105.883902,20.802422],[105.883908,20.802417],[105.883908,20.802412],[105.883908,20.802407],[105.883913,20.802402],[105.883913,20.802397],[105.883918,20.802392],[105.883918,20.802387],[105.883924,20.802382],[105.883924,20.802377],[105.883929,20.802372],[105.883929,20.802367],[105.883929,20.802362],[105.883934,20.802357],[105.883934,20.802352],[105.88394,20.802352],[105.88394,20.802347],[105.883945,20.802342],[105.883945,20.802337],[105.883945,20.802332],[105.883951,20.802327],[105.883951,20.802322],[105.883956,20.802317],[105.883956,20.802312],[105.883961,20.802307],[105.883961,20.802301],[105.883967,20.802296],[105.883967,20.802291],[105.883967,20.802286],[105.883972,20.802286],[105.883972,20.802281],[105.883977,20.802276],[105.883977,20.802271],[105.883983,20.802266],[105.883983,20.802261],[105.883983,20.802256],[105.883988,20.802256],[105.883988,20.802251],[105.883994,20.802246],[105.883994,20.802241],[105.883994,20.802236],[105.883999,20.802231],[105.884004,20.802226],[105.884004,20.802221],[105.88401,20.802216],[105.88401,20.802211],[105.88401,20.802206],[105.884015,20.802201],[105.88402,20.802196],[105.88402,20.802191],[105.88402,20.802186],[105.884026,20.802181],[105.884031,20.802176],[105.884031,20.802171],[105.884031,20.802166],[105.884036,20.802161],[105.884036,20.802156],[105.884042,20.802156],[105.884042,20.802151],[105.884047,20.802146],[105.884047,20.802141],[105.884047,20.802136],[105.884053,20.802131],[105.884058,20.802126],[105.884058,20.802121],[105.884058,20.802116],[105.884063,20.802111],[105.884069,20.802106],[105.884069,20.802101],[105.884069,20.802096],[105.884074,20.802091],[105.884337,20.801599],[105.884417,20.801424],[105.884911,20.80024],[105.884959,20.80012],[105.885018,20.79999],[105.88608,20.797492],[105.886391,20.7968]],[[105.883452,20.818142],[105.883334,20.814923],[105.883226,20.81208],[105.883221,20.811919],[105.883216,20.811754],[105.88321,20.811513],[105.883221,20.811258],[105.883242,20.811002],[105.883253,20.810912],[105.883264,20.810826],[105.883285,20.810691],[105.883323,20.810445],[105.883763,20.807702],[105.883774,20.807632],[105.883784,20.807567],[105.883795,20.807502],[105.883806,20.807436],[105.883833,20.807201],[105.883838,20.807065],[105.883838,20.806925],[105.883833,20.806744],[105.883822,20.806589],[105.883806,20.806424],[105.88372,20.805481],[105.883693,20.805235],[105.883688,20.805135],[105.883688,20.80513],[105.883688,20.805125],[105.883688,20.80512],[105.883688,20.805115],[105.883688,20.80511],[105.883688,20.805105],[105.883688,20.8051],[105.883682,20.805095],[105.883682,20.80509],[105.883682,20.805085],[105.883682,20.80508],[105.883682,20.805075],[105.883682,20.80507],[105.883682,20.805065],[105.883682,20.80506],[105.883682,20.805055],[105.883682,20.80505],[105.883682,20.805045],[105.883682,20.80504],[105.883682,20.805034],[105.883682,20.805029],[105.883682,20.805024],[105.883682,20.805019],[105.883682,20.805014],[105.883682,20.805009],[105.883682,20.805004],[105.883677,20.804999],[105.883677,20.804994],[105.883677,20.804989],[105.883677,20.804984],[105.883677,20.804979],[105.883677,20.804974],[105.883677,20.804969],[105.883677,20.804964],[105.883677,20.804959],[105.883677,20.804954],[105.883677,20.804949],[105.883677,20.804944],[105.883677,20.804939],[105.883677,20.804934],[105.883677,20.804929],[105.883677,20.804924],[105.883677,20.804919],[105.883677,20.804914],[105.883677,20.804909],[105.883677,20.804904],[105.883677,20.804899],[105.883677,20.804894],[105.883677,20.804889],[105.883677,20.804884],[105.883677,20.804879],[105.883677,20.804874],[105.883677,20.804869],[105.883677,20.804864],[105.883677,20.804859],[105.883677,20.804784],[105.883677,20.804779],[105.883677,20.804774],[105.883677,20.804769],[105.883677,20.804764],[105.883677,20.804759],[105.883677,20.804754],[105.883677,20.804749],[105.883677,20.804744],[105.883677,20.804739],[105.883677,20.804734],[105.883677,20.804729],[105.883677,20.804724],[105.883677,20.804719],[105.883677,20.804714],[105.883677,20.804709],[105.883677,20.804704],[105.883677,20.804699],[105.883677,20.804693],[105.883677,20.804688],[105.883677,20.804683],[105.883677,20.804678],[105.883677,20.804673],[105.883677,20.804668],[105.883677,20.804663],[105.883677,20.804658],[105.883677,20.804653],[105.883677,20.804648],[105.883677,20.804643],[105.883677,20.804638],[105.883677,20.804633],[105.883677,20.804628],[105.883677,20.804623],[105.883677,20.804618],[105.883677,20.804613],[105.883682,20.804608],[105.883682,20.804603],[105.883682,20.804598],[105.883682,20.804593],[105.883682,20.804588],[105.883682,20.804583],[105.883682,20.804578],[105.883682,20.804573],[105.883682,20.804568],[105.883682,20.804563],[105.883682,20.804558],[105.883682,20.804553],[105.883682,20.804548],[105.883682,20.804543],[105.883682,20.804538],[105.883682,20.804533],[105.883682,20.804528],[105.883682,20.804523],[105.883682,20.804518],[105.883682,20.804513],[105.883688,20.804508],[105.883688,20.804503],[105.883688,20.804498],[105.883688,20.804493],[105.883688,20.804488],[105.883688,20.804483],[105.883688,20.804478],[105.883688,20.804473],[105.883688,20.804468],[105.883688,20.804463],[105.883688,20.804458],[105.883688,20.804453],[105.883688,20.804448],[105.883688,20.804443],[105.883688,20.804438],[105.883688,20.804433],[105.883693,20.804428],[105.883693,20.804423],[105.883693,20.804418],[105.883693,20.804413],[105.883693,20.804408],[105.883693,20.804403],[105.883693,20.804398],[105.883693,20.804393],[105.883693,20.804388],[105.883693,20.804383],[105.883693,20.804378],[105.883693,20.804373],[105.883693,20.804368],[105.883698,20.804363],[105.883698,20.804358],[105.883698,20.804352],[105.883698,20.804347],[105.883698,20.804342],[105.883698,20.804337],[105.883698,20.804332],[105.883698,20.804327],[105.883698,20.804322],[105.883698,20.804317],[105.883698,20.804312],[105.883698,20.804307],[105.883698,20.804302],[105.883698,20.804297],[105.883704,20.804292],[105.883704,20.804287],[105.883704,20.804282],[105.883704,20.804277],[105.883704,20.804272],[105.883704,20.804267],[105.883704,20.804262],[105.883704,20.804257],[105.883704,20.804252],[105.883704,20.804247],[105.883704,20.804242],[105.883704,20.804237],[105.883709,20.804232],[105.883709,20.804227],[105.883709,20.804222],[105.883709,20.804217],[105.883709,20.804212],[105.883709,20.804207],[105.883736,20.803891],[105.883757,20.803676],[105.883757,20.803635],[105.883757,20.80363],[105.883763,20.803625],[105.883763,20.80362],[105.883763,20.803615],[105.883763,20.80361],[105.883763,20.803605],[105.883763,20.8036],[105.883763,20.803595],[105.883763,20.80359],[105.883763,20.803585],[105.883763,20.80358],[105.883763,20.803575],[105.883768,20.80357],[105.883768,20.803565],[105.883768,20.80356],[105.883768,20.803555],[105.883768,20.80355],[105.883768,20.803545],[105.883768,20.80354],[105.883768,20.803535],[105.883768,20.80353],[105.883774,20.803525],[105.883774,20.80352],[105.883774,20.803515],[105.883774,20.80351],[105.883774,20.803505],[105.883774,20.8035],[105.883774,20.803495],[105.883774,20.80349],[105.883774,20.803485],[105.883779,20.80348],[105.883779,20.803475],[105.883779,20.80347],[105.883779,20.803465],[105.883779,20.80346],[105.883779,20.803455],[105.883779,20.80345],[105.883779,20.803445],[105.883784,20.80344],[105.883784,20.803435],[105.883784,20.80343],[105.883784,20.803425],[105.883784,20.80342],[105.883784,20.803415],[105.883784,20.80341],[105.883784,20.803405],[105.88379,20.8034],[105.88379,20.803395],[105.88379,20.80339],[105.88379,20.803385],[105.88379,20.80338],[105.88379,20.803375],[105.88379,20.80337],[105.883795,20.803365],[105.883843,20.803104],[105.883908,20.802843],[105.883994,20.802592],[105.884095,20.802342],[105.884101,20.802337],[105.884101,20.802332],[105.884106,20.802327],[105.884106,20.802322],[105.884112,20.802317],[105.884112,20.802312],[105.884117,20.802307],[105.884117,20.802301],[105.884117,20.802296],[105.884122,20.802291],[105.884122,20.802286],[105.884128,20.802281],[105.884128,20.802276],[105.884128,20.802271],[105.884133,20.802271],[105.884133,20.802266],[105.884138,20.802261],[105.884138,20.802256],[105.884138,20.802251],[105.884144,20.802246],[105.884144,20.802241],[105.884149,20.802236],[105.884149,20.802231],[105.884154,20.802226],[105.884154,20.802221],[105.884154,20.802216],[105.88416,20.802216],[105.88416,20.802211],[105.884165,20.802206],[105.884165,20.802201],[105.884165,20.802196],[105.884171,20.802191],[105.884171,20.802186],[105.884176,20.802181],[105.884176,20.802176],[105.884181,20.802171],[105.884181,20.802166],[105.884187,20.802161],[105.884187,20.802156],[105.884192,20.802151],[105.884192,20.802146],[105.884197,20.802141],[105.884197,20.802136],[105.884203,20.802131],[105.884203,20.802126],[105.884203,20.802121],[105.884208,20.802116],[105.884208,20.802111],[105.884213,20.802111],[105.884213,20.802106],[105.884219,20.802101],[105.884219,20.802096],[105.884219,20.802091],[105.884224,20.802086],[105.884224,20.802081],[105.88423,20.802081],[105.88423,20.802076],[105.88423,20.802071],[105.884235,20.802066],[105.884235,20.802061],[105.88424,20.802056],[105.88424,20.802051],[105.884246,20.802046],[105.884246,20.802041],[105.884251,20.802036],[105.884251,20.802031],[105.884256,20.802026],[105.884256,20.802021],[105.884262,20.802016],[105.884262,20.802011],[105.884267,20.802006],[105.884267,20.802001],[105.884272,20.801996],[105.884272,20.801991],[105.884278,20.801986],[105.884278,20.801981],[105.884283,20.801981],[105.884283,20.801976],[105.884283,20.801971],[105.884289,20.801966],[105.884289,20.80196],[105.884294,20.801955],[105.884294,20.80195],[105.884299,20.801945],[105.884299,20.80194],[105.884305,20.801935],[105.884305,20.80193],[105.88431,20.801925],[105.88431,20.80192],[105.884315,20.801915],[105.884315,20.80191],[105.884584,20.801419],[105.884664,20.801238],[105.885158,20.800055],[105.885206,20.79994],[105.88526,20.799804],[105.886327,20.797307],[105.886558,20.7968]],[[105.886037,20.797603],[105.88608,20.797492],[105.88666,20.796203]],[[105.886204,20.797603],[105.886327,20.797307],[105.88666,20.796565]],[[105.866565,20.69406],[105.863829,20.695039]],[[105.866291,20.69406],[105.863829,20.694943]],[[105.88666,20.69003],[105.88423,20.689443],[105.883618,20.689313],[105.882996,20.689227],[105.882368,20.689177],[105.88174,20.689172],[105.881107,20.689202],[105.880485,20.689278],[105.879868,20.689388],[105.879262,20.689544],[105.878667,20.689734],[105.864317,20.694863]],[[105.88666,20.689784],[105.884476,20.689258],[105.883859,20.689127],[105.883237,20.689042],[105.882609,20.688992],[105.881982,20.688987],[105.881354,20.689022],[105.880732,20.689092],[105.88011,20.689207],[105.879503,20.689358],[105.878908,20.689549],[105.864049,20.694863]],[[105.891032,21.233832],[105.890726,21.234062],[105.890168,21.234412],[105.889589,21.234732],[105.888982,21.235012],[105.888366,21.235247],[105.887727,21.235447],[105.887073,21.235602],[105.886413,21.235712],[105.885801,21.235777]],[[105.891032,21.233832],[105.891005,21.233857],[105.890479,21.234242],[105.889921,21.234597],[105.889342,21.234917],[105.888741,21.235192],[105.888119,21.235432],[105.88748,21.235627],[105.886826,21.235782],[105.886166,21.235897],[105.885801,21.235932]],[[105.894706,21.227542],[105.893955,21.229722],[105.89373,21.230312],[105.893456,21.230892],[105.893145,21.231447],[105.892791,21.231982],[105.8924,21.232492],[105.89197,21.232977],[105.891504,21.233432],[105.891032,21.233832]],[[105.894889,21.227542],[105.894202,21.229537],[105.893977,21.230132],[105.893703,21.230707],[105.893392,21.231262],[105.893038,21.231797],[105.892641,21.232307],[105.892212,21.232792],[105.89175,21.233247],[105.891252,21.233672],[105.891032,21.233832]],[[105.901723,21.207059],[105.894433,21.228342]],[[105.901905,21.207059],[105.89461,21.228342]],[[105.905129,21.186573],[105.905934,21.188703],[105.906127,21.189264],[105.906277,21.189839],[105.90639,21.190419],[105.90646,21.190999],[105.906492,21.191589],[105.906481,21.19218],[105.906428,21.192765],[105.906336,21.193345],[105.906202,21.19392],[105.906031,21.19449],[105.901449,21.207859]],[[105.905446,21.186573],[105.906181,21.188523],[105.906374,21.189083],[105.906524,21.189654],[105.906637,21.190234],[105.906706,21.190819],[105.906733,21.191404],[105.906723,21.191994],[105.906674,21.19258],[105.906578,21.193165],[105.906449,21.19374],[105.906272,21.194305],[105.901632,21.207859]],[[105.885801,21.174328],[105.896417,21.166084]],[[105.899009,21.166084],[105.898751,21.169485],[105.898746,21.16955],[105.898751,21.16961],[105.898756,21.16967],[105.898767,21.169735],[105.898783,21.169795],[105.898805,21.169851],[105.90543,21.187373]],[[105.899239,21.166084],[105.898992,21.1693],[105.898992,21.169365],[105.898992,21.169425],[105.899003,21.16949],[105.899014,21.16955],[105.89903,21.16961],[105.899046,21.16967],[105.905746,21.187373]],[[105.895388,21.166884],[105.896954,21.165668],[105.897142,21.165508],[105.897324,21.165333],[105.89749,21.165153],[105.897641,21.164958],[105.89778,21.164753],[105.897903,21.164543],[105.898011,21.164323],[105.898102,21.164098],[105.898172,21.163868],[105.898225,21.163632],[105.898268,21.163392],[105.898692,21.159865],[105.89874,21.15957],[105.89881,21.159275],[105.898896,21.158985],[105.899009,21.1587],[105.899137,21.158425],[105.899287,21.158159],[105.899454,21.157899],[105.899636,21.157654],[105.89984,21.157419],[105.90006,21.157199],[105.900291,21.156989],[105.903053,21.154707],[105.904142,21.153672],[105.908632,21.150235]],[[105.89933,21.161866],[105.898944,21.166884]],[[105.899572,21.161686],[105.89918,21.166884]],[[105.908632,21.077327],[105.895366,21.063597]],[[105.896139,21.064398],[105.8902,21.05825],[105.889878,21.057915],[105.889846,21.05788],[105.889814,21.05785],[105.889782,21.057815],[105.88975,21.05778],[105.889717,21.057749],[105.889685,21.057714],[105.889294,21.057349],[105.888886,21.056999],[105.888457,21.056678],[105.888006,21.056378],[105.887539,21.056097],[105.887496,21.056077],[105.887454,21.056052],[105.887416,21.056032],[105.887373,21.056007],[105.88733,21.055987],[105.887287,21.055962],[105.886901,21.055757],[105.885801,21.055392]],[[105.908632,21.124282],[105.907098,21.118667],[105.907055,21.118482],[105.907023,21.118297],[105.907007,21.118107],[105.907007,21.117922],[105.907018,21.117731],[105.907044,21.117546],[105.907087,21.117361],[105.907136,21.117181],[105.907205,21.117006],[105.907286,21.116831],[105.907377,21.116666],[105.907479,21.116505],[105.907597,21.11635],[105.90772,21.116205],[105.90786,21.11607],[105.908632,21.115349]],[[105.885801,20.798149],[105.88608,20.797492],[105.886391,20.7968]],[[105.885801,20.79854],[105.886327,20.797307],[105.886558,20.7968]],[[105.886037,20.797603],[105.88608,20.797492],[105.887534,20.794253],[105.887598,20.794117],[105.887673,20.793987],[105.887754,20.793856],[105.888999,20.792041],[105.888999,20.792036],[105.888999,20.792031],[105.889004,20.792031],[105.889004,20.792026],[105.889009,20.792021],[105.889009,20.792016],[105.889015,20.792016],[105.889015,20.792011],[105.88902,20.792006],[105.88902,20.792001],[105.889025,20.792001],[105.889025,20.791996],[105.889031,20.791991],[105.889031,20.791986],[105.889036,20.791986],[105.889036,20.791981],[105.889041,20.791976],[105.889041,20.791971],[105.889047,20.791971],[105.889047,20.791966],[105.889052,20.791961],[105.889052,20.791956],[105.889058,20.791956],[105.889058,20.791951],[105.889058,20.791946],[105.889063,20.791941],[105.889068,20.791936],[105.889068,20.791931],[105.889074,20.791926],[105.889079,20.791921],[105.889079,20.791916],[105.889084,20.791911],[105.88909,20.791906],[105.88909,20.791901],[105.889095,20.791896],[105.889095,20.791891],[105.8891,20.791886],[105.889106,20.791881],[105.889106,20.791876],[105.889111,20.791871],[105.889117,20.791865],[105.889117,20.79186],[105.889122,20.791855],[105.889122,20.79185],[105.889127,20.791845],[105.889127,20.79184],[105.889133,20.79184],[105.889133,20.791835],[105.889138,20.79183],[105.889143,20.791825],[105.889143,20.79182],[105.889149,20.791815],[105.889149,20.79181],[105.889154,20.791805],[105.889154,20.7918],[105.889159,20.7918],[105.889159,20.791795],[105.889165,20.79179],[105.88917,20.791785],[105.88917,20.79178],[105.88917,20.791775],[105.889176,20.791775],[105.889176,20.79177],[105.889181,20.791765],[105.889186,20.79176],[105.889186,20.791755],[105.889186,20.79175],[105.889192,20.79175],[105.889192,20.791745],[105.889197,20.79174],[105.889202,20.791735],[105.889202,20.79173],[105.889202,20.791725],[105.889208,20.791725],[105.889208,20.79172],[105.889213,20.791715],[105.889218,20.79171],[105.889218,20.791705],[105.889218,20.7917],[105.889224,20.7917],[105.889224,20.791695],[105.889229,20.79169],[105.889235,20.791685],[105.889235,20.79168],[105.889235,20.791675],[105.88924,20.791675],[105.88924,20.79167],[105.889245,20.791665],[105.889245,20.79166],[105.889251,20.791655],[105.889251,20.79165],[105.889256,20.79165],[105.889256,20.791645],[105.889256,20.79164],[105.889261,20.79164],[105.889261,20.791635],[105.889267,20.79163],[105.889267,20.791625],[105.889272,20.79162],[105.889272,20.791615],[105.889277,20.791615],[105.889277,20.79161],[105.889277,20.791605],[105.889283,20.791605],[105.889369,20.791454],[105.889444,20.791299],[105.889449,20.791294],[105.889449,20.791289],[105.889454,20.791284],[105.889454,20.791279],[105.88946,20.791274],[105.88946,20.791269],[105.88946,20.791264],[105.889465,20.791259],[105.889465,20.791254],[105.889471,20.791249],[105.889471,20.791244],[105.889471,20.791239],[105.889476,20.791239],[105.889476,20.791234],[105.889476,20.791229],[105.889481,20.791224],[105.889481,20.791219],[105.889487,20.791214],[105.889487,20.791209],[105.889492,20.791204],[105.889492,20.791198],[105.889492,20.791193],[105.889497,20.791188],[105.889497,20.791183],[105.889503,20.791178],[105.889503,20.791173],[105.889508,20.791168],[105.889508,20.791163],[105.889508,20.791158],[105.889513,20.791158],[105.889513,20.791153],[105.889513,20.791148],[105.889519,20.791143],[105.889519,20.791138],[105.889519,20.791133],[105.889524,20.791128],[105.889524,20.791123],[105.88953,20.791118],[105.88953,20.791113],[105.88953,20.791108],[105.889535,20.791103],[105.889535,20.791098],[105.88954,20.791093],[105.88954,20.791088],[105.889546,20.791083],[105.889546,20.791078],[105.889546,20.791073],[105.889551,20.791068],[105.889551,20.791063],[105.889551,20.791058],[105.889556,20.791053],[105.889556,20.791048],[105.889562,20.791043],[105.889562,20.791038],[105.889562,20.791033],[105.889567,20.791028],[105.889567,20.791023],[105.889573,20.791018],[105.889573,20.791013],[105.889573,20.791008],[105.889578,20.791008],[105.889578,20.791003],[105.889578,20.790998],[105.889583,20.790993],[105.889583,20.790988],[105.889583,20.790983],[105.889589,20.790978],[105.889589,20.790973],[105.889589,20.790968],[105.889594,20.790963],[105.889594,20.790958],[105.889599,20.790953],[105.889599,20.790948],[105.889599,20.790943],[105.889605,20.790943],[105.889605,20.790938],[105.889605,20.790933],[105.88961,20.790928],[105.88961,20.790923],[105.88961,20.790918],[105.889615,20.790918],[105.889615,20.790913],[105.889615,20.790908],[105.889615,20.790903],[105.889621,20.790898],[105.889621,20.790893],[105.889626,20.790888],[105.889626,20.790883],[105.889626,20.790878],[105.889632,20.790873],[105.889632,20.790867],[105.889637,20.790862],[105.889637,20.790857],[105.889637,20.790852],[105.889642,20.790847],[105.889642,20.790842],[105.889648,20.790837],[105.889648,20.790832],[105.889648,20.790827],[105.889653,20.790822],[105.890404,20.788982],[105.890549,20.788631],[105.891439,20.786444],[105.891611,20.786023],[105.892303,20.784328],[105.892539,20.783756],[105.892566,20.783681],[105.892614,20.78356],[105.893945,20.780265],[105.893977,20.780185],[105.894025,20.78006],[105.89513,20.77705],[105.895135,20.77704],[105.895135,20.777035],[105.895141,20.77703],[105.895141,20.777025],[105.895141,20.77702],[105.895146,20.777015],[105.895146,20.77701],[105.895146,20.777005],[105.895151,20.777],[105.895151,20.776995],[105.895151,20.77699],[105.895157,20.776985],[105.895157,20.77698],[105.895162,20.776975],[105.895162,20.77697],[105.895162,20.776965],[105.895162,20.77696],[105.895168,20.776955],[105.895168,20.77695],[105.895168,20.776945],[105.895173,20.77694],[105.895173,20.776935],[105.895178,20.77693],[105.895178,20.776925],[105.895178,20.77692],[105.895184,20.776915],[105.895184,20.77691],[105.895184,20.776905],[105.895189,20.7769],[105.895189,20.776895],[105.895194,20.77689],[105.895194,20.776885],[105.895194,20.77688],[105.895194,20.776875],[105.8952,20.77687],[105.8952,20.776865],[105.8952,20.77686],[105.895205,20.776855],[105.895205,20.77685],[105.895211,20.776845],[105.895211,20.77684],[105.895211,20.776835],[105.895216,20.77683],[105.895216,20.776825],[105.895216,20.77682],[105.895221,20.776815],[105.895221,20.77681],[105.895221,20.776805],[105.895227,20.776805],[105.895227,20.776799],[105.895232,20.776794],[105.895232,20.776789],[105.895232,20.776784],[105.895237,20.776779],[105.895237,20.776774],[105.895237,20.776769],[105.895243,20.776764],[105.895243,20.776759],[105.895243,20.776754],[105.895248,20.776749],[105.895248,20.776744],[105.895253,20.776739],[105.895253,20.776734],[105.895253,20.776729],[105.895259,20.776724],[105.895259,20.776719],[105.895264,20.776714],[105.895264,20.776709],[105.895264,20.776704],[105.89527,20.776699],[105.89527,20.776694],[105.89527,20.776689],[105.895275,20.776684],[105.895275,20.776679],[105.89528,20.776674],[105.89528,20.776669],[105.895286,20.776664],[105.895286,20.776659],[105.895286,20.776654],[105.895291,20.776649],[105.895291,20.776644],[105.895296,20.776639],[105.895296,20.776634],[105.895296,20.776629],[105.895302,20.776624],[105.895302,20.776619],[105.895307,20.776614],[105.895307,20.776609],[105.895307,20.776604],[105.895312,20.776599],[105.895312,20.776594],[105.895318,20.776589],[105.895318,20.776584],[105.895323,20.776584],[105.895323,20.776579],[105.895323,20.776574],[105.895329,20.776569],[105.895329,20.776564],[105.895334,20.776559],[105.895334,20.776554],[105.895334,20.776549],[105.895339,20.776544],[105.895339,20.776539],[105.895345,20.776534],[105.895345,20.776529],[105.89535,20.776524],[105.895447,20.776338],[105.8955,20.776258]],[[105.886204,20.797603],[105.886327,20.797307],[105.887775,20.794072],[105.887845,20.793937],[105.88792,20.793801],[105.888001,20.793671],[105.88924,20.791855],[105.889245,20.79185],[105.889251,20.791845],[105.889251,20.79184],[105.889256,20.791835],[105.889256,20.79183],[105.889261,20.791825],[105.889261,20.79182],[105.889267,20.79182],[105.889267,20.791815],[105.889272,20.79181],[105.889272,20.791805],[105.889277,20.791805],[105.889277,20.7918],[105.889283,20.791795],[105.889283,20.79179],[105.889288,20.79179],[105.889288,20.791785],[105.889294,20.79178],[105.889294,20.791775],[105.889299,20.791775],[105.889299,20.79177],[105.889304,20.791765],[105.889304,20.79176],[105.88931,20.79176],[105.88931,20.791755],[105.88931,20.79175],[105.889315,20.791745],[105.88932,20.79174],[105.88932,20.791735],[105.889326,20.79173],[105.889331,20.791725],[105.889331,20.79172],[105.889336,20.791715],[105.889342,20.79171],[105.889342,20.791705],[105.889347,20.791705],[105.889347,20.7917],[105.889347,20.791695],[105.889353,20.79169],[105.889358,20.791685],[105.889358,20.79168],[105.889363,20.791675],[105.889369,20.79167],[105.889369,20.791665],[105.889374,20.791665],[105.889374,20.79166],[105.889374,20.791655],[105.889379,20.79165],[105.889385,20.791645],[105.889385,20.79164],[105.88939,20.791635],[105.889395,20.79163],[105.889395,20.791625],[105.889401,20.79162],[105.889401,20.791615],[105.889406,20.79161],[105.889412,20.791605],[105.889412,20.7916],[105.889417,20.791595],[105.889417,20.79159],[105.889422,20.791585],[105.889428,20.79158],[105.889428,20.791575],[105.889433,20.79157],[105.889438,20.791565],[105.889438,20.79156],[105.889444,20.791555],[105.889444,20.79155],[105.889449,20.791545],[105.889454,20.79154],[105.889454,20.791535],[105.88946,20.791529],[105.88946,20.791524],[105.889465,20.791519],[105.889465,20.791514],[105.889471,20.791509],[105.889476,20.791504],[105.889476,20.791499],[105.889481,20.791494],[105.889481,20.791489],[105.889487,20.791484],[105.889492,20.791479],[105.889492,20.791474],[105.889492,20.791469],[105.889497,20.791469],[105.889497,20.791464],[105.889503,20.791459],[105.889503,20.791454],[105.889508,20.791449],[105.889513,20.791444],[105.889513,20.791439],[105.889513,20.791434],[105.889519,20.791434],[105.889519,20.791429],[105.889524,20.791424],[105.889524,20.791419],[105.88961,20.791269],[105.889691,20.791118],[105.889691,20.791113],[105.889691,20.791108],[105.889696,20.791103],[105.889696,20.791098],[105.889701,20.791093],[105.889701,20.791088],[105.889707,20.791083],[105.889707,20.791078],[105.889707,20.791073],[105.889712,20.791073],[105.889712,20.791068],[105.889712,20.791063],[105.889717,20.791058],[105.889717,20.791053],[105.889723,20.791048],[105.889723,20.791043],[105.889728,20.791038],[105.889728,20.791033],[105.889728,20.791028],[105.889733,20.791028],[105.889733,20.791023],[105.889733,20.791018],[105.889739,20.791013],[105.889739,20.791008],[105.889744,20.791003],[105.889744,20.790998],[105.889744,20.790993],[105.88975,20.790993],[105.88975,20.790988],[105.88975,20.790983],[105.889755,20.790978],[105.889755,20.790973],[105.889755,20.790968],[105.88976,20.790963],[105.88976,20.790958],[105.889766,20.790953],[105.889766,20.790948],[105.889766,20.790943],[105.889771,20.790943],[105.889771,20.790938],[105.889771,20.790933],[105.889776,20.790928],[105.889776,20.790923],[105.889782,20.790918],[105.889782,20.790913],[105.889782,20.790908],[105.889787,20.790908],[105.889787,20.790903],[105.889787,20.790898],[105.889792,20.790893],[105.889792,20.790888],[105.889792,20.790883],[105.889798,20.790878],[105.889798,20.790873],[105.889798,20.790867],[105.889803,20.790867],[105.889803,20.790862],[105.889803,20.790857],[105.889809,20.790852],[105.889809,20.790847],[105.889814,20.790842],[105.889814,20.790837],[105.889814,20.790832],[105.889819,20.790827],[105.889819,20.790822],[105.889825,20.790817],[105.889825,20.790812],[105.889825,20.790807],[105.88983,20.790802],[105.88983,20.790797],[105.88983,20.790792],[105.889835,20.790787],[105.889835,20.790782],[105.889841,20.790777],[105.889841,20.790772],[105.889841,20.790767],[105.889846,20.790767],[105.889846,20.790762],[105.889846,20.790757],[105.889851,20.790752],[105.889851,20.790747],[105.889851,20.790742],[105.889857,20.790742],[105.889857,20.790737],[105.889857,20.790732],[105.889857,20.790727],[105.889862,20.790722],[105.889862,20.790717],[105.889868,20.790712],[105.889868,20.790707],[105.889868,20.790702],[105.889873,20.790697],[105.889873,20.790692],[105.889878,20.790687],[105.889878,20.790682],[105.889878,20.790677],[105.889884,20.790672],[105.889884,20.790667],[105.889889,20.790662],[105.889889,20.790657],[105.889889,20.790652],[105.889894,20.790647],[105.889894,20.790642],[105.890651,20.788796],[105.89079,20.788445],[105.891681,20.786259],[105.891858,20.785837],[105.89255,20.784142],[105.89278,20.78357],[105.892813,20.783495],[105.892861,20.78338],[105.894191,20.78008],[105.894223,20.779999],[105.894266,20.779879],[105.895377,20.77687],[105.895382,20.776855],[105.895382,20.77685],[105.895382,20.776845],[105.895388,20.77684],[105.895388,20.776835],[105.895388,20.77683],[105.895393,20.776825],[105.895393,20.77682],[105.895393,20.776815],[105.895398,20.77681],[105.895398,20.776805],[105.895404,20.776799],[105.895404,20.776794],[105.895404,20.776789],[105.895404,20.776784],[105.895409,20.776779],[105.895409,20.776774],[105.895409,20.776769],[105.895414,20.776769],[105.895414,20.776764],[105.895414,20.776759],[105.89542,20.776754],[105.89542,20.776749],[105.89542,20.776744],[105.895425,20.776739],[105.895425,20.776734],[105.895425,20.776729],[105.89543,20.776729],[105.89543,20.776724],[105.89543,20.776719],[105.89543,20.776714],[105.895436,20.776709],[105.895436,20.776704],[105.895436,20.776699],[105.895441,20.776694],[105.895441,20.776689],[105.895441,20.776684],[105.895447,20.776684],[105.895447,20.776679],[105.895447,20.776674],[105.895452,20.776669],[105.895452,20.776664],[105.895452,20.776659],[105.895457,20.776654],[105.895457,20.776649],[105.895457,20.776644],[105.895463,20.776639],[105.895463,20.776634],[105.895468,20.776629],[105.895468,20.776624],[105.895468,20.776619],[105.895473,20.776614],[105.895473,20.776609],[105.895473,20.776604],[105.895479,20.776599],[105.895479,20.776594],[105.895484,20.776589],[105.895484,20.776584],[105.895484,20.776579],[105.895489,20.776579],[105.895489,20.776574],[105.895489,20.776569],[105.895495,20.776564],[105.895495,20.776559],[105.895495,20.776554],[105.8955,20.776549],[105.8955,20.776544],[105.8955,20.776539],[105.895506,20.776534],[105.895506,20.776529],[105.895511,20.776524],[105.895511,20.776519],[105.895511,20.776514],[105.895516,20.776514],[105.895516,20.776509],[105.895516,20.776504],[105.895522,20.776499],[105.895522,20.776494],[105.895527,20.776489],[105.895527,20.776484],[105.895527,20.776478],[105.895532,20.776473],[105.895532,20.776468],[105.895532,20.776463],[105.895538,20.776458],[105.895538,20.776453],[105.895543,20.776448],[105.895543,20.776443],[105.895543,20.776438],[105.895548,20.776433],[105.895548,20.776428],[105.895554,20.776428],[105.895554,20.776423],[105.895554,20.776418],[105.895559,20.776413],[105.895559,20.776408],[105.895565,20.776403],[105.895565,20.776398],[105.89557,20.776393],[105.89557,20.776388],[105.89557,20.776383],[105.895575,20.776378],[105.895575,20.776373],[105.895581,20.776368],[105.895581,20.776363],[105.895586,20.776358],[105.895586,20.776353],[105.895586,20.776348],[105.895591,20.776343],[105.895591,20.776338],[105.895634,20.776258]],[[105.90073,20.771287],[105.900736,20.771282],[105.900741,20.771277],[105.900747,20.771277],[105.900747,20.771272],[105.900752,20.771272],[105.900757,20.771267],[105.900763,20.771262],[105.900768,20.771257],[105.900773,20.771257],[105.900773,20.771252],[105.900779,20.771252],[105.900779,20.771247],[105.900784,20.771247],[105.900789,20.771242],[105.900795,20.771237],[105.9008,20.771232],[105.900806,20.771232],[105.900806,20.771227],[105.900811,20.771227],[105.900811,20.771222],[105.900816,20.771222],[105.900816,20.771217],[105.900822,20.771217],[105.900827,20.771212],[105.900832,20.771207],[105.900838,20.771202],[105.900843,20.771197],[105.900849,20.771197],[105.900849,20.771192],[105.900854,20.771192],[105.900854,20.771187],[105.900859,20.771187],[105.900859,20.771182],[105.900865,20.771182],[105.900865,20.771177],[105.90087,20.771172],[105.900875,20.771172],[105.900875,20.771167],[105.900881,20.771167],[105.900881,20.771162],[105.900886,20.771162],[105.900886,20.771157],[105.900891,20.771157],[105.900891,20.771152],[105.900897,20.771152],[105.900902,20.771147],[105.900908,20.771142],[105.900908,20.771137],[105.900983,20.771067],[105.901015,20.771036],[105.90102,20.771031],[105.90102,20.771026],[105.901026,20.771021],[105.901031,20.771016],[105.901036,20.771011],[105.901042,20.771006],[105.901047,20.771001],[105.901047,20.770996],[105.901052,20.770996],[105.901052,20.770991],[105.901058,20.770991],[105.901058,20.770986],[105.901063,20.770986],[105.901063,20.770981],[105.901063,20.770976],[105.901068,20.770976],[105.901068,20.770971],[105.901074,20.770971],[105.901074,20.770966],[105.901079,20.770961],[105.901085,20.770956],[105.90109,20.770951],[105.90109,20.770946],[105.901095,20.770946],[105.901095,20.770941],[105.901101,20.770941],[105.901101,20.770936],[105.901106,20.770931],[105.901111,20.770926],[105.901111,20.770921],[105.901117,20.770916],[105.901122,20.770911],[105.901122,20.770906],[105.901127,20.770906],[105.901127,20.770901],[105.901133,20.770896],[105.901138,20.770891],[105.901144,20.770886],[105.901144,20.770881],[105.901149,20.770881],[105.901149,20.770876],[105.901154,20.770871],[105.90116,20.770866],[105.90116,20.770861],[105.901165,20.770861],[105.901165,20.770856],[105.90117,20.770851],[105.901176,20.770846],[105.901176,20.770841],[105.901181,20.770841],[105.901181,20.770836],[105.901186,20.770831],[105.901192,20.770826],[105.901192,20.770821],[105.901197,20.770821],[105.901197,20.770816],[105.901203,20.770811],[105.901208,20.770806],[105.901208,20.770801],[105.901213,20.770796],[105.901219,20.770791],[105.901219,20.770786],[105.901224,20.770786],[105.901224,20.770781],[105.901229,20.770776],[105.901235,20.770771],[105.901235,20.770766],[105.90124,20.770761],[105.901245,20.770756],[105.901245,20.770751],[105.901251,20.770751],[105.901251,20.770746],[105.901256,20.770741],[105.901256,20.770736],[105.901262,20.770736],[105.901262,20.770731],[105.901267,20.770726],[105.901272,20.77072],[105.901272,20.770715],[105.901449,20.77049],[105.901449,20.770485],[105.901455,20.77048],[105.901455,20.770475],[105.90146,20.770475],[105.90146,20.77047],[105.901465,20.770465],[105.901465,20.77046],[105.901471,20.77046],[105.901471,20.770455],[105.901476,20.77045],[105.901476,20.770445],[105.901482,20.770445],[105.901487,20.77044],[105.901487,20.770435],[105.901492,20.77043],[105.901498,20.770425],[105.901498,20.77042],[105.901503,20.770415],[105.901503,20.77041],[105.901508,20.77041],[105.901514,20.770405],[105.901514,20.770399],[105.901519,20.770394],[105.901524,20.770389],[105.901524,20.770384],[105.90153,20.770379],[105.901535,20.770374],[105.901541,20.770369],[105.901541,20.770364],[105.901546,20.770359],[105.901546,20.770354],[105.901551,20.770354],[105.901557,20.770349],[105.901557,20.770344],[105.901562,20.770339],[105.901562,20.770334],[105.901567,20.770334],[105.901573,20.770329],[105.901573,20.770324],[105.901578,20.770319],[105.901578,20.770314],[105.901583,20.770314],[105.901589,20.770309],[105.901589,20.770304],[105.901594,20.770299],[105.901594,20.770294],[105.9016,20.770294],[105.901605,20.770289],[105.901605,20.770284],[105.90161,20.770279],[105.901616,20.770274],[105.901616,20.770269],[105.901621,20.770269],[105.901626,20.770264],[105.901626,20.770259],[105.901632,20.770254],[105.901637,20.770249],[105.901637,20.770244],[105.901642,20.770244],[105.901648,20.770239],[105.901648,20.770234],[105.901653,20.770229],[105.901659,20.770224],[105.901659,20.770219],[105.901664,20.770219],[105.901669,20.770214],[105.901669,20.770209],[105.901777,20.770099],[105.901777,20.770094],[105.901782,20.770089],[105.901787,20.770083],[105.901793,20.770078],[105.901798,20.770073],[105.901803,20.770068],[105.901809,20.770063],[105.901814,20.770058],[105.901819,20.770053],[105.901819,20.770048],[105.901825,20.770043],[105.90183,20.770043],[105.901836,20.770038],[105.901836,20.770033],[105.901841,20.770028],[105.901846,20.770028],[105.901852,20.770023],[105.901852,20.770018],[105.901857,20.770018],[105.901862,20.770013],[105.901862,20.770008],[105.901868,20.770003],[105.901873,20.770003],[105.901878,20.769998],[105.901878,20.769993],[105.901884,20.769988],[105.901889,20.769988],[105.901889,20.769983],[105.901895,20.769978],[105.9019,20.769978],[105.901905,20.769973],[105.901905,20.769968],[105.901911,20.769968],[105.901916,20.769963],[105.901916,20.769958],[105.901921,20.769953],[105.901927,20.769953],[105.901932,20.769948],[105.901943,20.769938],[105.902056,20.769838],[105.902313,20.769607],[105.903751,20.768338],[105.903981,20.768132],[105.904078,20.768042],[105.904223,20.767912],[105.904389,20.767756],[105.904791,20.76734],[105.905161,20.766903],[105.905671,20.766226],[105.907001,20.764431],[105.907356,20.763954],[105.907565,20.763683],[105.908005,20.763141],[105.908509,20.76256],[105.908632,20.762419]],[[105.90073,20.771287],[105.900832,20.771212],[105.900843,20.771207],[105.900843,20.771202],[105.900849,20.771202],[105.900854,20.771197],[105.900854,20.771192],[105.900859,20.771192],[105.900865,20.771187],[105.90087,20.771182],[105.900875,20.771182],[105.900875,20.771177],[105.900881,20.771177],[105.900886,20.771172],[105.900891,20.771167],[105.900897,20.771162],[105.900902,20.771157],[105.900908,20.771157],[105.900908,20.771152],[105.900913,20.771152],[105.900918,20.771147],[105.900924,20.771142],[105.900929,20.771142],[105.900929,20.771137],[105.900934,20.771137],[105.90094,20.771132],[105.900945,20.771127],[105.90095,20.771122],[105.900956,20.771117],[105.900961,20.771117],[105.900961,20.771112],[105.900967,20.771112],[105.900967,20.771107],[105.900972,20.771107],[105.900977,20.771102],[105.900983,20.771097],[105.900988,20.771097],[105.900988,20.771092],[105.900993,20.771092],[105.900993,20.771087],[105.900999,20.771087],[105.901004,20.771082],[105.901009,20.771077],[105.901015,20.771077],[105.901015,20.771072],[105.90102,20.771072],[105.90102,20.771067],[105.901026,20.771067],[105.901031,20.771062],[105.901031,20.771057],[105.901036,20.771057],[105.901036,20.771052],[105.901042,20.771052],[105.901047,20.771047],[105.901052,20.771042],[105.901058,20.771036],[105.901063,20.771031],[105.901068,20.771031],[105.901068,20.771026],[105.901074,20.771026],[105.901074,20.771021],[105.901079,20.771021],[105.901085,20.771016],[105.90109,20.771011],[105.901095,20.771006],[105.901101,20.771001],[105.901106,20.770996],[105.901111,20.770991],[105.901117,20.770991],[105.901117,20.770986],[105.901122,20.770986],[105.901122,20.770981],[105.901127,20.770981],[105.901127,20.770976],[105.901133,20.770976],[105.901133,20.770971],[105.901138,20.770971],[105.901138,20.770966],[105.901144,20.770966],[105.901144,20.770961],[105.901149,20.770961],[105.901149,20.770956],[105.901154,20.770956],[105.901229,20.770881],[105.901256,20.770856],[105.901262,20.770851],[105.901262,20.770846],[105.901267,20.770846],[105.901267,20.770841],[105.901272,20.770841],[105.901272,20.770836],[105.901278,20.770831],[105.901283,20.770826],[105.901283,20.770821],[105.901288,20.770821],[105.901288,20.770816],[105.901294,20.770816],[105.901294,20.770811],[105.901299,20.770811],[105.901299,20.770806],[105.901304,20.770801],[105.90131,20.770796],[105.901315,20.770791],[105.901315,20.770786],[105.901321,20.770781],[105.901326,20.770776],[105.901331,20.770771],[105.901331,20.770766],[105.901337,20.770766],[105.901337,20.770761],[105.901342,20.770761],[105.901342,20.770756],[105.901347,20.770751],[105.901353,20.770746],[105.901353,20.770741],[105.901358,20.770741],[105.901358,20.770736],[105.901363,20.770736],[105.901363,20.770731],[105.901369,20.770726],[105.901369,20.77072],[105.901374,20.770715],[105.90138,20.77071],[105.901385,20.770705],[105.901385,20.7707],[105.90139,20.7707],[105.90139,20.770695],[105.901396,20.77069],[105.901401,20.770685],[105.901401,20.77068],[105.901406,20.77068],[105.901406,20.770675],[105.901412,20.77067],[105.901417,20.770665],[105.901417,20.77066],[105.901423,20.77066],[105.901423,20.770655],[105.901428,20.77065],[105.901433,20.770645],[105.901433,20.77064],[105.901439,20.77064],[105.901439,20.770635],[105.901444,20.77063],[105.901449,20.770625],[105.901449,20.77062],[105.901455,20.77062],[105.901455,20.770615],[105.90146,20.77061],[105.90146,20.770605],[105.901465,20.770605],[105.901465,20.7706],[105.901471,20.770595],[105.901476,20.77059],[105.901476,20.770585],[105.901482,20.77058],[105.901487,20.770575],[105.901487,20.77057],[105.901492,20.77057],[105.901492,20.770565],[105.901498,20.77056],[105.901498,20.770555],[105.901503,20.770555],[105.901503,20.77055],[105.901508,20.770545],[105.901514,20.77054],[105.901514,20.770535],[105.901519,20.77053],[105.901691,20.770304],[105.901696,20.770299],[105.901696,20.770294],[105.901701,20.770294],[105.901701,20.770289],[105.901707,20.770284],[105.901707,20.770279],[105.901712,20.770279],[105.901712,20.770274],[105.901718,20.770269],[105.901723,20.770264],[105.901728,20.770259],[105.901728,20.770254],[105.901734,20.770249],[105.901739,20.770244],[105.901739,20.770239],[105.901744,20.770234],[105.90175,20.770229],[105.901755,20.770224],[105.901755,20.770219],[105.90176,20.770214],[105.901766,20.770209],[105.901766,20.770204],[105.901771,20.770199],[105.901777,20.770199],[105.901777,20.770194],[105.901782,20.770189],[105.901782,20.770184],[105.901787,20.770179],[105.901793,20.770174],[105.901798,20.770169],[105.901798,20.770164],[105.901803,20.770159],[105.901809,20.770154],[105.901814,20.770149],[105.901814,20.770144],[105.901819,20.770139],[105.901825,20.770134],[105.90183,20.770129],[105.90183,20.770124],[105.901836,20.770119],[105.901836,20.770114],[105.901841,20.770114],[105.901846,20.770109],[105.901846,20.770104],[105.901852,20.770099],[105.901857,20.770094],[105.901862,20.770089],[105.901868,20.770083],[105.901868,20.770078],[105.901873,20.770073],[105.901873,20.770068],[105.901878,20.770068],[105.901884,20.770063],[105.901884,20.770058],[105.901889,20.770053],[105.901895,20.770048],[105.901895,20.770043],[105.9019,20.770043],[105.901905,20.770038],[105.901905,20.770033],[105.901911,20.770028],[105.901916,20.770023],[105.902018,20.769913],[105.902023,20.769908],[105.902029,20.769903],[105.902034,20.769898],[105.902039,20.769893],[105.902045,20.769888],[105.902045,20.769883],[105.90205,20.769883],[105.902056,20.769878],[105.902061,20.769873],[105.902061,20.769868],[105.902066,20.769868],[105.902072,20.769863],[105.902077,20.769858],[105.902077,20.769853],[105.902082,20.769853],[105.902088,20.769848],[105.902088,20.769843],[105.902093,20.769838],[105.902098,20.769838],[105.902104,20.769833],[105.902104,20.769828],[105.902109,20.769823],[105.902115,20.769823],[105.902115,20.769818],[105.90212,20.769813],[105.902125,20.769808],[105.902131,20.769808],[105.902131,20.769803],[105.902136,20.769798],[105.902141,20.769798],[105.902141,20.769793],[105.902147,20.769788],[105.902152,20.769788],[105.902157,20.769783],[105.902157,20.769778],[105.902163,20.769773],[105.902168,20.769773],[105.902168,20.769767],[105.902174,20.769762],[105.902184,20.769752],[105.902297,20.769652],[105.90256,20.769421],[105.903992,20.768152],[105.904228,20.767947],[105.904325,20.767861],[105.904469,20.767726],[105.904636,20.767571],[105.905033,20.767154],[105.905403,20.766718],[105.905913,20.766046],[105.907243,20.764245],[105.907597,20.763773],[105.907806,20.763498],[105.908246,20.762956],[105.908632,20.762514]],[[105.89513,20.77706],[105.89513,20.77705],[105.895135,20.77704],[105.895135,20.777035],[105.895141,20.77703],[105.895141,20.777025],[105.895141,20.77702],[105.895146,20.777015],[105.895146,20.77701],[105.895146,20.777005],[105.895151,20.777],[105.895151,20.776995],[105.895151,20.77699],[105.895157,20.776985],[105.895157,20.77698],[105.895162,20.776975],[105.895162,20.77697],[105.895162,20.776965],[105.895162,20.77696],[105.895168,20.776955],[105.895168,20.77695],[105.895168,20.776945],[105.895173,20.77694],[105.895173,20.776935],[105.895178,20.77693],[105.895178,20.776925],[105.895178,20.77692],[105.895184,20.776915],[105.895184,20.77691],[105.895184,20.776905],[105.895189,20.7769],[105.895189,20.776895],[105.895194,20.77689],[105.895194,20.776885],[105.895194,20.77688],[105.895194,20.776875],[105.8952,20.77687],[105.8952,20.776865],[105.8952,20.77686],[105.895205,20.776855],[105.895205,20.77685],[105.895211,20.776845],[105.895211,20.77684],[105.895211,20.776835],[105.895216,20.77683],[105.895216,20.776825],[105.895216,20.77682],[105.895221,20.776815],[105.895221,20.77681],[105.895221,20.776805],[105.895227,20.776805],[105.895227,20.776799],[105.895232,20.776794],[105.895232,20.776789],[105.895232,20.776784],[105.895237,20.776779],[105.895237,20.776774],[105.895237,20.776769],[105.895243,20.776764],[105.895243,20.776759],[105.895243,20.776754],[105.895248,20.776749],[105.895248,20.776744],[105.895253,20.776739],[105.895253,20.776734],[105.895253,20.776729],[105.895259,20.776724],[105.895259,20.776719],[105.895264,20.776714],[105.895264,20.776709],[105.895264,20.776704],[105.89527,20.776699],[105.89527,20.776694],[105.89527,20.776689],[105.895275,20.776684],[105.895275,20.776679],[105.89528,20.776674],[105.89528,20.776669],[105.895286,20.776664],[105.895286,20.776659],[105.895286,20.776654],[105.895291,20.776649],[105.895291,20.776644],[105.895296,20.776639],[105.895296,20.776634],[105.895296,20.776629],[105.895302,20.776624],[105.895302,20.776619],[105.895307,20.776614],[105.895307,20.776609],[105.895307,20.776604],[105.895312,20.776599],[105.895312,20.776594],[105.895318,20.776589],[105.895318,20.776584],[105.895323,20.776584],[105.895323,20.776579],[105.895323,20.776574],[105.895329,20.776569],[105.895329,20.776564],[105.895334,20.776559],[105.895334,20.776554],[105.895334,20.776549],[105.895339,20.776544],[105.895339,20.776539],[105.895345,20.776534],[105.895345,20.776529],[105.89535,20.776524],[105.895447,20.776338],[105.895559,20.776157],[105.895683,20.775987],[105.895817,20.775826],[105.895967,20.775671],[105.896122,20.775526],[105.896128,20.775521],[105.896133,20.775515],[105.896133,20.77551],[105.896139,20.77551],[105.896144,20.775505],[105.896149,20.7755],[105.896155,20.775495],[105.89616,20.77549],[105.896165,20.77549],[105.896165,20.775485],[105.896171,20.77548],[105.896176,20.775475],[105.896181,20.775475],[105.896187,20.77547],[105.896187,20.775465],[105.896192,20.775465],[105.896198,20.77546],[105.896203,20.775455],[105.896208,20.77545],[105.896214,20.775445],[105.896219,20.775445],[105.896224,20.77544],[105.896224,20.775435],[105.89623,20.775435],[105.896235,20.77543],[105.89624,20.775425],[105.896246,20.77542],[105.896251,20.775415],[105.896257,20.775415],[105.896257,20.77541],[105.896262,20.775405],[105.896267,20.775405],[105.896273,20.7754],[105.896278,20.775395],[105.896283,20.77539],[105.896289,20.77539],[105.896294,20.775385],[105.896294,20.77538],[105.896299,20.77538],[105.896305,20.775375],[105.89631,20.77537],[105.896316,20.775365],[105.896321,20.77536],[105.896326,20.77536],[105.896332,20.775355],[105.896337,20.77535],[105.896342,20.775345],[105.896348,20.775345],[105.896348,20.77534],[105.896353,20.775335],[105.896358,20.775335],[105.896364,20.77533],[105.896369,20.775325],[105.896375,20.77532],[105.89638,20.77532],[105.896385,20.775315],[105.896391,20.77531],[105.896396,20.775305],[105.896401,20.775305],[105.896401,20.7753],[105.896407,20.7753],[105.896412,20.775295],[105.896417,20.77529],[105.896423,20.775285],[105.896428,20.775285],[105.896434,20.77528],[105.896434,20.775275],[105.896439,20.775275],[105.896444,20.77527],[105.89645,20.77527],[105.89645,20.775265],[105.896455,20.775265],[105.89646,20.77526],[105.896466,20.775255],[105.896471,20.77525],[105.896477,20.77525],[105.896482,20.775245],[105.896487,20.77524]],[[105.895307,20.77706],[105.895377,20.77687],[105.895382,20.776855],[105.895382,20.77685],[105.895382,20.776845],[105.895388,20.77684],[105.895388,20.776835],[105.895388,20.77683],[105.895393,20.776825],[105.895393,20.77682],[105.895393,20.776815],[105.895398,20.77681],[105.895398,20.776805],[105.895404,20.776799],[105.895404,20.776794],[105.895404,20.776789],[105.895404,20.776784],[105.895409,20.776779],[105.895409,20.776774],[105.895409,20.776769],[105.895414,20.776769],[105.895414,20.776764],[105.895414,20.776759],[105.89542,20.776754],[105.89542,20.776749],[105.89542,20.776744],[105.895425,20.776739],[105.895425,20.776734],[105.895425,20.776729],[105.89543,20.776729],[105.89543,20.776724],[105.89543,20.776719],[105.89543,20.776714],[105.895436,20.776709],[105.895436,20.776704],[105.895436,20.776699],[105.895441,20.776694],[105.895441,20.776689],[105.895447,20.776684],[105.895447,20.776679],[105.895447,20.776674],[105.895452,20.776669],[105.895452,20.776664],[105.895452,20.776659],[105.895457,20.776654],[105.895457,20.776649],[105.895457,20.776644],[105.895463,20.776639],[105.895463,20.776634],[105.895468,20.776629],[105.895468,20.776624],[105.895468,20.776619],[105.895473,20.776614],[105.895473,20.776609],[105.895473,20.776604],[105.895479,20.776599],[105.895479,20.776594],[105.895484,20.776589],[105.895484,20.776584],[105.895484,20.776579],[105.895489,20.776579],[105.895489,20.776574],[105.895489,20.776569],[105.895495,20.776564],[105.895495,20.776559],[105.895495,20.776554],[105.8955,20.776549],[105.8955,20.776544],[105.8955,20.776539],[105.895506,20.776534],[105.895506,20.776529],[105.895511,20.776524],[105.895511,20.776519],[105.895511,20.776514],[105.895516,20.776514],[105.895516,20.776509],[105.895516,20.776504],[105.895522,20.776499],[105.895522,20.776494],[105.895527,20.776489],[105.895527,20.776484],[105.895527,20.776478],[105.895532,20.776473],[105.895532,20.776468],[105.895532,20.776463],[105.895538,20.776458],[105.895538,20.776453],[105.895543,20.776448],[105.895543,20.776443],[105.895543,20.776438],[105.895548,20.776433],[105.895548,20.776428],[105.895554,20.776428],[105.895554,20.776423],[105.895554,20.776418],[105.895559,20.776413],[105.895559,20.776408],[105.895565,20.776403],[105.895565,20.776398],[105.89557,20.776393],[105.89557,20.776388],[105.89557,20.776383],[105.895575,20.776378],[105.895575,20.776373],[105.895581,20.776368],[105.895581,20.776363],[105.895586,20.776358],[105.895586,20.776353],[105.895586,20.776348],[105.895591,20.776343],[105.895591,20.776338],[105.895693,20.776152],[105.895806,20.775977],[105.895929,20.775801],[105.896063,20.775641],[105.896208,20.775485],[105.896369,20.77534],[105.896369,20.775335],[105.896375,20.77533],[105.89638,20.77533],[105.896385,20.775325],[105.896385,20.77532],[105.896391,20.77532],[105.896396,20.775315],[105.896401,20.77531],[105.896407,20.77531],[105.896407,20.775305],[105.896412,20.7753],[105.896417,20.775295],[105.896423,20.775295],[105.896423,20.77529],[105.896428,20.775285],[105.896434,20.775285],[105.896439,20.77528],[105.896439,20.775275],[105.896444,20.775275],[105.89645,20.77527],[105.896455,20.775265],[105.89646,20.775265],[105.89646,20.77526],[105.896466,20.775255],[105.896471,20.775255],[105.896477,20.77525],[105.896477,20.775245],[105.896482,20.775245],[105.896487,20.77524],[105.896493,20.775235],[105.896498,20.775235],[105.896498,20.77523],[105.896503,20.775225],[105.896509,20.775225],[105.896514,20.77522],[105.896514,20.775215],[105.896519,20.775215],[105.896525,20.77521],[105.89653,20.775205],[105.896536,20.7752],[105.896541,20.7752],[105.896546,20.775194],[105.896552,20.775189],[105.896557,20.775184],[105.896562,20.775179],[105.896568,20.775179],[105.896568,20.775174],[105.896573,20.775169],[105.896578,20.775169],[105.896584,20.775164],[105.896589,20.775159],[105.896595,20.775154],[105.8966,20.775154],[105.896605,20.775149],[105.896611,20.775144],[105.896616,20.775139],[105.896621,20.775139],[105.896621,20.775134],[105.896627,20.775134],[105.896632,20.775129],[105.896637,20.775124],[105.896643,20.775119],[105.896648,20.775119],[105.896654,20.775114],[105.896654,20.775109],[105.896659,20.775109],[105.896664,20.775104],[105.89667,20.775104],[105.89667,20.775099],[105.896675,20.775094],[105.89668,20.775094],[105.896686,20.775089],[105.896691,20.775084],[105.896696,20.775079],[105.896702,20.775079],[105.896702,20.775074],[105.896707,20.775074],[105.896713,20.775069],[105.896718,20.775069],[105.896718,20.775064],[105.896723,20.775059],[105.896729,20.775059],[105.896734,20.775054],[105.896739,20.775049],[105.896745,20.775049],[105.89675,20.775044],[105.89675,20.775039],[105.896755,20.775039],[105.896761,20.775034],[105.896766,20.775034],[105.896766,20.775029],[105.896772,20.775029],[105.896777,20.775024],[105.896782,20.775019],[105.896788,20.775014],[105.896793,20.775014],[105.896793,20.775009],[105.896798,20.775009],[105.896804,20.775004],[105.896809,20.775004],[105.896809,20.774999],[105.896814,20.774999],[105.89682,20.774994],[105.896825,20.774989],[105.896831,20.774984],[105.896836,20.774984],[105.896836,20.774979],[105.896841,20.774979],[105.896847,20.774974],[105.896852,20.774974],[105.896852,20.774969],[105.89756,20.774467],[105.897565,20.774462],[105.897571,20.774462],[105.897571,20.774457],[105.897576,20.774457],[105.897582,20.774452],[105.897587,20.774452],[105.897587,20.774447],[105.897592,20.774447],[105.897598,20.774442],[105.897603,20.774437],[105.897608,20.774437],[105.897608,20.774432]],[[105.896487,20.77524],[105.896493,20.775235],[105.896498,20.775235],[105.896498,20.77523],[105.896503,20.77523],[105.896509,20.775225],[105.896514,20.77522],[105.896519,20.775215],[105.896525,20.775215],[105.896525,20.77521],[105.89653,20.77521],[105.896536,20.775205],[105.896541,20.775205],[105.896541,20.7752],[105.896546,20.7752],[105.896552,20.775194],[105.896557,20.775189],[105.896562,20.775184],[105.896568,20.775184],[105.896568,20.775179],[105.896573,20.775179],[105.896578,20.775174],[105.896584,20.775174],[105.896584,20.775169],[105.896589,20.775164],[105.896595,20.775164],[105.8966,20.775159],[105.896605,20.775154],[105.896611,20.775154],[105.897319,20.774653],[105.897319,20.774648],[105.897324,20.774648],[105.897329,20.774643],[105.897335,20.774638],[105.89734,20.774633],[105.897346,20.774633],[105.897346,20.774628],[105.897351,20.774628],[105.897356,20.774623],[105.897362,20.774618],[105.897367,20.774618],[105.897372,20.774613],[105.897378,20.774608],[105.897383,20.774608],[105.897383,20.774603],[105.897388,20.774603],[105.897394,20.774598],[105.897399,20.774593],[105.897405,20.774588],[105.89741,20.774583],[105.897415,20.774583],[105.897415,20.774578],[105.897421,20.774578],[105.897426,20.774573],[105.897431,20.774568],[105.897437,20.774568],[105.897437,20.774563],[105.897442,20.774563],[105.897447,20.774558],[105.897453,20.774552],[105.897458,20.774552],[105.897458,20.774547],[105.897464,20.774547],[105.897469,20.774542],[105.897474,20.774537],[105.89748,20.774532],[105.897485,20.774532],[105.897485,20.774527],[105.89749,20.774527],[105.897496,20.774522],[105.897501,20.774517],[105.897506,20.774517],[105.897506,20.774512],[105.897512,20.774512],[105.897512,20.774507],[105.897517,20.774507],[105.897523,20.774502],[105.897528,20.774497],[105.897533,20.774492],[105.897539,20.774492],[105.897539,20.774487],[105.897544,20.774487],[105.897544,20.774482],[105.897549,20.774482],[105.897555,20.774477],[105.89756,20.774472],[105.897565,20.774467],[105.897571,20.774467],[105.897571,20.774462],[105.897576,20.774462],[105.897576,20.774457],[105.897582,20.774457],[105.897582,20.774452],[105.897587,20.774452],[105.897592,20.774447],[105.897598,20.774442],[105.897603,20.774437],[105.897608,20.774432],[105.897614,20.774427],[105.897619,20.774427],[105.897624,20.774422],[105.89763,20.774417],[105.897635,20.774412],[105.897641,20.774407],[105.897646,20.774402],[105.897705,20.774347],[105.897764,20.774292],[105.897769,20.774287],[105.897775,20.774282],[105.89778,20.774277],[105.89778,20.774272],[105.897785,20.774267],[105.897791,20.774262],[105.897796,20.774257],[105.897802,20.774252],[105.897802,20.774247],[105.897807,20.774247],[105.897807,20.774242],[105.897812,20.774242],[105.897812,20.774237],[105.897818,20.774237],[105.897818,20.774231],[105.897823,20.774226],[105.897828,20.774221],[105.897834,20.774216],[105.897839,20.774211],[105.897839,20.774206],[105.897844,20.774206],[105.897844,20.774201],[105.89785,20.774201],[105.89785,20.774196],[105.897855,20.774191],[105.897861,20.774186],[105.897866,20.774181],[105.897866,20.774176],[105.897871,20.774171],[105.897871,20.774166],[105.897877,20.774166],[105.897877,20.774161],[105.897882,20.774161],[105.897882,20.774156],[105.897887,20.774151],[105.897893,20.774146],[105.897893,20.774141],[105.897898,20.774141],[105.897898,20.774136],[105.897903,20.774136],[105.897903,20.774131],[105.897909,20.774126],[105.897914,20.774121],[105.897914,20.774116],[105.89792,20.774116],[105.89792,20.774111],[105.897925,20.774106],[105.89793,20.774101],[105.89793,20.774096],[105.897936,20.774096],[105.897936,20.774091],[105.897941,20.774086],[105.897946,20.774081],[105.897946,20.774076],[105.897952,20.774076],[105.897952,20.774071],[105.897957,20.774066],[105.897962,20.774061],[105.897962,20.774056],[105.897968,20.774056],[105.897973,20.774051],[105.897973,20.774046],[105.897979,20.774041],[105.897984,20.774036],[105.897984,20.774031],[105.897989,20.774031],[105.897989,20.774026],[105.897995,20.774021],[105.898,20.774016],[105.898,20.774011],[105.898005,20.774006],[105.898011,20.774001],[105.898011,20.773996],[105.898016,20.773996],[105.898016,20.773991],[105.898021,20.773986],[105.898021,20.773981],[105.898027,20.773981],[105.898032,20.773976],[105.898815,20.772983],[105.898821,20.772978],[105.898821,20.772973],[105.898826,20.772973],[105.898826,20.772968],[105.898831,20.772963],[105.898837,20.772958],[105.898837,20.772952],[105.898842,20.772947],[105.898848,20.772947],[105.898848,20.772942],[105.898853,20.772937],[105.898853,20.772932],[105.898858,20.772932],[105.898858,20.772927],[105.898864,20.772922],[105.898864,20.772917],[105.898869,20.772917],[105.898869,20.772912],[105.898874,20.772907],[105.89888,20.772907],[105.89888,20.772902],[105.898885,20.772897],[105.898885,20.772892],[105.89889,20.772892],[105.89889,20.772887],[105.898896,20.772882],[105.898896,20.772877],[105.898901,20.772877],[105.898907,20.772872],[105.898907,20.772867],[105.898912,20.772862],[105.898917,20.772857],[105.898917,20.772852],[105.898923,20.772847],[105.898928,20.772842],[105.898933,20.772837],[105.898933,20.772832],[105.898939,20.772832],[105.898939,20.772827],[105.898944,20.772822],[105.898944,20.772817],[105.89895,20.772817],[105.898955,20.772812],[105.898955,20.772807],[105.89896,20.772802],[105.898966,20.772797],[105.898966,20.772792],[105.898971,20.772787],[105.898976,20.772787],[105.898976,20.772782],[105.898982,20.772777],[105.898982,20.772772],[105.898987,20.772772],[105.898987,20.772767],[105.898992,20.772762],[105.898998,20.772757],[105.899003,20.772752],[105.899003,20.772747],[105.899009,20.772742],[105.899014,20.772742],[105.899014,20.772737],[105.899019,20.772732],[105.899019,20.772727],[105.899025,20.772722],[105.89903,20.772717],[105.899035,20.772712],[105.899035,20.772707],[105.899041,20.772707],[105.899041,20.772702],[105.899046,20.772697],[105.899051,20.772692],[105.899057,20.772687],[105.899062,20.772682],[105.899062,20.772677],[105.899068,20.772677],[105.899068,20.772672],[105.899073,20.772667],[105.899078,20.772662],[105.899084,20.772657],[105.899084,20.772652],[105.899089,20.772647],[105.899094,20.772642],[105.8991,20.772637],[105.8991,20.772631],[105.899105,20.772626],[105.89911,20.772626],[105.89911,20.772621],[105.899116,20.772616],[105.899121,20.772611],[105.899127,20.772606],[105.899132,20.772601],[105.899132,20.772596],[105.899137,20.772591],[105.899143,20.772586],[105.899148,20.772581],[105.899148,20.772576],[105.899153,20.772576],[105.899159,20.772571],[105.899159,20.772566],[105.899164,20.772561],[105.899169,20.772561],[105.899169,20.772556],[105.899175,20.772551],[105.89918,20.772546],[105.89918,20.772541],[105.899186,20.772541],[105.899191,20.772536],[105.899191,20.772531],[105.899196,20.772526],[105.899357,20.772361],[105.899529,20.772205],[105.899534,20.7722],[105.89954,20.772195],[105.899545,20.77219],[105.89955,20.772185],[105.899556,20.77218],[105.899561,20.77218],[105.899561,20.772175],[105.899566,20.77217],[105.899572,20.77217],[105.899577,20.772165],[105.899577,20.77216],[105.899583,20.77216],[105.899588,20.772155],[105.899593,20.77215],[105.899599,20.772145],[105.899604,20.77214],[105.899609,20.77214],[105.899609,20.772135],[105.899615,20.77213],[105.89962,20.77213],[105.899625,20.772125],[105.899625,20.77212],[105.899631,20.77212],[105.899636,20.772115],[105.899642,20.77211],[105.899647,20.772105],[105.899652,20.7721],[105.899658,20.7721],[105.899658,20.772095],[105.899663,20.772095],[105.899668,20.77209],[105.899674,20.772085],[105.899679,20.77208],[105.899684,20.772075],[105.89969,20.77207],[105.899695,20.772065],[105.899701,20.772065],[105.899701,20.77206],[105.899706,20.77206],[105.899711,20.772055],[105.899717,20.77205],[105.899722,20.772045],[105.899727,20.77204],[105.899733,20.77204],[105.899733,20.772035],[105.899738,20.772035],[105.899743,20.77203],[105.899749,20.772025],[105.899754,20.77202],[105.89976,20.77202],[105.899765,20.772015],[105.899765,20.77201],[105.89977,20.77201],[105.899776,20.772005],[105.899776,20.772],[105.899781,20.772],[105.899786,20.771994],[105.899792,20.771994],[105.899792,20.771989],[105.899797,20.771984],[105.899802,20.771984],[105.899808,20.771979],[105.899813,20.771974],[105.899819,20.771969],[105.899824,20.771964],[105.899829,20.771964],[105.899835,20.771959],[105.89984,20.771954],[105.899845,20.771949],[105.899851,20.771949],[105.899851,20.771944],[105.899856,20.771944],[105.899861,20.771939],[105.899861,20.771934],[105.899867,20.771934],[105.899872,20.771929],[105.899878,20.771929],[105.899878,20.771924],[105.899883,20.771919],[105.899888,20.771919],[105.899894,20.771914],[105.899899,20.771909],[105.899904,20.771909],[105.899904,20.771904],[105.89991,20.771899],[105.899915,20.771899],[105.89992,20.771894],[105.899926,20.771889],[105.899931,20.771889],[105.899931,20.771884],[105.899937,20.771879],[105.899942,20.771879],[105.899947,20.771874],[105.899953,20.771869],[105.899958,20.771869],[105.899958,20.771864],[105.899963,20.771859],[105.899969,20.771859],[105.899974,20.771854],[105.899979,20.771849],[105.899985,20.771849],[105.899985,20.771844],[105.89999,20.771839],[105.899996,20.771839],[105.899996,20.771834],[105.900049,20.771799]],[[105.897608,20.774432],[105.897614,20.774432],[105.897619,20.774427],[105.897619,20.774422],[105.897624,20.774422],[105.89763,20.774417],[105.897635,20.774417],[105.897635,20.774412],[105.897641,20.774412],[105.897646,20.774407],[105.897651,20.774402],[105.897657,20.774402],[105.897657,20.774397],[105.897662,20.774397],[105.897667,20.774392],[105.897673,20.774387],[105.897678,20.774387],[105.897678,20.774382],[105.897684,20.774382],[105.897689,20.774377],[105.897694,20.774372],[105.8977,20.774372],[105.8977,20.774367],[105.897705,20.774367],[105.897705,20.774362],[105.89771,20.774362],[105.897716,20.774357],[105.897721,20.774352],[105.897726,20.774352],[105.897726,20.774347],[105.897732,20.774347],[105.897737,20.774342],[105.897743,20.774337],[105.897748,20.774332],[105.897753,20.774332],[105.897753,20.774327],[105.897759,20.774327],[105.897764,20.774322],[105.897769,20.774317],[105.897775,20.774312],[105.89778,20.774312],[105.89778,20.774307],[105.897785,20.774307],[105.897785,20.774302],[105.897791,20.774302],[105.897796,20.774297],[105.897802,20.774292],[105.897807,20.774287],[105.897812,20.774287],[105.897812,20.774282],[105.897818,20.774282],[105.897818,20.774277],[105.897823,20.774277],[105.897823,20.774272],[105.897828,20.774272],[105.897834,20.774267],[105.897839,20.774262],[105.897844,20.774257],[105.89785,20.774252],[105.897855,20.774252],[105.897855,20.774247],[105.897861,20.774247],[105.897861,20.774242],[105.897866,20.774242],[105.897866,20.774237],[105.897871,20.774237],[105.897871,20.774231],[105.897877,20.774231],[105.897877,20.774226],[105.897882,20.774226],[105.897882,20.774221],[105.897887,20.774221],[105.897893,20.774216],[105.897952,20.774161],[105.898005,20.774111],[105.898011,20.774106],[105.898011,20.774101],[105.898016,20.774101],[105.898016,20.774096],[105.898021,20.774096],[105.898021,20.774091],[105.898027,20.774091],[105.898027,20.774086],[105.898032,20.774086],[105.898032,20.774081],[105.898038,20.774081],[105.898038,20.774076],[105.898043,20.774071],[105.898043,20.774066],[105.898048,20.774066],[105.898048,20.774061],[105.898054,20.774061],[105.898054,20.774056],[105.898059,20.774056],[105.898059,20.774051],[105.898064,20.774046],[105.89807,20.774041],[105.898075,20.774036],[105.898075,20.774031],[105.89808,20.774031],[105.89808,20.774026],[105.898086,20.774026],[105.898086,20.774021],[105.898091,20.774016],[105.898097,20.774011],[105.898102,20.774006],[105.898102,20.774001],[105.898107,20.774001],[105.898107,20.773996],[105.898113,20.773996],[105.898113,20.773991],[105.898118,20.773986],[105.898123,20.773981],[105.898129,20.773976],[105.898129,20.773971],[105.898134,20.773971],[105.898134,20.773966],[105.898139,20.773961],[105.898145,20.773956],[105.898145,20.773951],[105.89815,20.773946],[105.898156,20.773941],[105.898156,20.773936],[105.898161,20.773936],[105.898161,20.773931],[105.898166,20.773926],[105.898172,20.773921],[105.898177,20.773916],[105.898182,20.77391],[105.898182,20.773905],[105.898188,20.773905],[105.898188,20.7739],[105.898193,20.773895],[105.898198,20.77389],[105.898198,20.773885],[105.898204,20.773885],[105.898204,20.77388],[105.898209,20.773875],[105.898215,20.77387],[105.898215,20.773865],[105.89822,20.77386],[105.898225,20.773855],[105.898225,20.77385],[105.898231,20.77385],[105.898231,20.773845],[105.898236,20.77384],[105.898241,20.773835],[105.898241,20.77383],[105.898247,20.77383],[105.898247,20.773825],[105.898252,20.77382],[105.898252,20.773815],[105.898257,20.773815],[105.898257,20.77381],[105.898263,20.773805],[105.898268,20.773805],[105.898268,20.7738],[105.898274,20.773795],[105.898274,20.77379],[105.899062,20.772797],[105.899062,20.772792],[105.899068,20.772792],[105.899068,20.772787],[105.899073,20.772782],[105.899078,20.772777],[105.899084,20.772772],[105.899084,20.772767],[105.899089,20.772767],[105.899089,20.772762],[105.899094,20.772757],[105.899094,20.772752],[105.8991,20.772752],[105.8991,20.772747],[105.899105,20.772742],[105.89911,20.772737],[105.899116,20.772732],[105.899116,20.772727],[105.899121,20.772727],[105.899121,20.772722],[105.899127,20.772717],[105.899127,20.772712],[105.899132,20.772712],[105.899132,20.772707],[105.899137,20.772702],[105.899137,20.772697],[105.899143,20.772697],[105.899148,20.772692],[105.899148,20.772687],[105.899153,20.772682],[105.899159,20.772677],[105.899159,20.772672],[105.899164,20.772667],[105.899169,20.772662],[105.899175,20.772657],[105.899175,20.772652],[105.89918,20.772652],[105.89918,20.772647],[105.899186,20.772642],[105.899186,20.772637],[105.899191,20.772637],[105.899196,20.772631],[105.899196,20.772626],[105.899202,20.772621],[105.899207,20.772616],[105.899207,20.772611],[105.899212,20.772606],[105.899218,20.772606],[105.899218,20.772601],[105.899223,20.772596],[105.899223,20.772591],[105.899228,20.772591],[105.899228,20.772586],[105.899234,20.772581],[105.899239,20.772576],[105.899245,20.772571],[105.899245,20.772566],[105.89925,20.772561],[105.899255,20.772561],[105.899255,20.772556],[105.899261,20.772551],[105.899261,20.772546],[105.899266,20.772546],[105.899271,20.772541],[105.899271,20.772536],[105.899277,20.772531],[105.899282,20.772526],[105.899282,20.772521],[105.899287,20.772516],[105.899293,20.772511],[105.899298,20.772506],[105.899304,20.772501],[105.899304,20.772496],[105.899309,20.772496],[105.899309,20.772491],[105.899314,20.772486],[105.89932,20.772481],[105.899325,20.772476],[105.899325,20.772471],[105.89933,20.772466],[105.899336,20.772466],[105.899336,20.772461],[105.899341,20.772456],[105.899341,20.772451],[105.899346,20.772446],[105.899352,20.772446],[105.899352,20.772441],[105.899357,20.772436],[105.899363,20.772431],[105.899368,20.772426],[105.899368,20.772421],[105.899373,20.772416],[105.899379,20.772416],[105.899379,20.772411],[105.899384,20.772406],[105.899389,20.772401],[105.899389,20.772396],[105.899395,20.772396],[105.8994,20.772391],[105.8994,20.772386],[105.899405,20.772381],[105.899411,20.772381],[105.899411,20.772376],[105.899416,20.772371],[105.899416,20.772366],[105.899422,20.772366],[105.899427,20.772361],[105.899427,20.772356],[105.899432,20.772351],[105.899438,20.772346],[105.899604,20.77218],[105.89977,20.77202],[105.899776,20.77202],[105.899781,20.772015],[105.899786,20.77201],[105.899792,20.772005],[105.899797,20.772],[105.899802,20.772],[105.899802,20.771994],[105.899808,20.771989],[105.899813,20.771989],[105.899819,20.771984],[105.899819,20.771979],[105.899824,20.771979],[105.899829,20.771974],[105.899829,20.771969],[105.899835,20.771969],[105.89984,20.771964],[105.899845,20.771959],[105.899851,20.771954],[105.899856,20.771949],[105.899861,20.771949],[105.899861,20.771944],[105.899867,20.771939],[105.899872,20.771939],[105.899878,20.771934],[105.899878,20.771929],[105.899883,20.771929],[105.899888,20.771924],[105.899894,20.771919],[105.899899,20.771914],[105.899904,20.771914],[105.89991,20.771909],[105.89991,20.771904],[105.899915,20.771904],[105.89992,20.771899],[105.899926,20.771894],[105.899931,20.771889],[105.899937,20.771884],[105.899942,20.771884],[105.899942,20.771879],[105.899947,20.771879],[105.899953,20.771874],[105.899958,20.771869],[105.899963,20.771864],[105.899969,20.771859],[105.899974,20.771854],[105.899979,20.771854],[105.899985,20.771849],[105.899985,20.771844],[105.89999,20.771844],[105.899996,20.771839],[105.900001,20.771834],[105.900006,20.771829],[105.900012,20.771829],[105.900017,20.771824],[105.900017,20.771819],[105.900022,20.771819],[105.900028,20.771814],[105.900033,20.771814],[105.900033,20.771809],[105.900038,20.771804],[105.900044,20.771804],[105.900044,20.771799],[105.900049,20.771799],[105.900055,20.771794],[105.90006,20.771789],[105.900065,20.771784],[105.900071,20.771784],[105.900076,20.771779],[105.900076,20.771774],[105.900081,20.771774],[105.900087,20.771769],[105.900092,20.771764],[105.900097,20.771759],[105.900103,20.771759],[105.900103,20.771754],[105.900108,20.771754],[105.900114,20.771749],[105.900119,20.771749],[105.900119,20.771744],[105.900124,20.771739],[105.90013,20.771739],[105.90013,20.771734],[105.900135,20.771734],[105.90014,20.771729],[105.900146,20.771724],[105.900151,20.771719],[105.900156,20.771719],[105.900156,20.771714],[105.900162,20.771714],[105.900167,20.771709],[105.900173,20.771704],[105.900178,20.771699],[105.900183,20.771699],[105.900183,20.771694],[105.900189,20.771694],[105.900194,20.771689],[105.900199,20.771684],[105.900205,20.771679],[105.90021,20.771679],[105.90021,20.771673],[105.900216,20.771673],[105.900221,20.771668],[105.900226,20.771668],[105.900226,20.771663],[105.900232,20.771658],[105.900237,20.771658],[105.900237,20.771653],[105.900242,20.771653],[105.90073,20.771287]],[[105.900049,20.771799],[105.900591,20.771393],[105.900596,20.771388],[105.900602,20.771388],[105.900602,20.771383],[105.900607,20.771383],[105.900612,20.771378],[105.900618,20.771373],[105.900623,20.771373],[105.900623,20.771368],[105.900629,20.771363],[105.900634,20.771363],[105.900634,20.771357],[105.900639,20.771357],[105.900645,20.771352],[105.90065,20.771347],[105.900655,20.771347],[105.900661,20.771342],[105.900666,20.771337],[105.900666,20.771332],[105.900671,20.771332],[105.900677,20.771327],[105.900682,20.771322],[105.900688,20.771322],[105.900688,20.771317],[105.900693,20.771317],[105.900698,20.771312],[105.900704,20.771307],[105.900709,20.771307],[105.900709,20.771302],[105.900714,20.771302],[105.90072,20.771297],[105.900725,20.771292],[105.90073,20.771287]],[[105.908632,20.695726],[105.908546,20.695661],[105.908305,20.6955],[105.908053,20.695355],[105.90779,20.695224],[105.907522,20.695109],[105.907248,20.695014],[105.906964,20.694938],[105.903338,20.69406]],[[105.908632,20.69537],[105.908552,20.695315],[105.9083,20.695169],[105.908037,20.695039],[105.907769,20.694928],[105.90749,20.694828],[105.907205,20.694753],[105.904346,20.69406]],[[105.906658,20.694863],[105.885801,20.68982]],[[105.907586,20.694863],[105.90749,20.694833],[105.907205,20.694753],[105.885801,20.689579]],[[105.907774,21.150895],[105.912119,21.147568],[105.912361,21.147368],[105.912591,21.147158],[105.9128,21.146928],[105.912999,21.146688],[105.913176,21.146437],[105.913337,21.146172],[105.913476,21.145902],[105.913594,21.145622],[105.913605,21.145592]],[[105.909078,21.125898],[105.907774,21.121139]],[[105.907774,21.116155],[105.90786,21.11607],[105.920182,21.1046]],[[105.919324,21.105401],[105.926222,21.098975],[105.926362,21.09884],[105.926485,21.098694],[105.926603,21.098544],[105.926705,21.098384],[105.926796,21.098214],[105.926877,21.098044],[105.926941,21.097869],[105.926995,21.097683],[105.927038,21.097503],[105.927064,21.097318],[105.927075,21.097128],[105.927075,21.096943],[105.927059,21.096752],[105.927032,21.096567],[105.926989,21.096387],[105.92693,21.096207],[105.926861,21.096027],[105.92678,21.095857],[105.926684,21.095691],[105.926582,21.095536],[105.926464,21.095381],[105.926335,21.095241],[105.926195,21.095106],[105.924543,21.093609],[105.924414,21.093484],[105.921206,21.090171],[105.917907,21.086767],[105.91684,21.085671],[105.916668,21.085516],[105.916378,21.085271],[105.916341,21.085241],[105.916303,21.085211],[105.916271,21.085181],[105.916234,21.085151],[105.916201,21.085121],[105.916169,21.085091],[105.916137,21.085061],[105.916105,21.085031],[105.915912,21.084855],[105.915885,21.084825],[105.915853,21.084795],[105.915821,21.08476],[105.915788,21.08473],[105.915756,21.0847],[105.915724,21.084665],[105.915692,21.084635],[105.91566,21.0846],[105.915177,21.0841]],[[105.91596,21.084901],[105.915912,21.084855],[105.915885,21.084825],[105.915853,21.084795],[105.915821,21.084765],[105.915788,21.08473],[105.915756,21.0847],[105.915724,21.084665],[105.915692,21.084635],[105.91566,21.0846],[105.907774,21.076436]],[[105.913203,21.146392],[105.913337,21.146172],[105.913476,21.145902],[105.913594,21.145622],[105.913696,21.145337],[105.913777,21.145042],[105.913836,21.144746],[105.913873,21.144446],[105.913889,21.144146],[105.913884,21.143841],[105.913857,21.143541],[105.913809,21.14324],[105.913739,21.142945],[105.908858,21.125097]],[[105.907774,20.763422],[105.908005,20.763141],[105.908509,20.76256],[105.90867,20.762374],[105.910875,20.759891],[105.91088,20.759886],[105.910885,20.759881],[105.910885,20.759876],[105.910891,20.759876],[105.910891,20.759871],[105.910896,20.759866],[105.910901,20.759866],[105.910901,20.759861],[105.910907,20.759856],[105.910907,20.759851],[105.910912,20.759851],[105.910912,20.759846],[105.910918,20.759841],[105.910923,20.759836],[105.910928,20.759831],[105.910934,20.759826],[105.910934,20.759821],[105.910939,20.759821],[105.910939,20.759816],[105.910944,20.759811],[105.91095,20.759806],[105.910955,20.759801],[105.91096,20.759796],[105.91096,20.759791],[105.910966,20.759791],[105.910966,20.759786],[105.910971,20.759781],[105.910977,20.759776],[105.910982,20.759771],[105.910987,20.759766],[105.910987,20.759761],[105.910993,20.759761],[105.910993,20.759756],[105.910998,20.759751],[105.911003,20.759746],[105.911003,20.759741],[105.911009,20.759741],[105.911009,20.759736],[105.911014,20.759731],[105.911019,20.759731],[105.911019,20.759726],[105.911025,20.759721],[105.91103,20.759716],[105.91103,20.75971],[105.911036,20.75971],[105.911036,20.759705],[105.911041,20.7597],[105.911046,20.759695],[105.911046,20.75969],[105.911052,20.75969],[105.911052,20.759685],[105.911057,20.759685],[105.911057,20.75968],[105.911062,20.759675],[105.911068,20.75967],[105.911068,20.759665],[105.911073,20.759665],[105.911073,20.75966],[105.911078,20.759655],[105.911084,20.75965],[105.911084,20.759645],[105.911089,20.759645],[105.911089,20.75964],[105.911095,20.759635],[105.9111,20.75963],[105.9111,20.759625],[105.911105,20.759625],[105.911105,20.75962],[105.911111,20.75962],[105.911111,20.759615],[105.911116,20.75961],[105.911121,20.759605],[105.911121,20.7596],[105.911127,20.7596],[105.911127,20.759595],[105.911132,20.75959],[105.911137,20.759585],[105.911137,20.75958],[105.911143,20.75958],[105.911143,20.759575],[105.911148,20.759575],[105.911148,20.75957],[105.911154,20.759565],[105.911159,20.75956],[105.911159,20.759555],[105.911164,20.759555],[105.911164,20.75955],[105.91117,20.759545],[105.91117,20.75954],[105.911175,20.759535],[105.91118,20.75953],[105.911186,20.759525],[105.911186,20.75952],[105.911191,20.75952],[105.911191,20.759515],[105.911196,20.75951],[105.911196,20.759505],[105.911202,20.759505],[105.911202,20.7595],[105.911207,20.759495],[105.911213,20.75949],[105.911213,20.759485],[105.911218,20.759485],[105.911218,20.75948],[105.911218,20.759475],[105.911223,20.759475],[105.911223,20.75947],[105.911229,20.75947],[105.911229,20.759465],[105.911234,20.75946],[105.911234,20.759455],[105.911239,20.75945],[105.911245,20.759445],[105.91125,20.75944],[105.91125,20.759435],[105.911255,20.75943],[105.911255,20.759425],[105.911261,20.759425],[105.911261,20.75942],[105.911261,20.759415],[105.911266,20.759415],[105.911266,20.75941],[105.911272,20.75941],[105.911272,20.759405],[105.911352,20.759279],[105.911422,20.759154],[105.911481,20.759023],[105.911534,20.758888],[105.911577,20.758747],[105.91161,20.758607],[105.911631,20.758466],[105.911647,20.758321],[105.911647,20.758316],[105.911647,20.758311],[105.911647,20.758306],[105.911647,20.758301],[105.911647,20.758296],[105.911647,20.758291],[105.911647,20.758286],[105.911647,20.758281],[105.911647,20.758276],[105.911647,20.758271],[105.911647,20.758266],[105.911647,20.758261],[105.911647,20.758256],[105.911647,20.758251],[105.911647,20.758246],[105.911647,20.758241],[105.911647,20.758236],[105.911647,20.758231],[105.911647,20.758226],[105.911647,20.758221],[105.911647,20.758216],[105.911647,20.758211],[105.911647,20.758206],[105.911647,20.758201],[105.911647,20.758196],[105.911647,20.758191],[105.911647,20.758186],[105.911647,20.758181],[105.911647,20.758176],[105.911647,20.758171],[105.911647,20.758166],[105.911647,20.75816],[105.911647,20.758155],[105.911647,20.75815],[105.911647,20.758145],[105.911647,20.75814],[105.911647,20.758135],[105.911647,20.75813],[105.911647,20.758125],[105.911647,20.75812],[105.911647,20.758115],[105.911647,20.75811],[105.911647,20.758105],[105.911647,20.7581],[105.911647,20.758095],[105.911647,20.75809],[105.911647,20.758085],[105.911647,20.75808],[105.911647,20.758075],[105.911647,20.75807],[105.911647,20.758065],[105.911647,20.75806],[105.911647,20.758055],[105.911647,20.75805],[105.911647,20.758045],[105.911647,20.75804],[105.911647,20.758035],[105.911647,20.75803],[105.911647,20.758025],[105.911647,20.75802],[105.911647,20.758015],[105.911647,20.75801],[105.911647,20.758005],[105.911647,20.758],[105.911647,20.757995],[105.911642,20.75799],[105.911642,20.757985],[105.911642,20.75798],[105.911642,20.757975],[105.911642,20.75797],[105.911642,20.757965],[105.911642,20.75796],[105.911642,20.757955],[105.911642,20.75795],[105.911642,20.757945],[105.911642,20.75794],[105.911642,20.757935],[105.911642,20.75793],[105.911642,20.757925],[105.911642,20.75792],[105.911642,20.757915],[105.911642,20.75791],[105.911642,20.757905],[105.911642,20.7579],[105.911642,20.757895],[105.911636,20.757895],[105.911636,20.75789],[105.911636,20.757885],[105.911636,20.75788],[105.911636,20.757875],[105.911636,20.75787],[105.911636,20.757865],[105.911636,20.75786],[105.911636,20.757855],[105.911636,20.757849],[105.911636,20.757844],[105.911636,20.757839],[105.911636,20.757834],[105.911636,20.757829],[105.911636,20.757824],[105.911636,20.757819],[105.911636,20.757814],[105.911631,20.757809],[105.911631,20.757804],[105.911631,20.757799],[105.911631,20.757794],[105.911631,20.757789],[105.911631,20.757784],[105.911631,20.757779],[105.911631,20.757774],[105.911631,20.757769],[105.911631,20.757764],[105.911631,20.757759],[105.911631,20.757754],[105.911631,20.757749],[105.911631,20.757744],[105.911631,20.757739],[105.911626,20.757734],[105.911626,20.757729],[105.911626,20.757724],[105.911626,20.757719],[105.911626,20.757714],[105.911626,20.757709],[105.911626,20.757704],[105.911481,20.755713]],[[105.907774,20.763543],[105.907806,20.763498],[105.908246,20.762956],[105.90875,20.762374],[105.908917,20.762188],[105.911121,20.759705],[105.911127,20.7597],[105.911127,20.759695],[105.911132,20.759695],[105.911132,20.75969],[105.911137,20.759685],[105.911143,20.759685],[105.911143,20.75968],[105.911148,20.759675],[105.911148,20.75967],[105.911154,20.75967],[105.911154,20.759665],[105.911159,20.75966],[105.911164,20.759655],[105.91117,20.75965],[105.911175,20.759645],[105.911175,20.75964],[105.91118,20.75964],[105.91118,20.759635],[105.911186,20.75963],[105.911191,20.75963],[105.911191,20.759625],[105.911196,20.75962],[105.911202,20.759615],[105.911202,20.75961],[105.911207,20.75961],[105.911207,20.759605],[105.911213,20.7596],[105.911218,20.759595],[105.911223,20.75959],[105.911229,20.759585],[105.911229,20.75958],[105.911234,20.75958],[105.911234,20.759575],[105.911239,20.75957],[105.911245,20.759565],[105.911245,20.75956],[105.91125,20.75956],[105.91125,20.759555],[105.911255,20.75955],[105.911261,20.75955],[105.911261,20.759545],[105.911266,20.75954],[105.911272,20.759535],[105.911272,20.75953],[105.911277,20.75953],[105.911277,20.759525],[105.911282,20.75952],[105.911288,20.759515],[105.911288,20.75951],[105.911293,20.75951],[105.911293,20.759505],[105.911298,20.7595],[105.911304,20.759495],[105.911309,20.75949],[105.911309,20.759485],[105.911314,20.759485],[105.91132,20.75948],[105.91132,20.759475],[105.911325,20.759475],[105.911325,20.75947],[105.911331,20.759465],[105.911336,20.75946],[105.911336,20.759455],[105.911341,20.759455],[105.911341,20.75945],[105.911347,20.759445],[105.911352,20.75944],[105.911357,20.759435],[105.911357,20.75943],[105.911363,20.75943],[105.911363,20.759425],[105.911368,20.75942],[105.911368,20.759415],[105.911373,20.75941],[105.911379,20.75941],[105.911379,20.759405],[105.911379,20.759399],[105.911384,20.759399],[105.911384,20.759394],[105.91139,20.759389],[105.911395,20.759384],[105.9114,20.759379],[105.9114,20.759374],[105.911406,20.759374],[105.911406,20.759369],[105.911411,20.759364],[105.911416,20.759359],[105.911416,20.759354],[105.911422,20.759354],[105.911422,20.759349],[105.911427,20.759344],[105.911427,20.759339],[105.911433,20.759339],[105.911433,20.759334],[105.911438,20.759329],[105.911443,20.759324],[105.911443,20.759319],[105.911449,20.759319],[105.911449,20.759314],[105.911454,20.759309],[105.911454,20.759304],[105.911459,20.759304],[105.911459,20.759299],[105.911465,20.759294],[105.911465,20.759289],[105.91147,20.759289],[105.91147,20.759284],[105.911475,20.759279],[105.911481,20.759274],[105.911481,20.759269],[105.911486,20.759264],[105.911486,20.759259],[105.911492,20.759259],[105.911492,20.759254],[105.911497,20.759254],[105.911497,20.759249],[105.911497,20.759244],[105.911502,20.759244],[105.911502,20.759239],[105.911508,20.759234],[105.911508,20.759229],[105.911513,20.759229],[105.911513,20.759224],[105.911518,20.759219],[105.911593,20.759099],[105.911663,20.758968],[105.911728,20.758838],[105.911776,20.758702],[105.911819,20.758562],[105.911851,20.758421],[105.911878,20.758281],[105.911888,20.75814],[105.911888,20.758135],[105.911888,20.75813],[105.911888,20.758125],[105.911888,20.75812],[105.911888,20.758115],[105.911888,20.75811],[105.911888,20.758105],[105.911894,20.758105],[105.911894,20.7581],[105.911894,20.758095],[105.911894,20.75809],[105.911894,20.758085],[105.911894,20.75808],[105.911894,20.758075],[105.911894,20.75807],[105.911894,20.758065],[105.911894,20.75806],[105.911894,20.758055],[105.911894,20.75805],[105.911894,20.758045],[105.911894,20.75804],[105.911894,20.758035],[105.911894,20.75803],[105.911894,20.758025],[105.911894,20.75802],[105.911894,20.758015],[105.911894,20.75801],[105.911894,20.758005],[105.911894,20.758],[105.911894,20.757995],[105.911894,20.75799],[105.911894,20.757985],[105.911894,20.75798],[105.911894,20.757975],[105.911894,20.75797],[105.911894,20.757965],[105.911894,20.75796],[105.911894,20.757955],[105.911894,20.75795],[105.911894,20.757945],[105.911894,20.75794],[105.911894,20.757935],[105.911894,20.75793],[105.911894,20.757925],[105.911894,20.75792],[105.911894,20.757915],[105.911894,20.75791],[105.911894,20.757905],[105.911894,20.7579],[105.911894,20.757895],[105.911894,20.75789],[105.911894,20.757885],[105.911894,20.75788],[105.911894,20.757875],[105.911894,20.75787],[105.911894,20.757865],[105.911894,20.75786],[105.911888,20.757855],[105.911888,20.757849],[105.911888,20.757844],[105.911888,20.757839],[105.911888,20.757834],[105.911888,20.757829],[105.911888,20.757824],[105.911888,20.757819],[105.911888,20.757814],[105.911888,20.757809],[105.911888,20.757804],[105.911888,20.757799],[105.911888,20.757794],[105.911888,20.757789],[105.911888,20.757784],[105.911888,20.757779],[105.911888,20.757774],[105.911888,20.757769],[105.911888,20.757764],[105.911888,20.757759],[105.911888,20.757754],[105.911888,20.757749],[105.911883,20.757744],[105.911883,20.757739],[105.911883,20.757734],[105.911883,20.757729],[105.911883,20.757724],[105.911883,20.757719],[105.911883,20.757714],[105.911883,20.757709],[105.911883,20.757704],[105.911883,20.757699],[105.911883,20.757694],[105.911883,20.757689],[105.911883,20.757684],[105.911883,20.757679],[105.911883,20.757674],[105.911883,20.757669],[105.911883,20.757664],[105.911883,20.757659],[105.911878,20.757659],[105.911878,20.757654],[105.911878,20.757649],[105.911878,20.757644],[105.911878,20.757639],[105.911878,20.757634],[105.911878,20.757629],[105.911878,20.757624],[105.911878,20.757619],[105.911878,20.757614],[105.911878,20.757609],[105.911878,20.757604],[105.911878,20.757599],[105.911878,20.757594],[105.911878,20.757589],[105.911872,20.757584],[105.911872,20.757579],[105.911872,20.757574],[105.911872,20.757569],[105.911872,20.757564],[105.911872,20.757559],[105.911872,20.757554],[105.911872,20.757549],[105.911872,20.757544],[105.911872,20.757538],[105.911872,20.757533],[105.911872,20.757528],[105.911872,20.757523],[105.911872,20.757518],[105.911738,20.755713]],[[105.91154,20.756515],[105.911379,20.754328],[105.911368,20.754198],[105.911347,20.754067],[105.911314,20.753942],[105.911282,20.753816],[105.910655,20.75183],[105.910649,20.75181],[105.910644,20.751805],[105.910644,20.7518],[105.910644,20.751795],[105.910639,20.75179],[105.910639,20.751785],[105.910639,20.75178],[105.910633,20.751775],[105.910633,20.75177],[105.910633,20.751765],[105.910633,20.75176],[105.910628,20.751755],[105.910628,20.75175],[105.910628,20.751745],[105.910622,20.75174],[105.910622,20.751735],[105.910622,20.75173],[105.910622,20.751725],[105.910617,20.75172],[105.910617,20.751715],[105.910617,20.75171],[105.910617,20.751705],[105.910612,20.7517],[105.910612,20.751694],[105.910612,20.751689],[105.910606,20.751684],[105.910606,20.751679],[105.910606,20.751674],[105.910601,20.751669],[105.910601,20.751664],[105.910601,20.751659],[105.910601,20.751654],[105.910596,20.751649],[105.910596,20.751644],[105.910596,20.751639],[105.91059,20.751634],[105.91059,20.751629],[105.91059,20.751624],[105.91059,20.751619],[105.910585,20.751614],[105.910585,20.751609],[105.910585,20.751604],[105.910585,20.751599],[105.91058,20.751594],[105.91058,20.751589],[105.91058,20.751584],[105.91058,20.751579],[105.910574,20.751579],[105.910574,20.751574],[105.910574,20.751569],[105.910574,20.751564],[105.910569,20.751559],[105.910569,20.751554],[105.910569,20.751549],[105.910569,20.751544],[105.910563,20.751539],[105.910563,20.751534],[105.910563,20.751529],[105.910563,20.751524],[105.910558,20.751519],[105.910558,20.751514],[105.910558,20.751509],[105.910558,20.751504],[105.910553,20.751499],[105.910553,20.751494],[105.910553,20.751489],[105.910553,20.751484],[105.910547,20.751484],[105.910547,20.751479],[105.910547,20.751474],[105.910547,20.751469],[105.910542,20.751464],[105.910542,20.751459],[105.910542,20.751454],[105.910542,20.751449],[105.910478,20.751163],[105.910435,20.750872],[105.910408,20.750581],[105.910403,20.75029],[105.910403,20.750285],[105.910403,20.75028],[105.910403,20.750275],[105.910403,20.75027],[105.910403,20.750265],[105.910408,20.75026],[105.910408,20.750255],[105.910408,20.75025],[105.910408,20.750245],[105.910408,20.75024],[105.910408,20.750235],[105.910408,20.75023],[105.910408,20.750225],[105.910408,20.75022],[105.910408,20.750215],[105.910408,20.75021],[105.910408,20.750205],[105.910408,20.7502],[105.910408,20.750195],[105.910408,20.75019],[105.910408,20.750185],[105.910408,20.75018],[105.910408,20.750175],[105.910408,20.750169],[105.910408,20.750164],[105.910408,20.750159],[105.910408,20.750154],[105.910408,20.750149],[105.910408,20.750144],[105.910408,20.750139],[105.910408,20.750134],[105.910408,20.750129],[105.910413,20.750124],[105.910413,20.750119],[105.910413,20.750114],[105.910413,20.750109],[105.910413,20.750104],[105.910413,20.750099],[105.910413,20.750094],[105.910413,20.750089],[105.910413,20.750084],[105.910413,20.750079],[105.910413,20.750074],[105.910413,20.750069],[105.910413,20.750064],[105.910413,20.750059],[105.910413,20.750054],[105.910413,20.750049],[105.910413,20.750044],[105.910413,20.750039],[105.910419,20.750034],[105.910419,20.750029],[105.910419,20.750024],[105.910419,20.750019],[105.910419,20.750014],[105.910419,20.750009],[105.910419,20.750004],[105.910419,20.749999],[105.910419,20.749994],[105.910419,20.749989],[105.910419,20.749984],[105.910419,20.749979],[105.910419,20.749974],[105.910419,20.749969],[105.910419,20.749964],[105.910419,20.749959],[105.910424,20.749954],[105.910424,20.749949],[105.910424,20.749944],[105.910424,20.749939],[105.910424,20.749934],[105.910424,20.749929],[105.910424,20.749924],[105.910424,20.749919],[105.910424,20.749914],[105.910424,20.749909],[105.910424,20.749904],[105.910424,20.749899],[105.910424,20.749894],[105.910424,20.749889],[105.910424,20.749884],[105.910429,20.749879],[105.910429,20.749874],[105.910429,20.749869],[105.910429,20.749863],[105.910451,20.749578],[105.910451,20.749573],[105.910451,20.749568],[105.910451,20.749563],[105.910451,20.749557],[105.910451,20.749552],[105.910451,20.749547],[105.910451,20.749542],[105.910451,20.749537],[105.910451,20.749532],[105.910451,20.749527],[105.910451,20.749522],[105.910451,20.749517],[105.910451,20.749512],[105.910456,20.749507],[105.910456,20.749502],[105.910456,20.749497],[105.910456,20.749492],[105.910456,20.749487],[105.910456,20.749482],[105.910456,20.749477],[105.910456,20.749472],[105.910456,20.749467],[105.910456,20.749462],[105.910456,20.749457],[105.910456,20.749452],[105.910456,20.749447],[105.910462,20.749442],[105.910462,20.749437],[105.910462,20.749432],[105.910462,20.749427],[105.910462,20.749422],[105.910462,20.749417],[105.910462,20.749412],[105.910462,20.749407],[105.910462,20.749402],[105.910462,20.749397],[105.910462,20.749392],[105.910462,20.749387],[105.910462,20.749382],[105.910462,20.749377],[105.910467,20.749372],[105.910467,20.749367],[105.910467,20.749362],[105.910467,20.749357],[105.910467,20.749352],[105.910467,20.749347],[105.910467,20.749342],[105.910467,20.749337],[105.910467,20.749332],[105.910467,20.749327],[105.910467,20.749322],[105.910467,20.749317],[105.910467,20.749312],[105.910472,20.749307],[105.910472,20.749302],[105.910472,20.749297],[105.910472,20.749292],[105.910472,20.749287],[105.910472,20.749282],[105.910472,20.749277],[105.910472,20.749272],[105.910472,20.749267],[105.910472,20.749262],[105.910472,20.749257],[105.910478,20.749251],[105.910478,20.749246],[105.910478,20.749241],[105.910478,20.749236],[105.910478,20.749231],[105.910478,20.749226],[105.910478,20.749221],[105.910478,20.749216],[105.910478,20.749211],[105.910478,20.749206],[105.910478,20.749201],[105.910483,20.749196],[105.910483,20.749191],[105.910483,20.749186],[105.910483,20.749181],[105.910483,20.749176],[105.910483,20.749171],[105.910483,20.749166],[105.910483,20.749161],[105.910483,20.749156],[105.910531,20.74883],[105.910596,20.748514],[105.910681,20.748198],[105.910681,20.748193],[105.910681,20.748188],[105.910681,20.748183],[105.910687,20.748178],[105.910687,20.748173],[105.910687,20.748168],[105.910692,20.748163],[105.910692,20.748158],[105.910692,20.748153],[105.910692,20.748148],[105.910698,20.748143],[105.910698,20.748138],[105.910698,20.748133],[105.910703,20.748128],[105.910703,20.748123],[105.910703,20.748118],[105.910703,20.748113],[105.910708,20.748108],[105.910708,20.748103],[105.910708,20.748098],[105.910714,20.748093],[105.910714,20.748088],[105.910714,20.748083],[105.910719,20.748078],[105.910719,20.748073],[105.910719,20.748068],[105.910719,20.748063],[105.910724,20.748058],[105.910724,20.748053],[105.910724,20.748048],[105.91073,20.748043],[105.91073,20.748037],[105.91073,20.748032],[105.91073,20.748027],[105.910735,20.748027],[105.910735,20.748022],[105.910735,20.748017],[105.910735,20.748012],[105.91074,20.748007],[105.91074,20.748002],[105.91074,20.747997],[105.910746,20.747992],[105.910746,20.747987],[105.910746,20.747982],[105.910751,20.747977],[105.910751,20.747972],[105.910751,20.747967],[105.910751,20.747962],[105.910757,20.747957],[105.910757,20.747952],[105.910757,20.747947],[105.910762,20.747942],[105.910762,20.747937],[105.910762,20.747932],[105.910767,20.747927],[105.910767,20.747922],[105.910767,20.747917],[105.910773,20.747912],[105.910773,20.747907],[105.910773,20.747902],[105.910778,20.747897],[105.910778,20.747892],[105.910778,20.747887],[105.910778,20.747882],[105.910783,20.747877],[105.910783,20.747872],[105.910789,20.747867],[105.910789,20.747862],[105.910789,20.747857],[105.910789,20.747852],[105.910794,20.747847],[105.910794,20.747842],[105.910794,20.747837],[105.9108,20.747832],[105.9108,20.747827],[105.9108,20.747822],[105.910805,20.747812],[105.911223,20.746578],[105.911293,20.746377],[105.91198,20.74435],[105.912044,20.74415],[105.912811,20.741897],[105.912876,20.741701],[105.913305,20.740377],[105.913315,20.740347],[105.913315,20.740342],[105.913315,20.740337],[105.913321,20.740332],[105.913321,20.740327],[105.913321,20.740322],[105.913321,20.740317],[105.913326,20.740317],[105.913326,20.740312],[105.913326,20.740307],[105.913326,20.740302],[105.913332,20.740297],[105.913332,20.740292],[105.913332,20.740287],[105.913337,20.740282],[105.913337,20.740277],[105.913337,20.740272],[105.913337,20.740267],[105.913342,20.740262],[105.913342,20.740257],[105.913342,20.740252],[105.913342,20.740247],[105.913348,20.740247],[105.913348,20.740242],[105.913348,20.740237],[105.913348,20.740232],[105.913353,20.740227],[105.913353,20.740222],[105.913353,20.740217],[105.913353,20.740212],[105.913358,20.740206],[105.913358,20.740201],[105.913358,20.740196],[105.913364,20.740191],[105.913364,20.740186],[105.913364,20.740181],[105.913364,20.740176],[105.913369,20.740171],[105.913369,20.740166],[105.913369,20.740161],[105.913369,20.740156],[105.913374,20.740151],[105.913374,20.740146],[105.913374,20.740141],[105.91338,20.740136],[105.91338,20.740131],[105.91338,20.740126],[105.91338,20.740121],[105.913385,20.740116],[105.913385,20.740111],[105.913385,20.740106],[105.913385,20.740101],[105.913385,20.740096],[105.913391,20.740096],[105.913391,20.740091],[105.913391,20.740086],[105.913391,20.740081],[105.913396,20.740076],[105.913396,20.740071],[105.913396,20.740066],[105.913396,20.740061],[105.913401,20.740056],[105.913401,20.740051],[105.913401,20.740046],[105.913401,20.740041],[105.913401,20.740036],[105.913407,20.740036],[105.913407,20.740031],[105.913407,20.740026],[105.913407,20.740021],[105.913407,20.740016],[105.913412,20.740011],[105.913412,20.740006],[105.913412,20.740001],[105.913412,20.739996],[105.913412,20.739991],[105.913417,20.739991],[105.913417,20.739986],[105.913417,20.739981],[105.913417,20.739976],[105.913417,20.739971],[105.913417,20.739966],[105.913423,20.739961],[105.913444,20.739825],[105.91346,20.739695],[105.913466,20.739559],[105.913466,20.739424],[105.913455,20.739288],[105.913433,20.739158],[105.913407,20.739023],[105.913407,20.739018],[105.913401,20.739018],[105.913401,20.739013],[105.913401,20.739007],[105.913401,20.739002],[105.913401,20.738997],[105.913396,20.738992],[105.913396,20.738987],[105.913396,20.738982],[105.913396,20.738977],[105.913391,20.738977],[105.913391,20.738972],[105.913391,20.738967],[105.913391,20.738962],[105.913391,20.738957],[105.913385,20.738952],[105.913385,20.738947],[105.913385,20.738942],[105.913385,20.738937],[105.91338,20.738932],[105.91338,20.738927],[105.91338,20.738922],[105.91338,20.738917],[105.913374,20.738917],[105.913374,20.738912],[105.913374,20.738907],[105.913374,20.738902],[105.913369,20.738897],[105.913369,20.738892],[105.913369,20.738887],[105.913364,20.738882],[105.913364,20.738877],[105.913364,20.738872],[105.913364,20.738867],[105.913358,20.738862],[105.913358,20.738857],[105.913358,20.738852],[105.913353,20.738847],[105.913353,20.738842],[105.913353,20.738837],[105.913353,20.738832],[105.913348,20.738827],[105.913348,20.738822],[105.913348,20.738817],[105.913342,20.738812],[105.913342,20.738807],[105.913342,20.738802],[105.913337,20.738797],[105.913337,20.738792],[105.913337,20.738787],[105.913332,20.738782],[105.913332,20.738777],[105.913332,20.738772],[105.913332,20.738767],[105.913326,20.738767],[105.913326,20.738762],[105.913326,20.738757],[105.913326,20.738752],[105.913321,20.738747],[105.913321,20.738742],[105.913321,20.738737],[105.913315,20.738732],[105.913315,20.738727],[105.913315,20.738722],[105.91331,20.738717],[105.91331,20.738711],[105.91331,20.738706],[105.913305,20.738701],[105.913305,20.738696],[105.913305,20.738691],[105.913299,20.738686],[105.913299,20.738681],[105.913299,20.738676],[105.913294,20.738671],[105.913294,20.738666],[105.913294,20.738661],[105.913289,20.738656],[105.913289,20.738651],[105.913289,20.738646],[105.913283,20.738641],[105.913283,20.738636],[105.913283,20.738631],[105.913278,20.738626],[105.913278,20.738621],[105.913278,20.738616],[105.913278,20.738611],[105.913273,20.738611],[105.913273,20.738606],[105.913273,20.738601],[105.913267,20.738596],[105.913267,20.738591],[105.913267,20.738586],[105.913262,20.738581],[105.913262,20.738576],[105.913262,20.738571],[105.913256,20.738566],[105.913256,20.738561],[105.913256,20.738556],[105.913251,20.738551],[105.913203,20.738415],[105.912602,20.73674],[105.912597,20.736725],[105.912591,20.73672],[105.912591,20.736715],[105.912591,20.73671],[105.912591,20.736705],[105.912586,20.7367],[105.912586,20.736695],[105.91258,20.73669],[105.91258,20.736685],[105.91258,20.73668],[105.91258,20.736675],[105.912575,20.73667],[105.912575,20.736665],[105.91257,20.73666],[105.91257,20.736655],[105.91257,20.73665],[105.91257,20.736645],[105.912564,20.73664],[105.912564,20.736635],[105.912564,20.736629],[105.912559,20.736629],[105.912559,20.736624],[105.912559,20.736619],[105.912554,20.736614],[105.912554,20.736609],[105.912554,20.736604],[105.912554,20.736599],[105.912548,20.736594],[105.912548,20.736589],[105.912548,20.736584],[105.912543,20.736584],[105.912543,20.736579],[105.912543,20.736574],[105.912543,20.736569],[105.912538,20.736564],[105.912538,20.736559],[105.912538,20.736554],[105.912532,20.736549],[105.912532,20.736544],[105.912532,20.736539],[105.912527,20.736539],[105.912527,20.736534],[105.912527,20.736529],[105.912527,20.736524],[105.912521,20.736519],[105.912521,20.736514],[105.912521,20.736509],[105.912516,20.736504],[105.912516,20.736499],[105.912516,20.736494],[105.912516,20.736489],[105.912511,20.736489],[105.912511,20.736484],[105.912511,20.736479],[105.912505,20.736474],[105.912505,20.736469],[105.912505,20.736464],[105.912505,20.736459],[105.9125,20.736454],[105.9125,20.736449],[105.9125,20.736444],[105.912495,20.736439],[105.912495,20.736434],[105.912495,20.736429],[105.912495,20.736424],[105.912489,20.736424],[105.912489,20.736419],[105.912489,20.736414],[105.912484,20.736409],[105.912484,20.736404],[105.912484,20.736399],[105.912484,20.736394],[105.912479,20.736389],[105.912479,20.736384],[105.912479,20.736379],[105.912479,20.736374],[105.912473,20.736369],[105.912473,20.736364],[105.912473,20.736359],[105.912468,20.736354],[105.912468,20.736349],[105.912468,20.736344],[105.912462,20.736339],[105.912462,20.736333],[105.912462,20.736328],[105.912462,20.736323],[105.912457,20.736318],[105.912457,20.736313],[105.912457,20.736308],[105.912452,20.736303],[105.912452,20.736298],[105.912452,20.736293],[105.912452,20.736288],[105.912446,20.736283],[105.912446,20.736278],[105.912446,20.736273],[105.912446,20.736268],[105.912441,20.736263],[105.912441,20.736258],[105.912441,20.736253],[105.912441,20.736248],[105.912436,20.736243],[105.912436,20.736238],[105.912436,20.736233],[105.912436,20.736228],[105.91243,20.736223],[105.912398,20.736103],[105.912398,20.736098],[105.912398,20.736093],[105.912398,20.736088],[105.912398,20.736083],[105.912393,20.736078],[105.912393,20.736073],[105.912393,20.736068],[105.912393,20.736063],[105.912393,20.736058],[105.912387,20.736053],[105.912387,20.736048],[105.912387,20.736043],[105.912387,20.736037],[105.912387,20.736032],[105.912382,20.736027],[105.912382,20.736022],[105.912382,20.736017],[105.912382,20.736012],[105.912382,20.736007],[105.912377,20.736002],[105.912377,20.735997],[105.912377,20.735992],[105.912377,20.735987],[105.912377,20.735982],[105.912371,20.735977],[105.912371,20.735972],[105.912371,20.735967],[105.912371,20.735962],[105.912371,20.735957],[105.912366,20.735952],[105.912366,20.735947],[105.912366,20.735942],[105.912366,20.735937],[105.912366,20.735932],[105.912366,20.735927],[105.912361,20.735922],[105.912361,20.735917],[105.912361,20.735912],[105.912361,20.735907],[105.912355,20.735902],[105.912355,20.735897],[105.912355,20.735892],[105.912355,20.735887],[105.912355,20.735882],[105.912355,20.735877],[105.91235,20.735872],[105.91235,20.735867],[105.91235,20.735862],[105.91235,20.735857],[105.91235,20.735852],[105.91235,20.735847],[105.912344,20.735842],[105.912344,20.735837],[105.912344,20.735832],[105.912344,20.735827],[105.912344,20.735822],[105.912344,20.735817],[105.912344,20.735812],[105.912339,20.735812],[105.912339,20.735807],[105.912339,20.735802],[105.912339,20.735797],[105.912339,20.735792],[105.912339,20.735787],[105.912334,20.735782],[105.912334,20.735777],[105.912334,20.735772],[105.912334,20.735767],[105.912334,20.735762],[105.912334,20.735757],[105.912334,20.735752],[105.912328,20.735747],[105.912328,20.735741],[105.912328,20.735736],[105.912328,20.735731],[105.912328,20.735726],[105.912328,20.735721],[105.912323,20.735716],[105.912323,20.735711],[105.912323,20.735706],[105.912323,20.735701],[105.912323,20.735696],[105.912323,20.735691],[105.912323,20.735686],[105.912318,20.735681],[105.912318,20.735676],[105.912318,20.735671],[105.912318,20.735666],[105.912318,20.735661],[105.912318,20.735656],[105.912312,20.735651],[105.912312,20.735646],[105.912312,20.735641],[105.912312,20.735636],[105.912312,20.735631],[105.912312,20.735626],[105.912312,20.735621],[105.912307,20.735616],[105.912307,20.735611],[105.912307,20.735606],[105.912307,20.735601],[105.912307,20.735596],[105.912307,20.735591],[105.912307,20.735586],[105.912302,20.735581],[105.912302,20.735576],[105.912302,20.735571],[105.912302,20.735566],[105.912302,20.735561],[105.912302,20.735556],[105.912302,20.735551],[105.912296,20.735546],[105.912296,20.735541],[105.912296,20.735536],[105.912296,20.735531],[105.912237,20.735165]],[[105.911797,20.756515],[105.911626,20.754142],[105.91161,20.754012],[105.911588,20.753887],[105.911561,20.753761],[105.911524,20.753636],[105.910896,20.751644],[105.910891,20.751624],[105.910891,20.751619],[105.910891,20.751614],[105.910885,20.751614],[105.910885,20.751609],[105.910885,20.751604],[105.910885,20.751599],[105.91088,20.751594],[105.91088,20.751589],[105.91088,20.751584],[105.91088,20.751579],[105.910875,20.751574],[105.910875,20.751569],[105.910869,20.751564],[105.910869,20.751559],[105.910869,20.751554],[105.910869,20.751549],[105.910864,20.751544],[105.910864,20.751539],[105.910864,20.751534],[105.910864,20.751529],[105.910859,20.751529],[105.910859,20.751524],[105.910859,20.751519],[105.910859,20.751514],[105.910853,20.751509],[105.910853,20.751504],[105.910853,20.751499],[105.910853,20.751494],[105.910848,20.751489],[105.910848,20.751484],[105.910848,20.751479],[105.910842,20.751474],[105.910842,20.751469],[105.910842,20.751464],[105.910842,20.751459],[105.910837,20.751454],[105.910837,20.751449],[105.910837,20.751444],[105.910832,20.751439],[105.910832,20.751434],[105.910832,20.751429],[105.910832,20.751424],[105.910826,20.751419],[105.910826,20.751414],[105.910826,20.751409],[105.910821,20.751404],[105.910821,20.751399],[105.910821,20.751394],[105.910821,20.751388],[105.910816,20.751383],[105.910816,20.751378],[105.910816,20.751373],[105.910816,20.751368],[105.91081,20.751363],[105.91081,20.751358],[105.91081,20.751353],[105.91081,20.751348],[105.910805,20.751343],[105.910805,20.751338],[105.910805,20.751333],[105.9108,20.751328],[105.9108,20.751323],[105.9108,20.751318],[105.9108,20.751313],[105.910794,20.751308],[105.910794,20.751303],[105.910794,20.751298],[105.910794,20.751293],[105.910794,20.751288],[105.910789,20.751283],[105.910789,20.751278],[105.910789,20.751273],[105.910789,20.751268],[105.910783,20.751263],[105.910719,20.750977],[105.910676,20.750691],[105.910655,20.7504],[105.910649,20.750109],[105.910649,20.750104],[105.910649,20.750099],[105.910649,20.750094],[105.910649,20.750089],[105.910649,20.750084],[105.910649,20.750079],[105.910649,20.750074],[105.910649,20.750069],[105.910649,20.750064],[105.910649,20.750059],[105.910649,20.750054],[105.910649,20.750049],[105.910649,20.750044],[105.910649,20.750039],[105.910649,20.750034],[105.910649,20.750029],[105.910649,20.750024],[105.910649,20.750019],[105.910655,20.750014],[105.910655,20.750009],[105.910655,20.750004],[105.910655,20.749999],[105.910655,20.749994],[105.910655,20.749989],[105.910655,20.749984],[105.910655,20.749979],[105.910655,20.749974],[105.910655,20.749969],[105.910655,20.749964],[105.910655,20.749959],[105.910655,20.749954],[105.910655,20.749949],[105.910655,20.749944],[105.910655,20.749939],[105.910655,20.749934],[105.910655,20.749929],[105.910655,20.749924],[105.910655,20.749919],[105.910655,20.749914],[105.910655,20.749909],[105.91066,20.749904],[105.91066,20.749899],[105.91066,20.749894],[105.91066,20.749889],[105.91066,20.749884],[105.91066,20.749879],[105.91066,20.749874],[105.91066,20.749869],[105.91066,20.749863],[105.91066,20.749858],[105.91066,20.749853],[105.91066,20.749848],[105.91066,20.749843],[105.91066,20.749838],[105.91066,20.749833],[105.91066,20.749828],[105.91066,20.749823],[105.910665,20.749818],[105.910665,20.749813],[105.910665,20.749808],[105.910665,20.749803],[105.910665,20.749798],[105.910665,20.749793],[105.910665,20.749788],[105.910665,20.749783],[105.910665,20.749778],[105.910665,20.749773],[105.910665,20.749768],[105.910665,20.749763],[105.910665,20.749758],[105.910665,20.749753],[105.910665,20.749748],[105.910665,20.749743],[105.910671,20.749738],[105.910671,20.749733],[105.910671,20.749728],[105.910671,20.749723],[105.910671,20.749718],[105.910671,20.749713],[105.910671,20.749708],[105.910671,20.749703],[105.910671,20.749698],[105.910671,20.749693],[105.910671,20.749688],[105.910671,20.749683],[105.910671,20.749678],[105.910692,20.749392],[105.910692,20.749387],[105.910692,20.749382],[105.910692,20.749377],[105.910698,20.749372],[105.910698,20.749367],[105.910698,20.749362],[105.910698,20.749357],[105.910698,20.749352],[105.910698,20.749347],[105.910698,20.749342],[105.910698,20.749337],[105.910698,20.749332],[105.910698,20.749327],[105.910698,20.749322],[105.910698,20.749317],[105.910698,20.749312],[105.910698,20.749307],[105.910698,20.749302],[105.910703,20.749297],[105.910703,20.749292],[105.910703,20.749287],[105.910703,20.749282],[105.910703,20.749277],[105.910703,20.749272],[105.910703,20.749267],[105.910703,20.749262],[105.910703,20.749257],[105.910703,20.749251],[105.910703,20.749246],[105.910703,20.749241],[105.910703,20.749236],[105.910703,20.749231],[105.910708,20.749226],[105.910708,20.749221],[105.910708,20.749216],[105.910708,20.749211],[105.910708,20.749206],[105.910708,20.749201],[105.910708,20.749196],[105.910708,20.749191],[105.910708,20.749186],[105.910708,20.749181],[105.910708,20.749176],[105.910708,20.749171],[105.910708,20.749166],[105.910714,20.749161],[105.910714,20.749156],[105.910714,20.749151],[105.910714,20.749146],[105.910714,20.749141],[105.910714,20.749136],[105.910714,20.749131],[105.910714,20.749126],[105.910714,20.749121],[105.910714,20.749116],[105.910714,20.749111],[105.910714,20.749106],[105.910719,20.749101],[105.910719,20.749096],[105.910719,20.749091],[105.910719,20.749086],[105.910719,20.749081],[105.910719,20.749076],[105.910719,20.749071],[105.910719,20.749066],[105.910719,20.749061],[105.910719,20.749056],[105.910719,20.749051],[105.910719,20.749046],[105.910724,20.749041],[105.910724,20.749036],[105.910724,20.749031],[105.910724,20.749026],[105.910724,20.749021],[105.910724,20.749016],[105.910724,20.749011],[105.910724,20.749006],[105.910724,20.749001],[105.91073,20.748996],[105.91073,20.748991],[105.91073,20.748986],[105.91073,20.748981],[105.91073,20.748976],[105.91073,20.748971],[105.910778,20.74865],[105.910842,20.748328],[105.910923,20.748012],[105.910928,20.748007],[105.910928,20.748002],[105.910928,20.747997],[105.910928,20.747992],[105.910934,20.747987],[105.910934,20.747982],[105.910934,20.747977],[105.910939,20.747972],[105.910939,20.747967],[105.910939,20.747962],[105.910939,20.747957],[105.910944,20.747952],[105.910944,20.747947],[105.910944,20.747942],[105.91095,20.747937],[105.91095,20.747932],[105.91095,20.747927],[105.91095,20.747922],[105.910955,20.747917],[105.910955,20.747912],[105.910955,20.747907],[105.91096,20.747902],[105.91096,20.747897],[105.91096,20.747892],[105.91096,20.747887],[105.910966,20.747882],[105.910966,20.747877],[105.910966,20.747872],[105.910971,20.747867],[105.910971,20.747862],[105.910971,20.747857],[105.910977,20.747852],[105.910977,20.747847],[105.910977,20.747842],[105.910977,20.747837],[105.910982,20.747832],[105.910982,20.747827],[105.910982,20.747822],[105.910987,20.747817],[105.910987,20.747812],[105.910987,20.747807],[105.910993,20.747802],[105.910993,20.747797],[105.910993,20.747792],[105.910998,20.747787],[105.910998,20.747782],[105.910998,20.747777],[105.910998,20.747772],[105.911003,20.747772],[105.911003,20.747767],[105.911003,20.747762],[105.911003,20.747757],[105.911009,20.747752],[105.911009,20.747747],[105.911009,20.747742],[105.911014,20.747736],[105.911014,20.747731],[105.911014,20.747726],[105.911019,20.747721],[105.911019,20.747716],[105.911019,20.747711],[105.911019,20.747706],[105.911025,20.747701],[105.911025,20.747696],[105.91103,20.747691],[105.91103,20.747686],[105.91103,20.747681],[105.91103,20.747676],[105.911036,20.747671],[105.911036,20.747666],[105.911036,20.747661],[105.911041,20.747661],[105.911041,20.747656],[105.911041,20.747651],[105.911041,20.747646],[105.911046,20.747641],[105.911046,20.747636],[105.911052,20.747626],[105.91147,20.746392],[105.911534,20.746196],[105.912226,20.744165],[105.912291,20.743969],[105.913058,20.741717],[105.913122,20.741521],[105.913546,20.740196],[105.913557,20.740161],[105.913562,20.740156],[105.913562,20.740151],[105.913562,20.740146],[105.913562,20.740141],[105.913568,20.740141],[105.913568,20.740136],[105.913568,20.740131],[105.913568,20.740126],[105.913573,20.740121],[105.913573,20.740116],[105.913573,20.740111],[105.913578,20.740106],[105.913578,20.740101],[105.913578,20.740096],[105.913578,20.740091],[105.913584,20.740091],[105.913584,20.740086],[105.913584,20.740081],[105.913584,20.740076],[105.913589,20.740071],[105.913589,20.740066],[105.913589,20.740061],[105.913589,20.740056],[105.913594,20.740051],[105.913594,20.740046],[105.913594,20.740041],[105.9136,20.740036],[105.9136,20.740031],[105.9136,20.740026],[105.9136,20.740021],[105.913605,20.740016],[105.913605,20.740011],[105.913605,20.740006],[105.91361,20.740001],[105.91361,20.739996],[105.91361,20.739991],[105.91361,20.739986],[105.913616,20.739981],[105.913616,20.739976],[105.913616,20.739971],[105.913616,20.739966],[105.913621,20.739961],[105.913621,20.739956],[105.913621,20.739951],[105.913627,20.739946],[105.913627,20.739941],[105.913627,20.739936],[105.913627,20.739931],[105.913632,20.739926],[105.913632,20.739921],[105.913632,20.739916],[105.913632,20.739911],[105.913632,20.739905],[105.913637,20.7399],[105.913637,20.739895],[105.913637,20.73989],[105.913637,20.739885],[105.913643,20.739885],[105.913643,20.73988],[105.913643,20.739875],[105.913643,20.73987],[105.913643,20.739865],[105.913648,20.73986],[105.913648,20.739855],[105.913648,20.73985],[105.913648,20.739845],[105.913653,20.73984],[105.913653,20.739835],[105.913653,20.73983],[105.913653,20.739825],[105.913659,20.73982],[105.913659,20.739815],[105.913659,20.73981],[105.913659,20.739805],[105.913659,20.7398],[105.913659,20.739795],[105.913664,20.739795],[105.913664,20.73979],[105.913664,20.739785],[105.913664,20.73978],[105.913664,20.739775],[105.913691,20.739645],[105.913702,20.739509],[105.913712,20.739374],[105.913707,20.739238],[105.913696,20.739103],[105.91368,20.738972],[105.913648,20.738842],[105.913648,20.738837],[105.913648,20.738832],[105.913648,20.738827],[105.913648,20.738822],[105.913643,20.738817],[105.913643,20.738812],[105.913643,20.738807],[105.913643,20.738802],[105.913637,20.738797],[105.913637,20.738792],[105.913637,20.738787],[105.913637,20.738782],[105.913632,20.738777],[105.913632,20.738772],[105.913632,20.738767],[105.913632,20.738762],[105.913627,20.738757],[105.913627,20.738752],[105.913627,20.738747],[105.913627,20.738742],[105.913621,20.738742],[105.913621,20.738737],[105.913621,20.738732],[105.913621,20.738727],[105.913621,20.738722],[105.913616,20.738722],[105.913616,20.738717],[105.913616,20.738711],[105.913616,20.738706],[105.91361,20.738706],[105.91361,20.738701],[105.91361,20.738696],[105.91361,20.738691],[105.913605,20.738686],[105.913605,20.738681],[105.913605,20.738676],[105.9136,20.738671],[105.9136,20.738666],[105.9136,20.738661],[105.9136,20.738656],[105.913594,20.738651],[105.913594,20.738646],[105.913594,20.738641],[105.913589,20.738636],[105.913589,20.738631],[105.913589,20.738626],[105.913584,20.738621],[105.913584,20.738616],[105.913584,20.738611],[105.913584,20.738606],[105.913578,20.738606],[105.913578,20.738601],[105.913578,20.738596],[105.913578,20.738591],[105.913573,20.738586],[105.913573,20.738581],[105.913573,20.738576],[105.913568,20.738571],[105.913568,20.738566],[105.913568,20.738561],[105.913562,20.738556],[105.913562,20.738551],[105.913562,20.738546],[105.913557,20.738541],[105.913557,20.738536],[105.913557,20.738531],[105.913557,20.738526],[105.913551,20.738526],[105.913551,20.738521],[105.913551,20.738516],[105.913551,20.738511],[105.913546,20.738506],[105.913546,20.738501],[105.913546,20.738496],[105.913541,20.738491],[105.913541,20.738486],[105.913535,20.738481],[105.913535,20.738476],[105.913535,20.738471],[105.913535,20.738466],[105.91353,20.738461],[105.91353,20.738456],[105.91353,20.738451],[105.913525,20.738446],[105.913525,20.738441],[105.913525,20.738436],[105.913519,20.738436],[105.913519,20.738431],[105.913519,20.738426],[105.913519,20.738421],[105.913514,20.738415],[105.913514,20.73841],[105.913509,20.738405],[105.913509,20.7384],[105.913509,20.738395],[105.913509,20.73839],[105.913503,20.738385],[105.913503,20.73838],[105.913498,20.738375],[105.913498,20.73837],[105.913498,20.738365],[105.91345,20.73823],[105.912849,20.736559],[105.912838,20.736539],[105.912838,20.736534],[105.912838,20.736529],[105.912833,20.736529],[105.912833,20.736524],[105.912833,20.736519],[105.912833,20.736514],[105.912827,20.736509],[105.912827,20.736504],[105.912827,20.736499],[105.912822,20.736494],[105.912822,20.736489],[105.912822,20.736484],[105.912817,20.736479],[105.912817,20.736474],[105.912817,20.736469],[105.912811,20.736464],[105.912811,20.736459],[105.912811,20.736454],[105.912806,20.736449],[105.912806,20.736444],[105.912806,20.736439],[105.9128,20.736434],[105.9128,20.736429],[105.9128,20.736424],[105.912795,20.736419],[105.912795,20.736414],[105.912795,20.736409],[105.91279,20.736404],[105.91279,20.736399],[105.91279,20.736394],[105.912784,20.736389],[105.912784,20.736384],[105.912784,20.736379],[105.912784,20.736374],[105.912779,20.736374],[105.912779,20.736369],[105.912779,20.736364],[105.912774,20.736359],[105.912774,20.736354],[105.912774,20.736349],[105.912774,20.736344],[105.912768,20.736339],[105.912768,20.736333],[105.912768,20.736328],[105.912763,20.736323],[105.912763,20.736318],[105.912758,20.736313],[105.912758,20.736308],[105.912758,20.736303],[105.912758,20.736298],[105.912752,20.736293],[105.912752,20.736288],[105.912752,20.736283],[105.912747,20.736278],[105.912747,20.736273],[105.912747,20.736268],[105.912747,20.736263],[105.912741,20.736263],[105.912741,20.736258],[105.912741,20.736253],[105.912736,20.736248],[105.912736,20.736243],[105.912736,20.736238],[105.912736,20.736233],[105.912731,20.736228],[105.912731,20.736223],[105.912731,20.736218],[105.912731,20.736213],[105.912725,20.736208],[105.912725,20.736203],[105.912725,20.736198],[105.91272,20.736193],[105.91272,20.736188],[105.91272,20.736183],[105.912715,20.736178],[105.912715,20.736173],[105.912715,20.736168],[105.912709,20.736163],[105.912709,20.736158],[105.912709,20.736153],[105.912709,20.736148],[105.912704,20.736143],[105.912704,20.736138],[105.912704,20.736133],[105.912704,20.736128],[105.912699,20.736123],[105.912699,20.736118],[105.912699,20.736113],[105.912699,20.736108],[105.912693,20.736103],[105.912693,20.736098],[105.912693,20.736093],[105.912693,20.736088],[105.912688,20.736083],[105.912688,20.736078],[105.912688,20.736073],[105.912682,20.736068],[105.912682,20.736063],[105.912682,20.736058],[105.912677,20.736053],[105.912677,20.736048],[105.912677,20.736043],[105.912645,20.735917],[105.912645,20.735912],[105.912645,20.735907],[105.912639,20.735902],[105.912639,20.735897],[105.912639,20.735892],[105.912639,20.735887],[105.912639,20.735882],[105.912634,20.735877],[105.912634,20.735872],[105.912634,20.735867],[105.912634,20.735862],[105.912634,20.735857],[105.912629,20.735852],[105.912629,20.735847],[105.912629,20.735842],[105.912629,20.735837],[105.912629,20.735832],[105.912623,20.735827],[105.912623,20.735822],[105.912623,20.735817],[105.912623,20.735812],[105.912623,20.735807],[105.912618,20.735802],[105.912618,20.735797],[105.912618,20.735792],[105.912618,20.735787],[105.912613,20.735782],[105.912613,20.735777],[105.912613,20.735772],[105.912613,20.735767],[105.912613,20.735762],[105.912607,20.735757],[105.912607,20.735752],[105.912607,20.735747],[105.912607,20.735741],[105.912607,20.735736],[105.912607,20.735731],[105.912602,20.735726],[105.912602,20.735721],[105.912602,20.735716],[105.912602,20.735711],[105.912602,20.735706],[105.912602,20.735701],[105.912597,20.735696],[105.912597,20.735691],[105.912597,20.735686],[105.912597,20.735681],[105.912597,20.735676],[105.912597,20.735671],[105.912591,20.735666],[105.912591,20.735661],[105.912591,20.735656],[105.912591,20.735651],[105.912591,20.735646],[105.912586,20.735641],[105.912586,20.735636],[105.912586,20.735631],[105.912586,20.735626],[105.912586,20.735621],[105.912586,20.735616],[105.912586,20.735611],[105.91258,20.735606],[105.91258,20.735601],[105.91258,20.735596],[105.91258,20.735591],[105.91258,20.735586],[105.91258,20.735581],[105.912575,20.735576],[105.912575,20.735571],[105.912575,20.735566],[105.912575,20.735561],[105.912575,20.735556],[105.912575,20.735551],[105.91257,20.735546],[105.91257,20.735541],[105.91257,20.735536],[105.91257,20.735531],[105.91257,20.735526],[105.91257,20.735521],[105.91257,20.735516],[105.912564,20.735511],[105.912564,20.735506],[105.912564,20.735501],[105.912564,20.735496],[105.912564,20.735491],[105.912564,20.735486],[105.912559,20.735481],[105.912559,20.735476],[105.912559,20.735471],[105.912559,20.735466],[105.912559,20.735461],[105.912559,20.735456],[105.912554,20.735451],[105.912554,20.735445],[105.912554,20.73544],[105.912554,20.735435],[105.912554,20.73543],[105.912554,20.735425],[105.912554,20.73542],[105.912554,20.735415],[105.912548,20.73541],[105.912548,20.735405],[105.912548,20.7354],[105.912548,20.735395],[105.912548,20.73539],[105.912548,20.735385],[105.912548,20.73538],[105.912543,20.735375],[105.912543,20.73537],[105.912543,20.735365],[105.912543,20.73536],[105.912543,20.735355],[105.912543,20.73535],[105.912511,20.735165]],[[105.912371,20.735967],[105.912371,20.735962],[105.912371,20.735957],[105.912366,20.735952],[105.912366,20.735947],[105.912366,20.735942],[105.912366,20.735937],[105.912366,20.735932],[105.912366,20.735927],[105.912361,20.735922],[105.912361,20.735917],[105.912361,20.735912],[105.912361,20.735907],[105.912355,20.735902],[105.912355,20.735897],[105.912355,20.735892],[105.912355,20.735887],[105.912355,20.735882],[105.912355,20.735877],[105.91235,20.735872],[105.91235,20.735867],[105.91235,20.735862],[105.91235,20.735857],[105.91235,20.735852],[105.91235,20.735847],[105.912344,20.735842],[105.912344,20.735837],[105.912344,20.735832],[105.912344,20.735827],[105.912344,20.735822],[105.912344,20.735817],[105.912344,20.735812],[105.912339,20.735812],[105.912339,20.735807],[105.912339,20.735802],[105.912339,20.735797],[105.912339,20.735792],[105.912339,20.735787],[105.912334,20.735782],[105.912334,20.735777],[105.912334,20.735772],[105.912334,20.735767],[105.912334,20.735762],[105.912334,20.735757],[105.912334,20.735752],[105.912328,20.735747],[105.912328,20.735741],[105.912328,20.735736],[105.912328,20.735731],[105.912328,20.735726],[105.912328,20.735721],[105.912323,20.735716],[105.912323,20.735711],[105.912323,20.735706],[105.912323,20.735701],[105.912323,20.735696],[105.912323,20.735691],[105.912323,20.735686],[105.912318,20.735681],[105.912318,20.735676],[105.912318,20.735671],[105.912318,20.735666],[105.912318,20.735661],[105.912318,20.735656],[105.912312,20.735651],[105.912312,20.735646],[105.912312,20.735641],[105.912312,20.735636],[105.912312,20.735631],[105.912312,20.735626],[105.912312,20.735621],[105.912307,20.735616],[105.912307,20.735611],[105.912307,20.735606],[105.912307,20.735601],[105.912307,20.735596],[105.912307,20.735591],[105.912307,20.735586],[105.912302,20.735581],[105.912302,20.735576],[105.912302,20.735571],[105.912302,20.735566],[105.912302,20.735561],[105.912302,20.735556],[105.912302,20.735551],[105.912296,20.735546],[105.912296,20.735541],[105.912296,20.735536],[105.912296,20.735531],[105.912114,20.734367],[105.912114,20.734362],[105.912114,20.734357],[105.912114,20.734352],[105.912114,20.734347],[105.912108,20.734342],[105.912108,20.734337],[105.912108,20.734332],[105.912108,20.734327],[105.912108,20.734322],[105.912108,20.734317],[105.912103,20.734312],[105.912103,20.734307],[105.912103,20.734302],[105.912103,20.734297],[105.912103,20.734292],[105.912103,20.734287],[105.912103,20.734282],[105.912098,20.734277],[105.912098,20.734272],[105.912098,20.734267],[105.912098,20.734261],[105.912098,20.734256],[105.912098,20.734251],[105.912098,20.734246],[105.912098,20.734241],[105.912092,20.734241],[105.912092,20.734236],[105.912092,20.734231],[105.912092,20.734226],[105.912092,20.734221],[105.912092,20.734216],[105.912092,20.734211],[105.912092,20.734206],[105.912087,20.734201],[105.912087,20.734196],[105.912087,20.734191],[105.912087,20.734186],[105.912087,20.734181],[105.912087,20.734176],[105.912082,20.734171],[105.912082,20.734166],[105.912082,20.734161],[105.912082,20.734156],[105.912082,20.734151],[105.912082,20.734146],[105.912082,20.734141],[105.912076,20.734136],[105.912076,20.734131],[105.912076,20.734126],[105.912076,20.734121],[105.912076,20.734116],[105.912076,20.734111],[105.912076,20.734106],[105.912076,20.734101],[105.912071,20.734096],[105.912071,20.734091],[105.912071,20.734086],[105.912071,20.734081],[105.912071,20.734076],[105.912071,20.734071],[105.912071,20.734066],[105.912066,20.734061],[105.912066,20.734056],[105.912066,20.734051],[105.912066,20.734046],[105.912066,20.734041],[105.912066,20.734036],[105.912066,20.734031],[105.91206,20.734026],[105.91206,20.734021],[105.91206,20.734016],[105.91206,20.734011],[105.91206,20.734006],[105.91206,20.734001],[105.91206,20.733996],[105.91206,20.733991],[105.912055,20.733986],[105.912055,20.733981],[105.912055,20.733976],[105.912055,20.733971],[105.912055,20.733965],[105.912055,20.73396],[105.912055,20.733955],[105.912049,20.73395],[105.912049,20.733945],[105.912049,20.73394],[105.912049,20.733935],[105.912049,20.73393],[105.912049,20.733925],[105.912049,20.73392],[105.912049,20.733915],[105.912049,20.73391],[105.912044,20.733905],[105.912044,20.7339],[105.912044,20.733895],[105.912044,20.73389],[105.912044,20.733885],[105.912044,20.73388],[105.912044,20.733875],[105.912044,20.73387],[105.912039,20.733865],[105.912039,20.73386],[105.912039,20.733855],[105.912039,20.73385],[105.912039,20.733845],[105.912039,20.73384],[105.912039,20.733835],[105.912039,20.73383],[105.912033,20.733825],[105.912033,20.73382],[105.912033,20.733815],[105.912033,20.73381],[105.912033,20.733805],[105.912033,20.7338],[105.912033,20.733795],[105.912033,20.73379],[105.912033,20.733785],[105.912028,20.73378],[105.912028,20.733775],[105.912028,20.73377],[105.912028,20.733765],[105.912028,20.73376],[105.912028,20.733755],[105.912028,20.73375],[105.912028,20.733745],[105.912028,20.73374],[105.912023,20.733735],[105.912023,20.73373],[105.912023,20.733725],[105.912023,20.73372],[105.912023,20.733715],[105.912023,20.73371],[105.912023,20.733705],[105.912023,20.7337],[105.912023,20.733695],[105.912023,20.73369],[105.912017,20.733685],[105.912017,20.73368],[105.912017,20.733675],[105.911985,20.733268],[105.911985,20.733263],[105.911985,20.733258],[105.911985,20.733253],[105.911985,20.733248],[105.911985,20.733243],[105.911985,20.733238],[105.911985,20.733233],[105.911985,20.733228],[105.911985,20.733223],[105.911985,20.733218],[105.911985,20.733213],[105.911985,20.733208],[105.911985,20.733203],[105.911985,20.733198],[105.911985,20.733193],[105.911985,20.733188],[105.911985,20.733183],[105.911985,20.733178],[105.911985,20.733173],[105.911985,20.733168],[105.911985,20.733163],[105.911985,20.733158],[105.911985,20.733153],[105.91198,20.733148],[105.91198,20.733143],[105.91198,20.733138],[105.91198,20.733133],[105.91198,20.733128],[105.91198,20.733123],[105.91198,20.733118],[105.91198,20.733113],[105.91198,20.733108],[105.91198,20.733103],[105.91198,20.733098],[105.91198,20.733093],[105.91198,20.733088],[105.91198,20.733083],[105.91198,20.733077],[105.91198,20.733072],[105.91198,20.733067],[105.91198,20.733062],[105.91198,20.733057],[105.91198,20.733052],[105.91198,20.733047],[105.91198,20.733042],[105.91198,20.733037],[105.91198,20.733032],[105.91198,20.733027],[105.91198,20.733022],[105.91198,20.733017],[105.91198,20.733012],[105.91198,20.733007],[105.91198,20.733002],[105.91198,20.732997],[105.91198,20.732992],[105.91198,20.732987],[105.91198,20.732982],[105.91198,20.732977],[105.91198,20.732972],[105.91198,20.732967],[105.91198,20.732962],[105.91198,20.732957],[105.91198,20.732952],[105.91198,20.732947],[105.91198,20.732942],[105.91198,20.732937],[105.91198,20.732932],[105.91198,20.732927],[105.91198,20.732922],[105.91198,20.732917],[105.91198,20.732912],[105.91198,20.732907],[105.91198,20.732902],[105.91198,20.732897],[105.91198,20.732892],[105.91198,20.732887],[105.91198,20.732882],[105.91198,20.732877],[105.911974,20.732872],[105.911974,20.732867],[105.911974,20.732862],[105.911974,20.732857],[105.911974,20.732852],[105.911974,20.732847],[105.911974,20.732842],[105.911974,20.732837],[105.911974,20.732832],[105.911974,20.732827],[105.911974,20.732822],[105.911974,20.732817],[105.911974,20.732812],[105.911974,20.732807],[105.911974,20.732802],[105.911974,20.732797],[105.911974,20.732792],[105.911974,20.732786],[105.911974,20.732781],[105.911974,20.732776],[105.911974,20.732771],[105.911974,20.732766],[105.911974,20.732761],[105.911974,20.732756],[105.911974,20.732751],[105.911974,20.732746],[105.911974,20.732736],[105.911974,20.732731],[105.911974,20.732716],[105.911974,20.732711],[105.911974,20.732701],[105.911974,20.732696],[105.911974,20.732691],[105.911974,20.732686],[105.911974,20.73247],[105.91198,20.730378],[105.91198,20.730163],[105.911985,20.724814],[105.911985,20.724583],[105.911985,20.723535],[105.911985,20.723515],[105.911985,20.72351],[105.911985,20.723505],[105.911985,20.7235],[105.911985,20.723495],[105.911985,20.72349],[105.911985,20.723485],[105.911985,20.72348],[105.911985,20.723475],[105.911985,20.72347],[105.911985,20.723465],[105.911985,20.72346],[105.911985,20.723455],[105.911985,20.72345],[105.911985,20.723445],[105.911985,20.723439],[105.911985,20.723434],[105.911985,20.723429],[105.911985,20.723424],[105.911985,20.723419],[105.911985,20.723414],[105.911985,20.723409],[105.911985,20.723404],[105.911985,20.723399],[105.911985,20.723394],[105.911985,20.723389],[105.911985,20.723384],[105.911985,20.723379],[105.911985,20.723374],[105.911985,20.723369],[105.911985,20.723364],[105.911985,20.723359],[105.911985,20.723354],[105.911985,20.723349],[105.911985,20.723344],[105.911985,20.723339],[105.911985,20.723334],[105.911985,20.723329],[105.911985,20.723324],[105.911985,20.723319],[105.911985,20.723314],[105.911985,20.723309],[105.911985,20.723304],[105.911985,20.723299],[105.911985,20.723294],[105.911985,20.723289],[105.911985,20.723284],[105.911985,20.723279],[105.911985,20.723274],[105.911985,20.723269],[105.91198,20.723269],[105.91198,20.723264],[105.91198,20.723259],[105.91198,20.723254],[105.91198,20.723249],[105.91198,20.723244],[105.91198,20.723239],[105.91198,20.723234],[105.91198,20.723229],[105.91198,20.723224],[105.91198,20.723219],[105.91198,20.723214],[105.91198,20.723209],[105.91198,20.723204],[105.91198,20.723199],[105.91198,20.723194],[105.91198,20.723189],[105.91198,20.723184],[105.91198,20.723179],[105.91198,20.723174],[105.91198,20.723169],[105.91198,20.723164],[105.91198,20.723159],[105.91198,20.723153],[105.911974,20.723148],[105.911958,20.722968],[105.911931,20.722787],[105.911888,20.722607],[105.91184,20.722431],[105.911781,20.722265],[105.91176,20.722215],[105.91176,20.72221],[105.911754,20.722205],[105.911754,20.7222],[105.911754,20.722195],[105.911749,20.72219],[105.911749,20.722185],[105.911744,20.72218],[105.911744,20.722175],[105.911744,20.72217],[105.911738,20.722165],[105.911738,20.72216],[105.911733,20.722155],[105.911733,20.72215],[105.911733,20.722145],[105.911728,20.72214],[105.911728,20.722135],[105.911722,20.72213],[105.911722,20.722125],[105.911722,20.72212],[105.911717,20.72212],[105.911717,20.722115],[105.911717,20.72211],[105.911711,20.722105],[105.911711,20.7221],[105.911706,20.722095],[105.911706,20.72209],[105.911706,20.722085],[105.911701,20.72208],[105.911701,20.722075],[105.911695,20.72207],[105.911695,20.722065],[105.911695,20.72206],[105.91169,20.722055],[105.91169,20.72205],[105.911685,20.722045],[105.911685,20.72204],[105.911679,20.722035],[105.911679,20.72203],[105.911679,20.722025],[105.911674,20.722025],[105.911674,20.72202],[105.911674,20.722015],[105.911669,20.72201],[105.911669,20.722005],[105.911663,20.722],[105.911663,20.721994],[105.911663,20.721989],[105.911658,20.721989],[105.911658,20.721984],[105.911652,20.721979],[105.911652,20.721974],[105.911652,20.721969],[105.911647,20.721969],[105.911647,20.721964],[105.911647,20.721959],[105.911642,20.721954],[105.911642,20.721949],[105.911636,20.721944],[105.911636,20.721939],[105.911636,20.721934],[105.911631,20.721934],[105.911631,20.721929],[105.911631,20.721924],[105.911626,20.721919],[105.911626,20.721914],[105.91162,20.721914],[105.91162,20.721909],[105.91162,20.721904],[105.911615,20.721899],[105.911615,20.721894],[105.91161,20.721889],[105.91161,20.721884],[105.91161,20.721879],[105.911604,20.721874],[105.911599,20.721869],[105.911599,20.721864],[105.911599,20.721859],[105.911593,20.721854],[105.911593,20.721849],[105.911588,20.721844],[105.911588,20.721839],[105.911583,20.721834],[105.911583,20.721829],[105.910703,20.720018],[105.910703,20.720013],[105.910698,20.720008],[105.910692,20.720003],[105.910692,20.719998],[105.910692,20.719993],[105.910687,20.719988],[105.910687,20.719983],[105.910681,20.719977],[105.910681,20.719972],[105.910676,20.719967],[105.910676,20.719962],[105.910676,20.719957],[105.910671,20.719957],[105.910671,20.719952],[105.910671,20.719947],[105.910665,20.719942],[105.910665,20.719937],[105.91066,20.719932],[105.91066,20.719927],[105.910655,20.719922],[105.910655,20.719917],[105.910649,20.719912],[105.910649,20.719907],[105.910649,20.719902],[105.910644,20.719902],[105.910644,20.719897],[105.910644,20.719892],[105.910639,20.719887],[105.910639,20.719882],[105.910633,20.719877],[105.910633,20.719872],[105.910628,20.719867],[105.910628,20.719862],[105.910622,20.719857],[105.910622,20.719852],[105.910622,20.719847],[105.910617,20.719842],[105.910617,20.719837],[105.910612,20.719832],[105.910612,20.719827],[105.910606,20.719822],[105.910606,20.719817],[105.910606,20.719812],[105.910601,20.719807],[105.910601,20.719802],[105.910596,20.719797],[105.910596,20.719792],[105.91059,20.719787],[105.91059,20.719782],[105.91059,20.719777],[105.910585,20.719772],[105.910585,20.719767],[105.91058,20.719762],[105.91058,20.719757],[105.910574,20.719752],[105.910574,20.719747],[105.910569,20.719742],[105.910569,20.719737],[105.910569,20.719732],[105.910563,20.719727],[105.910563,20.719722],[105.910563,20.719717],[105.910558,20.719712],[105.910558,20.719707],[105.910553,20.719707],[105.910553,20.719702],[105.910553,20.719697],[105.910547,20.719691],[105.910547,20.719686],[105.910547,20.719681],[105.910542,20.719676],[105.910542,20.719671],[105.910537,20.719666],[105.910537,20.719661],[105.910537,20.719656],[105.910531,20.719651],[105.910531,20.719646],[105.910531,20.719641],[105.910526,20.719641],[105.910526,20.719636],[105.910526,20.719631],[105.910521,20.719626],[105.910521,20.719621],[105.910515,20.719616],[105.910515,20.719611],[105.910515,20.719606],[105.91051,20.719601],[105.91051,20.719596],[105.91051,20.719591],[105.910504,20.719586],[105.910504,20.719581],[105.910504,20.719576],[105.910499,20.719571],[105.910499,20.719566],[105.910494,20.719561],[105.910494,20.719556],[105.910494,20.719551],[105.910488,20.719546],[105.910488,20.719541],[105.910488,20.719536],[105.910483,20.719531],[105.910483,20.719526],[105.910483,20.719521],[105.910478,20.719516],[105.910478,20.719511],[105.910478,20.719506],[105.910472,20.719501],[105.910472,20.719496],[105.910472,20.719491],[105.910445,20.719431],[105.910403,20.719285],[105.910365,20.71914],[105.910322,20.718934],[105.910295,20.718733],[105.910295,20.718728],[105.910295,20.718723],[105.910295,20.718718],[105.910295,20.718713],[105.910295,20.718708],[105.910295,20.718703],[105.910295,20.718693],[105.910295,20.718688],[105.91029,20.718683],[105.91029,20.718678],[105.91029,20.718673],[105.91029,20.718668],[105.91029,20.718663],[105.91029,20.718658],[105.91029,20.718653],[105.91029,20.718648],[105.91029,20.718643],[105.91029,20.718638],[105.91029,20.718633],[105.91029,20.718628],[105.91029,20.718623],[105.91029,20.718618],[105.91029,20.718613],[105.91029,20.718608],[105.910285,20.718603],[105.910285,20.718598],[105.910285,20.718593],[105.910285,20.718588],[105.910285,20.718583],[105.910285,20.718578],[105.910285,20.718573],[105.910285,20.718568],[105.910285,20.718563],[105.910285,20.718558],[105.910285,20.718553],[105.910285,20.718548],[105.910285,20.718542],[105.910285,20.718537],[105.910285,20.718532],[105.910285,20.718527],[105.910285,20.718522],[105.910285,20.718517],[105.910285,20.718512],[105.910285,20.718507],[105.910285,20.718502],[105.910285,20.718497],[105.910285,20.718492],[105.910285,20.718487],[105.910285,20.718482],[105.910285,20.718477],[105.910285,20.718472],[105.910285,20.718467],[105.910279,20.718462],[105.910279,20.718457],[105.910279,20.718452],[105.910279,20.718447],[105.910279,20.718442],[105.910279,20.718437],[105.910279,20.718432],[105.910279,20.718427],[105.910279,20.718422],[105.910279,20.718417],[105.910279,20.718412],[105.910279,20.718407],[105.910279,20.718402],[105.910279,20.718397],[105.910279,20.718392],[105.910279,20.718387],[105.910279,20.718382],[105.910279,20.718377],[105.910279,20.718372],[105.910279,20.718367],[105.910279,20.718362],[105.910279,20.718357],[105.910279,20.718352],[105.910279,20.718347],[105.910279,20.718342],[105.910279,20.718337],[105.910279,20.718332],[105.910279,20.718327],[105.910279,20.718322],[105.910279,20.718317],[105.910279,20.718312],[105.910279,20.718307],[105.910279,20.718302],[105.910279,20.718297],[105.910279,20.718292],[105.910279,20.718287],[105.910279,20.718282],[105.910279,20.718277],[105.910279,20.718272],[105.910279,20.718267],[105.910279,20.718262],[105.910279,20.718256],[105.910279,20.718251],[105.910279,20.718246],[105.910279,20.718241],[105.910279,20.718236],[105.910279,20.718231],[105.910279,20.718226],[105.910279,20.718221],[105.910279,20.718216],[105.910279,20.718211],[105.910279,20.718206],[105.910279,20.718201],[105.910279,20.718196],[105.910279,20.718191],[105.910279,20.718186],[105.910279,20.718181],[105.910279,20.718176],[105.910279,20.718171],[105.910285,20.718166],[105.910285,20.718161],[105.910285,20.718156],[105.910285,20.718151],[105.910285,20.718146],[105.910311,20.715652],[105.910317,20.715417],[105.910327,20.714614]],[[105.912656,20.735967],[105.912645,20.735917],[105.912645,20.735912],[105.912645,20.735907],[105.912639,20.735902],[105.912639,20.735897],[105.912639,20.735892],[105.912639,20.735887],[105.912639,20.735882],[105.912634,20.735877],[105.912634,20.735872],[105.912634,20.735867],[105.912634,20.735862],[105.912634,20.735857],[105.912629,20.735852],[105.912629,20.735847],[105.912629,20.735842],[105.912629,20.735837],[105.912629,20.735832],[105.912623,20.735827],[105.912623,20.735822],[105.912623,20.735817],[105.912623,20.735812],[105.912623,20.735807],[105.912618,20.735802],[105.912618,20.735792],[105.912618,20.735787],[105.912613,20.735782],[105.912613,20.735777],[105.912613,20.735772],[105.912613,20.735767],[105.912613,20.735762],[105.912607,20.735757],[105.912607,20.735752],[105.912607,20.735747],[105.912607,20.735741],[105.912607,20.735736],[105.912607,20.735731],[105.912602,20.735726],[105.912602,20.735721],[105.912602,20.735716],[105.912602,20.735711],[105.912602,20.735706],[105.912602,20.735701],[105.912597,20.735696],[105.912597,20.735691],[105.912597,20.735686],[105.912597,20.735681],[105.912597,20.735676],[105.912597,20.735671],[105.912591,20.735666],[105.912591,20.735661],[105.912591,20.735656],[105.912591,20.735651],[105.912591,20.735646],[105.912586,20.735641],[105.912586,20.735636],[105.912586,20.735631],[105.912586,20.735626],[105.912586,20.735621],[105.912586,20.735616],[105.912586,20.735611],[105.91258,20.735606],[105.91258,20.735601],[105.91258,20.735596],[105.91258,20.735591],[105.91258,20.735586],[105.91258,20.735581],[105.912575,20.735576],[105.912575,20.735571],[105.912575,20.735566],[105.912575,20.735561],[105.912575,20.735556],[105.912575,20.735551],[105.91257,20.735546],[105.91257,20.735541],[105.91257,20.735536],[105.91257,20.735531],[105.91257,20.735526],[105.91257,20.735521],[105.91257,20.735516],[105.912564,20.735511],[105.912564,20.735506],[105.912564,20.735501],[105.912564,20.735496],[105.912564,20.735491],[105.912564,20.735486],[105.912559,20.735481],[105.912559,20.735476],[105.912559,20.735471],[105.912559,20.735466],[105.912559,20.735461],[105.912559,20.735456],[105.912554,20.735451],[105.912554,20.735445],[105.912554,20.73544],[105.912554,20.735435],[105.912554,20.73543],[105.912554,20.735425],[105.912554,20.73542],[105.912554,20.735415],[105.912548,20.73541],[105.912548,20.735405],[105.912548,20.7354],[105.912548,20.735395],[105.912548,20.73539],[105.912548,20.735385],[105.912548,20.73538],[105.912543,20.735375],[105.912543,20.73537],[105.912543,20.735365],[105.912543,20.73536],[105.912543,20.735355],[105.912543,20.73535],[105.912361,20.734181],[105.912361,20.734176],[105.912355,20.734171],[105.912355,20.734166],[105.912355,20.734161],[105.912355,20.734156],[105.912355,20.734151],[105.912355,20.734146],[105.91235,20.734141],[105.91235,20.734136],[105.91235,20.734131],[105.91235,20.734126],[105.91235,20.734121],[105.91235,20.734116],[105.91235,20.734111],[105.912344,20.734106],[105.912344,20.734101],[105.912344,20.734096],[105.912344,20.734091],[105.912344,20.734086],[105.912344,20.734081],[105.912344,20.734076],[105.912344,20.734071],[105.912339,20.734071],[105.912339,20.734066],[105.912339,20.734061],[105.912339,20.734056],[105.912339,20.734051],[105.912339,20.734046],[105.912339,20.734041],[105.912334,20.734036],[105.912334,20.734031],[105.912334,20.734026],[105.912334,20.734021],[105.912334,20.734016],[105.912334,20.734011],[105.912334,20.734006],[105.912328,20.734001],[105.912328,20.733996],[105.912328,20.733991],[105.912328,20.733986],[105.912328,20.733981],[105.912328,20.733976],[105.912328,20.733971],[105.912323,20.733965],[105.912323,20.73396],[105.912323,20.733955],[105.912323,20.73395],[105.912323,20.733945],[105.912323,20.73394],[105.912323,20.733935],[105.912323,20.73393],[105.912318,20.733925],[105.912318,20.73392],[105.912318,20.733915],[105.912318,20.73391],[105.912318,20.733905],[105.912318,20.7339],[105.912318,20.733895],[105.912312,20.73389],[105.912312,20.733885],[105.912312,20.73388],[105.912312,20.733875],[105.912312,20.73387],[105.912312,20.733865],[105.912312,20.73386],[105.912307,20.733855],[105.912307,20.73385],[105.912307,20.733845],[105.912307,20.73384],[105.912307,20.733835],[105.912307,20.73383],[105.912307,20.733825],[105.912307,20.73382],[105.912302,20.733815],[105.912302,20.73381],[105.912302,20.733805],[105.912302,20.7338],[105.912302,20.733795],[105.912302,20.73379],[105.912302,20.733785],[105.912296,20.73378],[105.912296,20.733775],[105.912296,20.73377],[105.912296,20.733765],[105.912296,20.73376],[105.912296,20.733755],[105.912296,20.73375],[105.912296,20.733745],[105.912291,20.733745],[105.912291,20.73374],[105.912291,20.733735],[105.912291,20.73373],[105.912291,20.733725],[105.912291,20.73372],[105.912291,20.733715],[105.912291,20.73371],[105.912291,20.733705],[105.912285,20.7337],[105.912285,20.733695],[105.912285,20.73369],[105.912285,20.733685],[105.912285,20.73368],[105.912285,20.733675],[105.912285,20.733669],[105.912285,20.733664],[105.91228,20.733659],[105.91228,20.733654],[105.91228,20.733649],[105.91228,20.733644],[105.91228,20.733639],[105.91228,20.733634],[105.91228,20.733629],[105.91228,20.733624],[105.91228,20.733619],[105.912275,20.733614],[105.912275,20.733609],[105.912275,20.733604],[105.912275,20.733599],[105.912275,20.733594],[105.912275,20.733589],[105.912275,20.733584],[105.912275,20.733579],[105.912275,20.733574],[105.912269,20.733569],[105.912269,20.733564],[105.912269,20.733559],[105.912269,20.733554],[105.912269,20.733549],[105.912269,20.733544],[105.912269,20.733539],[105.912269,20.733534],[105.912269,20.733529],[105.912269,20.733524],[105.912264,20.733519],[105.912264,20.733514],[105.912264,20.733509],[105.912264,20.733504],[105.912264,20.733499],[105.912264,20.733494],[105.912232,20.733088],[105.912232,20.733083],[105.912232,20.733077],[105.912232,20.733072],[105.912232,20.733067],[105.912232,20.733062],[105.912232,20.733057],[105.912232,20.733052],[105.912232,20.733047],[105.912232,20.733042],[105.912232,20.733037],[105.912232,20.733032],[105.912232,20.733027],[105.912232,20.733022],[105.912226,20.733017],[105.912226,20.733012],[105.912226,20.733007],[105.912226,20.733002],[105.912226,20.732997],[105.912226,20.732992],[105.912226,20.732987],[105.912226,20.732982],[105.912226,20.732977],[105.912226,20.732972],[105.912226,20.732967],[105.912226,20.732962],[105.912226,20.732957],[105.912226,20.732952],[105.912226,20.732947],[105.912226,20.732942],[105.912226,20.732937],[105.912226,20.732932],[105.912226,20.732927],[105.912226,20.732922],[105.912226,20.732917],[105.912226,20.732912],[105.912226,20.732907],[105.912226,20.732902],[105.912226,20.732897],[105.912226,20.732892],[105.912226,20.732887],[105.912226,20.732882],[105.912226,20.732877],[105.912226,20.732872],[105.912226,20.732867],[105.912226,20.732862],[105.912226,20.732857],[105.912226,20.732852],[105.912226,20.732847],[105.912221,20.732842],[105.912221,20.732837],[105.912221,20.732832],[105.912221,20.732827],[105.912221,20.732822],[105.912221,20.732817],[105.912221,20.732812],[105.912221,20.732807],[105.912221,20.732802],[105.912221,20.732797],[105.912221,20.732792],[105.912221,20.732786],[105.912221,20.732781],[105.912221,20.732776],[105.912221,20.732771],[105.912221,20.732766],[105.912221,20.732761],[105.912221,20.732756],[105.912221,20.732751],[105.912221,20.732746],[105.912221,20.732741],[105.912221,20.732736],[105.912221,20.732731],[105.912221,20.732726],[105.912221,20.732721],[105.912221,20.732716],[105.912221,20.732711],[105.912221,20.732706],[105.912221,20.732701],[105.912221,20.732696],[105.912221,20.732691],[105.912221,20.732686],[105.912221,20.732681],[105.912221,20.732676],[105.912221,20.732671],[105.912221,20.732666],[105.912221,20.732661],[105.912221,20.732656],[105.912221,20.732651],[105.912221,20.732646],[105.912221,20.732641],[105.912221,20.732636],[105.912221,20.732631],[105.912221,20.732626],[105.912221,20.732621],[105.912221,20.732616],[105.912221,20.732611],[105.912221,20.732606],[105.912221,20.732601],[105.912221,20.732596],[105.912221,20.732591],[105.912221,20.732586],[105.912221,20.732581],[105.912221,20.732576],[105.912221,20.732571],[105.912221,20.732566],[105.912221,20.732561],[105.912221,20.732551],[105.912221,20.732546],[105.912221,20.732531],[105.912221,20.732526],[105.912221,20.732516],[105.912221,20.732511],[105.912221,20.732506],[105.912221,20.732501],[105.912221,20.732285],[105.912221,20.730193],[105.912221,20.729982],[105.912226,20.724634],[105.912226,20.724398],[105.912232,20.723349],[105.912232,20.723329],[105.912232,20.723324],[105.912232,20.723319],[105.912232,20.723314],[105.912232,20.723309],[105.912232,20.723304],[105.912232,20.723299],[105.912232,20.723294],[105.912232,20.723289],[105.912232,20.723284],[105.912232,20.723279],[105.912232,20.723274],[105.912232,20.723269],[105.912232,20.723264],[105.912232,20.723259],[105.912232,20.723254],[105.912232,20.723249],[105.912232,20.723244],[105.912232,20.723239],[105.912232,20.723234],[105.912232,20.723229],[105.912232,20.723224],[105.912232,20.723219],[105.912232,20.723214],[105.912232,20.723209],[105.912232,20.723204],[105.912232,20.723199],[105.912232,20.723194],[105.912232,20.723189],[105.912232,20.723184],[105.912226,20.723179],[105.912226,20.723174],[105.912226,20.723169],[105.912226,20.723164],[105.912226,20.723159],[105.912226,20.723153],[105.912226,20.723148],[105.912226,20.723143],[105.912226,20.723138],[105.912226,20.723133],[105.912226,20.723128],[105.912226,20.723123],[105.912226,20.723118],[105.912226,20.723113],[105.912226,20.723108],[105.912226,20.723103],[105.912226,20.723098],[105.912226,20.723093],[105.912226,20.723088],[105.912226,20.723083],[105.912226,20.723078],[105.912226,20.723073],[105.912226,20.723068],[105.912226,20.723063],[105.912226,20.723058],[105.912226,20.723053],[105.912226,20.723048],[105.912226,20.723043],[105.912226,20.723038],[105.912226,20.723033],[105.912226,20.723028],[105.912226,20.723023],[105.912226,20.723018],[105.912226,20.723013],[105.912226,20.723008],[105.912221,20.723008],[105.912221,20.723003],[105.912221,20.722998],[105.912221,20.722993],[105.912221,20.722988],[105.912221,20.722983],[105.912221,20.722978],[105.912221,20.722973],[105.912221,20.722968],[105.912205,20.722782],[105.912173,20.722602],[105.912135,20.722426],[105.912082,20.72225],[105.912028,20.72208],[105.912006,20.72203],[105.912001,20.722025],[105.912001,20.72202],[105.912001,20.722015],[105.911996,20.722015],[105.911996,20.72201],[105.911996,20.722005],[105.91199,20.722],[105.91199,20.721994],[105.911985,20.721989],[105.911985,20.721984],[105.911985,20.721979],[105.91198,20.721974],[105.91198,20.721969],[105.911974,20.721964],[105.911974,20.721959],[105.911974,20.721954],[105.911969,20.721949],[105.911969,20.721944],[105.911969,20.721939],[105.911964,20.721939],[105.911964,20.721934],[105.911964,20.721929],[105.911958,20.721924],[105.911958,20.721919],[105.911953,20.721914],[105.911953,20.721909],[105.911947,20.721904],[105.911947,20.721899],[105.911947,20.721894],[105.911942,20.721894],[105.911942,20.721889],[105.911942,20.721884],[105.911937,20.721879],[105.911937,20.721874],[105.911931,20.721869],[105.911931,20.721864],[105.911931,20.721859],[105.911926,20.721854],[105.911926,20.721849],[105.911921,20.721844],[105.911921,20.721839],[105.911915,20.721834],[105.911915,20.721829],[105.91191,20.721824],[105.91191,20.721819],[105.91191,20.721814],[105.911905,20.721809],[105.911905,20.721804],[105.911899,20.721799],[105.911899,20.721794],[105.911894,20.721789],[105.911894,20.721784],[105.911894,20.721779],[105.911888,20.721774],[105.911888,20.721769],[105.911883,20.721764],[105.911883,20.721759],[105.911883,20.721754],[105.911878,20.721754],[105.911878,20.721749],[105.911872,20.721744],[105.911872,20.721739],[105.911872,20.721734],[105.911867,20.721734],[105.911867,20.721729],[105.911867,20.721724],[105.911862,20.721719],[105.911862,20.721714],[105.911856,20.721708],[105.911856,20.721703],[105.911851,20.721698],[105.911851,20.721693],[105.911846,20.721688],[105.911846,20.721683],[105.911846,20.721678],[105.91184,20.721673],[105.91184,20.721668],[105.911835,20.721663],[105.911835,20.721658],[105.911829,20.721653],[105.911829,20.721648],[105.91095,20.719832],[105.910944,20.719832],[105.910944,20.719827],[105.910939,20.719822],[105.910939,20.719817],[105.910939,20.719812],[105.910934,20.719807],[105.910928,20.719802],[105.910928,20.719797],[105.910928,20.719792],[105.910923,20.719787],[105.910923,20.719782],[105.910918,20.719777],[105.910918,20.719772],[105.910912,20.719767],[105.910912,20.719762],[105.910912,20.719757],[105.910907,20.719757],[105.910907,20.719752],[105.910907,20.719747],[105.910901,20.719742],[105.910901,20.719737],[105.910896,20.719732],[105.910896,20.719727],[105.910891,20.719722],[105.910891,20.719717],[105.910891,20.719712],[105.910885,20.719707],[105.910885,20.719702],[105.91088,20.719697],[105.91088,20.719691],[105.910875,20.719686],[105.910875,20.719681],[105.910869,20.719676],[105.910869,20.719671],[105.910869,20.719666],[105.910864,20.719666],[105.910864,20.719661],[105.910864,20.719656],[105.910859,20.719651],[105.910859,20.719646],[105.910853,20.719641],[105.910853,20.719636],[105.910853,20.719631],[105.910848,20.719626],[105.910842,20.719621],[105.910842,20.719616],[105.910842,20.719611],[105.910837,20.719606],[105.910837,20.719601],[105.910837,20.719596],[105.910832,20.719591],[105.910832,20.719586],[105.910826,20.719586],[105.910826,20.719581],[105.910826,20.719576],[105.910821,20.719571],[105.910821,20.719566],[105.910816,20.719561],[105.910816,20.719556],[105.910816,20.719551],[105.91081,20.719546],[105.91081,20.719541],[105.91081,20.719536],[105.910805,20.719536],[105.910805,20.719531],[105.9108,20.719526],[105.9108,20.719521],[105.9108,20.719516],[105.910794,20.719511],[105.910794,20.719506],[105.910794,20.719501],[105.910789,20.719496],[105.910789,20.719491],[105.910783,20.719486],[105.910783,20.719481],[105.910778,20.719476],[105.910778,20.719471],[105.910778,20.719466],[105.910773,20.719461],[105.910773,20.719456],[105.910767,20.719451],[105.910767,20.719446],[105.910767,20.719441],[105.910762,20.719436],[105.910762,20.719431],[105.910762,20.719426],[105.910757,20.719421],[105.910757,20.719416],[105.910757,20.719411],[105.910751,20.719405],[105.910751,20.7194],[105.910746,20.719395],[105.910746,20.71939],[105.91074,20.719385],[105.91074,20.71938],[105.91074,20.719375],[105.910735,20.71937],[105.910735,20.719365],[105.910735,20.71936],[105.91073,20.719355],[105.91073,20.71935],[105.91073,20.719345],[105.910724,20.71934],[105.910724,20.719335],[105.910719,20.71933],[105.910719,20.719325],[105.910719,20.71932],[105.910714,20.719315],[105.910714,20.71931],[105.910692,20.71925],[105.910644,20.719104],[105.910606,20.718954],[105.910569,20.718753],[105.910542,20.718548],[105.910542,20.718542],[105.910542,20.718537],[105.910542,20.718532],[105.910537,20.718527],[105.910537,20.718522],[105.910537,20.718517],[105.910537,20.718512],[105.910537,20.718507],[105.910537,20.718502],[105.910537,20.718497],[105.910537,20.718492],[105.910537,20.718487],[105.910537,20.718482],[105.910537,20.718477],[105.910537,20.718467],[105.910537,20.718462],[105.910531,20.718457],[105.910531,20.718452],[105.910531,20.718447],[105.910531,20.718442],[105.910531,20.718437],[105.910531,20.718432],[105.910531,20.718427],[105.910531,20.718422],[105.910531,20.718417],[105.910531,20.718412],[105.910531,20.718407],[105.910531,20.718402],[105.910531,20.718397],[105.910531,20.718392],[105.910531,20.718387],[105.910531,20.718382],[105.910531,20.718377],[105.910531,20.718372],[105.910531,20.718367],[105.910531,20.718362],[105.910531,20.718357],[105.910526,20.718352],[105.910526,20.718347],[105.910526,20.718342],[105.910526,20.718337],[105.910526,20.718332],[105.910526,20.718327],[105.910526,20.718322],[105.910526,20.718317],[105.910526,20.718312],[105.910526,20.718307],[105.910526,20.718302],[105.910526,20.718297],[105.910526,20.718292],[105.910526,20.718287],[105.910526,20.718282],[105.910526,20.718277],[105.910526,20.718272],[105.910526,20.718267],[105.910526,20.718262],[105.910526,20.718256],[105.910526,20.718251],[105.910526,20.718246],[105.910526,20.718241],[105.910526,20.718236],[105.910526,20.718231],[105.910526,20.718226],[105.910526,20.718221],[105.910526,20.718216],[105.910526,20.718211],[105.910526,20.718206],[105.910526,20.718201],[105.910526,20.718196],[105.910526,20.718191],[105.910526,20.718186],[105.910526,20.718181],[105.910526,20.718176],[105.910526,20.718171],[105.910526,20.718166],[105.910526,20.718161],[105.910526,20.718156],[105.910526,20.718151],[105.910526,20.718146],[105.910526,20.718141],[105.910526,20.718136],[105.910526,20.718131],[105.910526,20.718126],[105.910526,20.718121],[105.910526,20.718116],[105.910526,20.718111],[105.910526,20.718106],[105.910526,20.718101],[105.910526,20.718096],[105.910526,20.718091],[105.910526,20.718086],[105.910526,20.718081],[105.910526,20.718076],[105.910526,20.718071],[105.910526,20.718066],[105.910526,20.718061],[105.910526,20.718056],[105.910526,20.718051],[105.910526,20.718046],[105.910526,20.718041],[105.910526,20.718036],[105.910526,20.718031],[105.910526,20.718026],[105.910526,20.718021],[105.910526,20.718016],[105.910526,20.718011],[105.910526,20.718006],[105.910526,20.718001],[105.910526,20.717996],[105.910526,20.717991],[105.910526,20.717986],[105.910526,20.717981],[105.910526,20.717976],[105.910526,20.71797],[105.910526,20.717965],[105.910526,20.71796],[105.910558,20.715467],[105.910558,20.715236],[105.910569,20.714614]],[[105.910317,20.715417],[105.910354,20.71223],[105.910397,20.709917],[105.910397,20.709792],[105.910386,20.709671],[105.91037,20.709551],[105.909882,20.706214],[105.909877,20.706209],[105.909877,20.706204],[105.909877,20.706199],[105.909877,20.706194],[105.909877,20.706189],[105.909877,20.706184],[105.909877,20.706179],[105.909871,20.706174],[105.909871,20.706169],[105.909871,20.706164],[105.909871,20.706159],[105.909871,20.706154],[105.909871,20.706149],[105.909871,20.706144],[105.909866,20.706139],[105.909866,20.706134],[105.909866,20.706129],[105.909866,20.706124],[105.909866,20.706119],[105.909866,20.706114],[105.909866,20.706109],[105.909861,20.706104],[105.909861,20.706099],[105.909861,20.706094],[105.909861,20.706089],[105.909861,20.706084],[105.909861,20.706079],[105.909861,20.706073],[105.909861,20.706068],[105.909861,20.706063],[105.909855,20.706058],[105.909855,20.706053],[105.909855,20.706048],[105.909855,20.706043],[105.909855,20.706038],[105.909855,20.706033],[105.909855,20.706028],[105.90985,20.706023],[105.90985,20.706018],[105.90985,20.706013],[105.90985,20.706008],[105.90985,20.706003],[105.90985,20.705998],[105.90985,20.705993],[105.909845,20.705988],[105.909845,20.705983],[105.909845,20.705978],[105.909845,20.705973],[105.909845,20.705968],[105.909845,20.705963],[105.909845,20.705958],[105.909845,20.705953],[105.909839,20.705948],[105.909839,20.705943],[105.909839,20.705938],[105.909839,20.705933],[105.909839,20.705928],[105.909839,20.705923],[105.909839,20.705918],[105.909839,20.705913],[105.909834,20.705908],[105.909834,20.705903],[105.909834,20.705898],[105.909834,20.705893],[105.909834,20.705888],[105.909834,20.705883],[105.909834,20.705878],[105.909829,20.705873],[105.909829,20.705868],[105.909829,20.705863],[105.909829,20.705858],[105.909829,20.705853],[105.909829,20.705848],[105.909829,20.705843],[105.909829,20.705838],[105.909829,20.705833],[105.909823,20.705828],[105.909823,20.705823],[105.909823,20.705818],[105.909823,20.705813],[105.909823,20.705808],[105.909823,20.705803],[105.909823,20.705798],[105.909823,20.705792],[105.909818,20.705787],[105.909818,20.705782],[105.909818,20.705777],[105.909818,20.705772],[105.909818,20.705767],[105.909818,20.705762],[105.909818,20.705757],[105.909818,20.705752],[105.909818,20.705747],[105.909818,20.705742],[105.909812,20.705737],[105.909812,20.705732],[105.909812,20.705727],[105.909812,20.705722],[105.909812,20.705717],[105.909812,20.705712],[105.909812,20.705707],[105.909812,20.705702],[105.909812,20.705697],[105.909807,20.705692],[105.909807,20.705687],[105.909807,20.705682],[105.909807,20.705677],[105.909807,20.705672],[105.909807,20.705667],[105.909807,20.705662],[105.909807,20.705657],[105.909807,20.705652],[105.909807,20.705647],[105.909802,20.705642],[105.909802,20.705637],[105.909802,20.705632],[105.909802,20.705627],[105.909802,20.705622],[105.909802,20.705617],[105.909802,20.705612],[105.909802,20.705607],[105.909802,20.705602],[105.909802,20.705597],[105.909802,20.705592],[105.909796,20.705587],[105.909796,20.705582],[105.909796,20.705577],[105.909796,20.705572],[105.909796,20.705567],[105.909796,20.705562],[105.909796,20.705557],[105.909796,20.705552],[105.909796,20.705547],[105.909796,20.705542],[105.909796,20.705537],[105.909796,20.705532],[105.909791,20.705527],[105.909791,20.705522],[105.909791,20.705517],[105.909791,20.705511],[105.909775,20.705225],[105.909775,20.704939],[105.909775,20.704934],[105.909775,20.704929],[105.909775,20.704924],[105.909775,20.704919],[105.909775,20.704914],[105.909775,20.704909],[105.909775,20.704904],[105.909775,20.704899],[105.909775,20.704894],[105.909775,20.704889],[105.909775,20.704884],[105.90978,20.704884],[105.90978,20.704879],[105.90978,20.704874],[105.90978,20.704869],[105.90978,20.704864],[105.90978,20.704859],[105.90978,20.704854],[105.90978,20.704849],[105.90978,20.704844],[105.90978,20.704839],[105.90978,20.704834],[105.90978,20.704829],[105.90978,20.704824],[105.90978,20.704819],[105.90978,20.704814],[105.90978,20.704809],[105.90978,20.704804],[105.90978,20.704799],[105.90978,20.704794],[105.90978,20.704789],[105.90978,20.704784],[105.90978,20.704779],[105.90978,20.704774],[105.90978,20.704769],[105.90978,20.704764],[105.90978,20.704759],[105.909786,20.704754],[105.909786,20.704749],[105.909786,20.704744],[105.909786,20.704739],[105.909786,20.704734],[105.909786,20.704729],[105.909786,20.704724],[105.909786,20.704719],[105.909786,20.704714],[105.909786,20.704709],[105.909786,20.704704],[105.909786,20.704699],[105.909786,20.704694],[105.909786,20.704689],[105.909786,20.704684],[105.909786,20.704679],[105.909786,20.704673],[105.909786,20.704668],[105.909791,20.704663],[105.909791,20.704658],[105.909791,20.704653],[105.909791,20.704648],[105.909791,20.704643],[105.909791,20.704638],[105.909791,20.704633],[105.909791,20.704628],[105.909791,20.704623],[105.909791,20.704618],[105.909791,20.704613],[105.909791,20.704608],[105.909791,20.704603],[105.909791,20.704598],[105.909791,20.704593],[105.909791,20.704588],[105.909796,20.704583],[105.909796,20.704578],[105.909796,20.704573],[105.909796,20.704568],[105.909796,20.704563],[105.909796,20.704558],[105.909796,20.704553],[105.909796,20.704548],[105.909796,20.704543],[105.909796,20.704538],[105.909796,20.704533],[105.909796,20.704528],[105.909796,20.704523],[105.909796,20.704518],[105.909802,20.704513],[105.909802,20.704508],[105.909802,20.704503],[105.909802,20.704498],[105.909802,20.704493],[105.909802,20.704488],[105.909802,20.704483],[105.909802,20.704478],[105.909802,20.704473],[105.909802,20.704468],[105.909802,20.704463],[105.909802,20.704458],[105.909802,20.704453],[105.909807,20.704448],[105.909807,20.704443],[105.909807,20.704438],[105.909807,20.704433],[105.909807,20.704428],[105.909807,20.704423],[105.909807,20.704418],[105.909807,20.704413],[105.909807,20.704408],[105.909807,20.704403],[105.909807,20.704397],[105.909807,20.704392],[105.909812,20.704387],[105.909812,20.704382],[105.909812,20.704377],[105.909812,20.704372],[105.909812,20.704367],[105.909812,20.704362],[105.909812,20.704357],[105.909812,20.704352],[105.909812,20.704347],[105.909812,20.704342],[105.909812,20.704337],[105.909812,20.704332],[105.909812,20.704327],[105.909818,20.704322],[105.909818,20.704317],[105.909818,20.704312],[105.909818,20.704307],[105.909818,20.704302],[105.909818,20.704297],[105.909818,20.704292],[105.909818,20.704287],[105.909818,20.704282],[105.909818,20.704277],[105.909818,20.704272],[105.909818,20.704267],[105.909823,20.704262],[105.909823,20.704257],[105.909823,20.704252],[105.909823,20.704247],[105.909823,20.704242],[105.909823,20.704237],[105.910263,20.699309],[105.910279,20.699033],[105.910274,20.698757],[105.910252,20.698476],[105.910204,20.698205],[105.910145,20.697934],[105.910059,20.697668],[105.909957,20.697407],[105.909839,20.697151],[105.9097,20.696905],[105.90955,20.69667],[105.909378,20.696444],[105.90919,20.696228],[105.908986,20.696022],[105.908772,20.695837],[105.908546,20.695661],[105.908305,20.6955],[105.908053,20.695355],[105.90779,20.695224],[105.907774,20.695214]],[[105.910558,20.715417],[105.910558,20.715236],[105.910601,20.71205],[105.910639,20.709732],[105.910639,20.709611],[105.910633,20.709491],[105.910617,20.70937],[105.910124,20.706028],[105.910124,20.706023],[105.910124,20.706018],[105.910124,20.706013],[105.910124,20.706008],[105.910118,20.706003],[105.910118,20.705998],[105.910118,20.705993],[105.910118,20.705988],[105.910118,20.705983],[105.910118,20.705978],[105.910118,20.705973],[105.910113,20.705968],[105.910113,20.705963],[105.910113,20.705958],[105.910113,20.705953],[105.910113,20.705948],[105.910113,20.705943],[105.910113,20.705938],[105.910107,20.705933],[105.910107,20.705928],[105.910107,20.705923],[105.910107,20.705918],[105.910107,20.705913],[105.910107,20.705908],[105.910107,20.705903],[105.910107,20.705898],[105.910102,20.705893],[105.910102,20.705888],[105.910102,20.705883],[105.910102,20.705878],[105.910102,20.705873],[105.910102,20.705868],[105.910102,20.705863],[105.910097,20.705858],[105.910097,20.705853],[105.910097,20.705848],[105.910097,20.705843],[105.910097,20.705838],[105.910097,20.705833],[105.910097,20.705828],[105.910091,20.705823],[105.910091,20.705818],[105.910091,20.705813],[105.910091,20.705808],[105.910091,20.705803],[105.910091,20.705798],[105.910091,20.705792],[105.910091,20.705787],[105.910086,20.705782],[105.910086,20.705777],[105.910086,20.705772],[105.910086,20.705767],[105.910086,20.705762],[105.910086,20.705757],[105.910086,20.705752],[105.910086,20.705747],[105.910081,20.705742],[105.910081,20.705737],[105.910081,20.705732],[105.910081,20.705727],[105.910081,20.705722],[105.910081,20.705717],[105.910081,20.705712],[105.910081,20.705707],[105.910075,20.705702],[105.910075,20.705697],[105.910075,20.705692],[105.910075,20.705687],[105.910075,20.705682],[105.910075,20.705677],[105.910075,20.705672],[105.910075,20.705667],[105.910075,20.705662],[105.91007,20.705657],[105.91007,20.705652],[105.91007,20.705647],[105.91007,20.705642],[105.91007,20.705637],[105.91007,20.705632],[105.91007,20.705627],[105.91007,20.705622],[105.910065,20.705617],[105.910065,20.705612],[105.910065,20.705607],[105.910065,20.705602],[105.910065,20.705597],[105.910065,20.705592],[105.910065,20.705587],[105.910065,20.705582],[105.910065,20.705577],[105.910059,20.705577],[105.910059,20.705572],[105.910059,20.705567],[105.910059,20.705562],[105.910059,20.705557],[105.910059,20.705552],[105.910059,20.705547],[105.910059,20.705542],[105.910059,20.705537],[105.910059,20.705532],[105.910054,20.705527],[105.910054,20.705522],[105.910054,20.705517],[105.910054,20.705511],[105.910054,20.705506],[105.910054,20.705501],[105.910054,20.705496],[105.910054,20.705491],[105.910054,20.705486],[105.910054,20.705481],[105.910048,20.705476],[105.910048,20.705471],[105.910048,20.705466],[105.910048,20.705461],[105.910048,20.705456],[105.910048,20.705451],[105.910048,20.705446],[105.910048,20.705441],[105.910048,20.705436],[105.910048,20.705431],[105.910043,20.705426],[105.910043,20.705421],[105.910043,20.705416],[105.910043,20.705411],[105.910043,20.705406],[105.910043,20.705401],[105.910043,20.705396],[105.910043,20.705391],[105.910043,20.705386],[105.910043,20.705381],[105.910043,20.705376],[105.910043,20.705371],[105.910038,20.705366],[105.910038,20.705361],[105.910038,20.705356],[105.910038,20.705351],[105.910038,20.705346],[105.910038,20.705341],[105.910038,20.705336],[105.910038,20.705331],[105.910022,20.705045],[105.910022,20.704759],[105.910022,20.704754],[105.910022,20.704749],[105.910022,20.704744],[105.910022,20.704739],[105.910022,20.704734],[105.910022,20.704729],[105.910022,20.704724],[105.910022,20.704719],[105.910022,20.704714],[105.910022,20.704709],[105.910022,20.704704],[105.910022,20.704699],[105.910022,20.704694],[105.910022,20.704689],[105.910022,20.704684],[105.910022,20.704679],[105.910022,20.704673],[105.910022,20.704668],[105.910022,20.704663],[105.910022,20.704658],[105.910022,20.704653],[105.910022,20.704648],[105.910022,20.704643],[105.910027,20.704638],[105.910027,20.704633],[105.910027,20.704628],[105.910027,20.704623],[105.910027,20.704618],[105.910027,20.704613],[105.910027,20.704608],[105.910027,20.704603],[105.910027,20.704598],[105.910027,20.704593],[105.910027,20.704588],[105.910027,20.704583],[105.910027,20.704578],[105.910027,20.704573],[105.910027,20.704568],[105.910027,20.704563],[105.910027,20.704558],[105.910027,20.704553],[105.910027,20.704548],[105.910027,20.704543],[105.910027,20.704538],[105.910027,20.704533],[105.910032,20.704528],[105.910032,20.704523],[105.910032,20.704518],[105.910032,20.704513],[105.910032,20.704508],[105.910032,20.704503],[105.910032,20.704498],[105.910032,20.704493],[105.910032,20.704488],[105.910032,20.704483],[105.910032,20.704478],[105.910032,20.704473],[105.910032,20.704468],[105.910032,20.704463],[105.910032,20.704458],[105.910032,20.704453],[105.910032,20.704448],[105.910038,20.704443],[105.910038,20.704438],[105.910038,20.704433],[105.910038,20.704428],[105.910038,20.704423],[105.910038,20.704418],[105.910038,20.704413],[105.910038,20.704408],[105.910038,20.704403],[105.910038,20.704397],[105.910038,20.704392],[105.910038,20.704387],[105.910038,20.704382],[105.910038,20.704377],[105.910043,20.704372],[105.910043,20.704367],[105.910043,20.704362],[105.910043,20.704357],[105.910043,20.704352],[105.910043,20.704347],[105.910043,20.704342],[105.910043,20.704337],[105.910043,20.704332],[105.910043,20.704327],[105.910043,20.704322],[105.910043,20.704317],[105.910043,20.704312],[105.910043,20.704307],[105.910048,20.704302],[105.910048,20.704297],[105.910048,20.704292],[105.910048,20.704287],[105.910048,20.704282],[105.910048,20.704277],[105.910048,20.704272],[105.910048,20.704267],[105.910048,20.704262],[105.910048,20.704257],[105.910048,20.704252],[105.910048,20.704247],[105.910048,20.704242],[105.910054,20.704237],[105.910054,20.704232],[105.910054,20.704227],[105.910054,20.704222],[105.910054,20.704217],[105.910054,20.704212],[105.910054,20.704207],[105.910054,20.704202],[105.910054,20.704197],[105.910054,20.704192],[105.910054,20.704187],[105.910054,20.704182],[105.910054,20.704177],[105.910059,20.704172],[105.910059,20.704167],[105.910059,20.704162],[105.910059,20.704157],[105.910059,20.704152],[105.910059,20.704147],[105.910059,20.704142],[105.910059,20.704137],[105.910059,20.704132],[105.910059,20.704127],[105.910059,20.704122],[105.910065,20.704116],[105.910065,20.704111],[105.910065,20.704106],[105.910065,20.704101],[105.910065,20.704096],[105.910065,20.704091],[105.910065,20.704086],[105.910065,20.704081],[105.910065,20.704076],[105.910065,20.704071],[105.910065,20.704066],[105.910065,20.704061],[105.91007,20.704056],[105.91007,20.704051],[105.91051,20.699124],[105.910526,20.698848],[105.910521,20.698572],[105.910494,20.698296],[105.910451,20.69802],[105.910386,20.697749],[105.910306,20.697483],[105.910204,20.697222],[105.910086,20.696966],[105.909947,20.69672],[105.909791,20.696484],[105.909619,20.696258],[105.909437,20.696042],[105.909233,20.695842],[105.909019,20.695651],[105.908788,20.695475],[105.908552,20.695315],[105.9083,20.695169],[105.908037,20.695039],[105.907774,20.694928]]]}},{"type":"Feature","properties":{"name":"Tuyến metro số 10","line":"M10","color":"#E53935","status":"planned"},"geometry":{"type":"MultiLineString","coordinates":[[[105.773513,21.043091],[105.773503,21.043181],[105.77347,21.043366],[105.772424,21.048107],[105.772612,21.050811],[105.772634,21.050986],[105.772666,21.051161],[105.772709,21.051331],[105.772762,21.051502],[105.772827,21.051667],[105.772907,21.051827],[105.772993,21.051987],[105.773095,21.052137],[105.773202,21.052278],[105.77332,21.052418],[105.773449,21.052543],[105.773588,21.052668],[105.773733,21.052778],[105.776464,21.054751],[105.776609,21.054851],[105.776764,21.054941],[105.776796,21.054956]],[[105.770697,21.022582],[105.770643,21.022587],[105.77045,21.022617],[105.770257,21.022657],[105.770064,21.022712],[105.769876,21.022777],[105.769699,21.022857],[105.769522,21.022947],[105.769356,21.023048],[105.769195,21.023158],[105.769045,21.023278],[105.768905,21.023408],[105.768771,21.023548],[105.768648,21.023699],[105.768541,21.023854],[105.768439,21.024014],[105.768353,21.024179],[105.768278,21.024355],[105.768219,21.024535],[105.76817,21.024715],[105.768133,21.024895],[105.768111,21.025081],[105.768106,21.025271],[105.768111,21.025456],[105.768133,21.025641],[105.768165,21.025827],[105.768213,21.026007],[105.77162,21.037453],[105.771679,21.037628],[105.771743,21.037804],[105.773347,21.041879],[105.773411,21.042059],[105.77346,21.04224],[105.773497,21.04243],[105.773519,21.042615],[105.773529,21.042805],[105.773524,21.042996],[105.773503,21.043181],[105.77347,21.043366],[105.773352,21.043892]],[[105.776796,21.021886],[105.770643,21.022587],[105.77045,21.022617],[105.770257,21.022657],[105.770064,21.022712],[105.769876,21.022777],[105.769699,21.022857],[105.769522,21.022947],[105.769356,21.023048],[105.769195,21.023158],[105.769045,21.023278],[105.768932,21.023383]],[[105.775938,21.05437],[105.776464,21.054751],[105.776609,21.054851],[105.776764,21.054941],[105.776925,21.055021],[105.777091,21.055096],[105.777263,21.055156],[105.777435,21.055211],[105.777612,21.055251],[105.777794,21.055281],[105.786366,21.056498],[105.786554,21.056528],[105.786742,21.056573],[105.786919,21.056628],[105.787096,21.056693],[105.787268,21.056773],[105.787434,21.056858],[105.789505,21.05804],[105.789682,21.05813],[105.789859,21.05821],[105.790046,21.058275],[105.790234,21.058335],[105.790427,21.058375],[105.790626,21.05841],[105.790819,21.058425],[105.791023,21.05843],[105.798769,21.05839]],[[105.78259,21.017124],[105.779677,21.020729],[105.779554,21.020869],[105.779425,21.021005],[105.77928,21.021125],[105.779135,21.02124],[105.77898,21.021345],[105.778813,21.02144],[105.778642,21.021525],[105.778465,21.021601],[105.778288,21.021666],[105.7781,21.021716],[105.777912,21.021756],[105.777724,21.021781],[105.775938,21.021986]],[[105.794746,21.00207],[105.782343,21.017424]],[[105.798769,21.000518],[105.798646,21.000468],[105.798463,21.000408],[105.798275,21.000363],[105.798082,21.000328],[105.797889,21.000303],[105.797691,21.000293],[105.797498,21.000293],[105.797305,21.000308],[105.797111,21.000333],[105.796918,21.000373],[105.796731,21.000423],[105.796548,21.000483],[105.796366,21.000558],[105.796194,21.000643],[105.796028,21.000738],[105.795867,21.000843],[105.795717,21.000964],[105.795577,21.001089],[105.795443,21.001219],[105.79532,21.001364],[105.794102,21.002872]],[[105.809262,21.063597],[105.809428,21.064528],[105.813575,21.07502],[105.813639,21.075165],[105.813709,21.075315],[105.813795,21.075455],[105.813886,21.07559],[105.818113,21.081477],[105.820441,21.083899],[105.820742,21.08421]],[[105.820634,21.0841],[105.820742,21.08421]],[[105.797911,21.058395],[105.805904,21.05835],[105.806097,21.058355],[105.80629,21.058375],[105.806478,21.058405],[105.806665,21.05845],[105.806848,21.058505],[105.80703,21.05857],[105.807202,21.058646],[105.807368,21.058736],[105.807534,21.058831],[105.807685,21.058941],[105.807835,21.059056],[105.807969,21.059181],[105.808098,21.059316],[105.808216,21.059462],[105.808328,21.059607],[105.808425,21.059762],[105.808511,21.059927],[105.808586,21.060092],[105.808645,21.060263],[105.808699,21.060438],[105.808736,21.060613],[105.809401,21.064398]],[[105.809906,21.00207],[105.809889,21.00208],[105.809729,21.002181],[105.806762,21.003878],[105.806585,21.003968],[105.806403,21.004049],[105.80622,21.004119],[105.806027,21.004174],[105.805834,21.004219],[105.805635,21.004249],[105.805432,21.004269],[105.805233,21.004274],[105.805035,21.004264],[105.804831,21.004244],[105.804638,21.004209],[105.804439,21.004159],[105.804251,21.004099],[105.804064,21.004029],[105.803887,21.003943],[105.803715,21.003848],[105.803549,21.003743],[105.801135,21.00207]],[[105.820742,20.992875],[105.820613,20.992915],[105.820425,20.992971],[105.820232,20.993011],[105.817716,20.993436],[105.817523,20.993476],[105.81733,20.993531],[105.817142,20.993597],[105.81696,20.993672],[105.816783,20.993762],[105.816611,20.993862],[105.81645,20.993972],[105.816295,20.994097],[105.81615,20.994228],[105.816016,20.994368],[105.815892,20.994518],[105.810565,21.001449],[105.810447,21.001595],[105.810324,21.00173],[105.810184,21.001855],[105.81004,21.001975],[105.809889,21.00208],[105.809729,21.002181],[105.808522,21.002872]],[[105.802293,21.002872],[105.799332,21.000818],[105.799171,21.000718],[105.799,21.000623],[105.798828,21.000543],[105.798646,21.000468],[105.798463,21.000408],[105.798275,21.000363],[105.798082,21.000328],[105.797911,21.000308]],[[105.835542,21.1046],[105.837146,21.107192],[105.837248,21.107347],[105.837361,21.107493],[105.837489,21.107633],[105.837623,21.107768],[105.837763,21.107888],[105.837919,21.108003],[105.838074,21.108108],[105.838246,21.108198],[105.838417,21.108283],[105.838594,21.108353],[105.838777,21.108418],[105.838965,21.108463],[105.839158,21.108503],[105.839351,21.108528],[105.839544,21.108538],[105.839737,21.108538],[105.83993,21.108528],[105.840123,21.108503],[105.840316,21.108468],[105.840504,21.108418],[105.840687,21.108358],[105.842264,21.107783],[105.842446,21.107713],[105.842623,21.107623],[105.842714,21.107573]],[[105.820634,21.0841],[105.821418,21.084916],[105.834737,21.103299],[105.836041,21.105401]],[[105.819883,21.083319],[105.820441,21.083899],[105.821401,21.084901]],[[105.842714,20.983645],[105.842425,20.983645],[105.842178,20.98365],[105.830328,20.984206],[105.830129,20.984221],[105.829942,20.984251],[105.829749,20.984291],[105.829561,20.984341],[105.829378,20.984406],[105.829201,20.984481],[105.82903,20.984566],[105.828863,20.984661],[105.828708,20.984767],[105.828558,20.984887],[105.828413,20.985012],[105.828284,20.985147],[105.821906,20.992109],[105.821772,20.992244],[105.821627,20.99237],[105.821477,20.99249],[105.821316,20.992595],[105.821149,20.992695],[105.820978,20.99278],[105.820795,20.992855],[105.820613,20.992915],[105.820425,20.992971],[105.820232,20.993011],[105.819883,20.993066]],[[105.841856,21.107933],[105.842264,21.107783],[105.842446,21.107713],[105.842623,21.107623],[105.842795,21.107528],[105.842961,21.107417],[105.843117,21.107302],[105.843261,21.107172],[105.843401,21.107032],[105.843524,21.106887],[105.843642,21.106732],[105.843744,21.106572],[105.844908,21.1046]],[[105.844436,21.105401],[105.847408,21.100356],[105.847939,21.09966],[105.848063,21.09951],[105.848197,21.09937],[105.848342,21.09924],[105.848497,21.09912],[105.848658,21.099005],[105.84883,21.098905],[105.849001,21.098814],[105.849189,21.098739],[105.849377,21.098674],[105.84957,21.098619],[105.849763,21.098579],[105.849962,21.098554],[105.850165,21.098539],[105.850364,21.098539],[105.850568,21.098549],[105.850766,21.098574],[105.850959,21.098609],[105.851153,21.098664],[105.851346,21.098724],[105.851528,21.098799],[105.851705,21.09889],[105.851877,21.098985],[105.852043,21.099095],[105.852199,21.099215],[105.852343,21.099345],[105.854843,21.101732],[105.857193,21.102988],[105.857359,21.103068],[105.857525,21.103139],[105.857697,21.103204],[105.857874,21.103254],[105.858057,21.103289],[105.858234,21.103319],[105.858421,21.103339],[105.858604,21.103344],[105.858786,21.103339],[105.864687,21.103023]],[[105.864687,20.983665],[105.842425,20.983645],[105.842178,20.98365],[105.841856,20.983665]],[[105.863829,21.103073],[105.866634,21.102923],[105.866833,21.102903],[105.867031,21.102873],[105.867224,21.102833],[105.867417,21.102778],[105.867605,21.102708],[105.867788,21.102628],[105.867959,21.102538],[105.868131,21.102433],[105.868286,21.102323],[105.868442,21.102198],[105.868582,21.102063],[105.868716,21.101922],[105.87276,21.097233],[105.877685,21.091863],[105.880255,21.086727],[105.880367,21.086472],[105.880469,21.086212],[105.880555,21.085947],[105.880619,21.085676],[105.880668,21.085406],[105.88085,21.0841]],[[105.880737,21.084901],[105.881413,21.08014],[105.881451,21.07983],[105.881456,21.07952],[105.881445,21.079209],[105.881408,21.078899],[105.881349,21.078594],[105.881268,21.078293],[105.881166,21.077998],[105.881043,21.077708],[105.880898,21.077427],[105.880732,21.077157],[105.88055,21.076902],[105.880346,21.076657],[105.880126,21.076421],[105.87989,21.076206],[105.879638,21.076006],[105.879369,21.075821],[105.878989,21.075575],[105.878828,21.075465],[105.878677,21.075345],[105.878538,21.075215],[105.878404,21.075075],[105.87828,21.074925],[105.878173,21.07477],[105.878071,21.074609],[105.877985,21.074444],[105.87791,21.074269],[105.877851,21.074094],[105.877798,21.073909],[105.877765,21.073728],[105.877744,21.073543],[105.877733,21.073358],[105.877744,21.073168],[105.87776,21.072982],[105.877792,21.072797],[105.877841,21.072617],[105.8779,21.072442],[105.877975,21.072267],[105.878055,21.072096],[105.878152,21.071936],[105.878264,21.071781],[105.878071,21.072036],[105.880024,21.069268],[105.880335,21.068798],[105.880619,21.068312],[105.880866,21.067812],[105.881086,21.067301],[105.881274,21.06678],[105.882159,21.063597]],[[105.881939,21.064398],[105.882593,21.062055],[105.882663,21.061759],[105.882711,21.061464],[105.882738,21.061169],[105.882749,21.060868],[105.882706,21.056117],[105.882706,21.055942],[105.882728,21.055767],[105.882754,21.055592],[105.882797,21.055422],[105.882846,21.055251],[105.88291,21.055086],[105.882985,21.054926],[105.883076,21.054766],[105.88666,21.048783]],[[105.88666,21.042971],[105.880067,21.029337],[105.879943,21.029056],[105.879841,21.028776],[105.879761,21.028486],[105.879697,21.02819],[105.879659,21.027895],[105.879638,21.027594],[105.879638,21.027294],[105.879664,21.026998],[105.879707,21.026698],[105.879772,21.026408],[105.879858,21.026117],[105.879959,21.025837],[105.882588,21.022582]],[[105.868582,21.002872],[105.868539,21.002696],[105.868506,21.002511],[105.86849,21.002321],[105.868485,21.002136],[105.868496,21.001945],[105.868517,21.00176],[105.868555,21.001575],[105.868608,21.001394],[105.868673,21.001214],[105.868753,21.001044],[105.868839,21.000873],[105.868941,21.000713],[105.869059,21.000558],[105.869182,21.000413],[105.869316,21.000273],[105.869461,21.000142],[105.869617,21.000022],[105.869783,20.999917],[105.869955,20.999817],[105.870132,20.999732],[105.876279,20.996982],[105.881805,20.994513],[105.881971,20.994428],[105.882137,20.994338],[105.882298,20.994233],[105.882449,20.994117],[105.882588,20.993997],[105.882722,20.993862],[105.882846,20.993727],[105.882958,20.993577],[105.88306,20.993426],[105.883151,20.993266],[105.883232,20.993101],[105.883296,20.99293],[105.88335,20.992755],[105.883393,20.99258],[105.883425,20.9924],[105.883441,20.992224],[105.883446,20.992039],[105.883441,20.991859],[105.88342,20.991678],[105.883382,20.991503],[105.883339,20.991328],[105.88328,20.991152],[105.882068,20.987972],[105.881944,20.987687],[105.881805,20.987406],[105.881644,20.987141],[105.881462,20.98688],[105.881263,20.986635],[105.881048,20.986404],[105.880818,20.986189],[105.880571,20.985984],[105.880308,20.985798],[105.880035,20.985633],[105.879745,20.985483],[105.87945,20.985348],[105.879144,20.985237],[105.874917,20.98383],[105.874729,20.983775],[105.874541,20.98373],[105.874348,20.9837],[105.874155,20.98368],[105.873957,20.983675],[105.863829,20.983665]],[[105.881939,21.023383],[105.88424,21.020534],[105.884348,21.020389],[105.884449,21.020233],[105.884541,21.020073],[105.884616,21.019908],[105.88468,21.019738],[105.884734,21.019562],[105.884777,21.019387],[105.884804,21.019212],[105.88482,21.019032],[105.884825,21.018851],[105.884814,21.018671],[105.884793,21.018491],[105.884755,21.018311],[105.884707,21.018135],[105.884648,21.017965],[105.884573,21.0178],[105.884492,21.017635],[105.884396,21.017479],[105.884289,21.017329],[105.884176,21.017184],[105.884047,21.017049],[105.883913,21.016924],[105.869397,21.004154],[105.869257,21.004019],[105.869123,21.003878],[105.869005,21.003728],[105.868898,21.003573],[105.868801,21.003408],[105.868716,21.003237],[105.868641,21.003062],[105.868582,21.002882],[105.868539,21.002696],[105.868506,21.002511],[105.86849,21.002321],[105.868485,21.002136],[105.86849,21.00207]],[[105.885801,21.050215],[105.887432,21.047491],[105.887523,21.047326],[105.887604,21.047156],[105.887668,21.046981],[105.887722,21.046801],[105.887765,21.04662],[105.887792,21.046435],[105.887802,21.04625],[105.887802,21.046065],[105.887786,21.045879],[105.887759,21.045694],[105.887716,21.045514],[105.887663,21.045334],[105.887598,21.045158],[105.886713,21.043091]],[[105.887057,21.043892],[105.886703,21.043061],[105.885801,21.041198]]]}},{"type":"Feature","properties":{"name":"Tuyến metro số 11","line":"M11","color":"#7CB342","status":"planned"},"geometry":{"type":"MultiLineString","coordinates":[[[105.710878,20.949126],[105.705653,20.945308],[105.705401,20.945113],[105.705165,20.944898],[105.70494,20.944667],[105.704736,20.944427],[105.704548,20.944171],[105.704382,20.943901],[105.704237,20.943625],[105.704108,20.94334],[105.704001,20.943044],[105.703921,20.942743],[105.703856,20.942438],[105.703819,20.942132],[105.703803,20.941821],[105.703808,20.941511],[105.703835,20.9412],[105.703889,20.940895],[105.703958,20.940594],[105.703985,20.940519]],[[105.703824,20.94132],[105.703835,20.9412],[105.703889,20.940895],[105.703958,20.940594],[105.704055,20.940298],[105.704173,20.940008],[105.704307,20.939722],[105.704468,20.939452],[105.704645,20.939191],[105.710878,20.930654]],[[105.732851,20.964425],[105.727417,20.961039]],[[105.728699,20.96184],[105.725845,20.960062],[105.71002,20.9485]],[[105.71002,20.931826],[105.718662,20.919996]],[[105.718072,20.920798],[105.723603,20.913226]],[[105.749524,21.002872],[105.749599,21.002651],[105.751793,20.997002],[105.751841,20.996857],[105.751884,20.996707],[105.751922,20.996556],[105.754378,20.98387],[105.754427,20.983575],[105.754448,20.983274],[105.754454,20.982974],[105.754437,20.982678],[105.7544,20.982377],[105.754341,20.982082],[105.75426,20.981791],[105.75418,20.981556]],[[105.754824,21.008666],[105.754588,21.008696],[105.754255,21.008716],[105.753917,21.008711],[105.753585,21.008686],[105.753252,21.008641],[105.752925,21.008576],[105.752608,21.008486],[105.752292,21.00838],[105.751986,21.00825],[105.751691,21.0081],[105.751407,21.007935],[105.751138,21.007744],[105.750881,21.007544],[105.750645,21.007324],[105.750419,21.007088],[105.750216,21.006843],[105.750028,21.006583],[105.749862,21.006307],[105.749717,21.006027],[105.749593,21.005731],[105.749491,21.005436],[105.749411,21.00513],[105.749352,21.00482],[105.74932,21.004504],[105.749304,21.004194],[105.74932,21.003878],[105.749352,21.003563],[105.749411,21.003257],[105.749491,21.002952],[105.749599,21.002651],[105.749824,21.00207]],[[105.754395,20.982357],[105.754341,20.982082],[105.75426,20.981791],[105.754164,20.981511],[105.754046,20.98123],[105.753906,20.98096],[105.753745,20.9807],[105.753574,20.980449],[105.753381,20.980214],[105.753171,20.979988],[105.752946,20.979773],[105.752705,20.979578],[105.734278,20.965317],[105.731993,20.963889]],[[105.7714,21.086347],[105.771598,21.0841]],[[105.771523,21.084901],[105.771984,21.079755],[105.772371,21.074099],[105.772392,21.073919],[105.772424,21.073738],[105.772467,21.073563],[105.772526,21.073388],[105.772596,21.073218],[105.772676,21.073053],[105.772768,21.072892],[105.772875,21.072737],[105.772988,21.072592],[105.773111,21.072457],[105.773245,21.072322],[105.77339,21.072202],[105.773546,21.072091],[105.773701,21.071986],[105.773873,21.071896],[105.774044,21.071811],[105.774221,21.071741],[105.774404,21.071681],[105.774592,21.071636],[105.774779,21.071601],[105.774972,21.071576],[105.775166,21.071566],[105.776796,21.071516]],[[105.776796,21.013929],[105.772553,21.010929],[105.771802,21.010414],[105.767103,21.007184],[105.766942,21.007083],[105.766781,21.006993],[105.766609,21.006913],[105.766432,21.006843],[105.76625,21.006783],[105.766068,21.006733],[105.76588,21.006698],[105.765692,21.006673],[105.765499,21.006663],[105.765306,21.006663],[105.765118,21.006673],[105.764925,21.006698],[105.760617,21.007369],[105.755247,21.008591],[105.75492,21.008651],[105.754588,21.008696],[105.754255,21.008716],[105.753965,21.008711]],[[105.753965,20.986004],[105.754378,20.98387],[105.754427,20.983575],[105.754448,20.983274],[105.754454,20.982974],[105.754437,20.982678],[105.7544,20.982377],[105.754341,20.982082],[105.75426,20.981791],[105.75418,20.981556]],[[105.754395,20.982357],[105.754341,20.982082],[105.75426,20.981791],[105.754164,20.981511],[105.754046,20.98123],[105.753965,20.98108]],[[105.775938,21.071541],[105.782745,21.071351],[105.782933,21.071341],[105.783121,21.071316],[105.783309,21.071281],[105.783491,21.071236],[105.783674,21.07118],[105.783845,21.07111],[105.784017,21.071035],[105.784183,21.070945],[105.784339,21.070845],[105.784489,21.070735],[105.784634,21.07062],[105.784768,21.070495],[105.784891,21.07036],[105.785004,21.070219],[105.787214,21.067321],[105.787321,21.067191],[105.787434,21.067071],[105.787552,21.066951],[105.787681,21.06684],[105.789333,21.064958],[105.789462,21.064818],[105.789601,21.064688],[105.789746,21.064568],[105.789902,21.064458],[105.790068,21.064357],[105.790234,21.064267],[105.790411,21.064192],[105.790594,21.064122],[105.790776,21.064067],[105.790969,21.064022],[105.791162,21.063992],[105.791355,21.063972],[105.791548,21.063967],[105.7943,21.063952],[105.794499,21.063957],[105.794697,21.063977],[105.794891,21.064007],[105.795084,21.064052],[105.795277,21.064107],[105.795459,21.064177],[105.795642,21.064257],[105.795813,21.064347],[105.796623,21.064808],[105.796795,21.064898],[105.796977,21.064978],[105.797165,21.065048],[105.797353,21.065103],[105.797546,21.065148],[105.797744,21.065178],[105.797943,21.065198],[105.798147,21.065198],[105.798769,21.065193]],[[105.790004,21.064398],[105.790068,21.064357],[105.790234,21.064272],[105.790411,21.064192],[105.790594,21.064122],[105.790776,21.064067],[105.790969,21.064027],[105.791162,21.063992],[105.791355,21.063972],[105.791548,21.063967],[105.7943,21.063952],[105.794499,21.063957],[105.794697,21.063977],[105.794891,21.064007],[105.795084,21.064052],[105.795277,21.064107],[105.795459,21.064177],[105.795642,21.064257],[105.795813,21.064347],[105.795899,21.064398]],[[105.798769,21.026673],[105.798694,21.026628],[105.798528,21.026533],[105.798351,21.026453],[105.798168,21.026382],[105.797986,21.026322],[105.797798,21.026277],[105.797605,21.026242],[105.797412,21.026217],[105.79459,21.025982],[105.794392,21.025962],[105.794193,21.025927],[105.794,21.025877],[105.793812,21.025817],[105.793625,21.025742],[105.793447,21.025656],[105.793276,21.025556],[105.79311,21.025451],[105.789049,21.022582]],[[105.790186,21.023383],[105.775938,21.013323]],[[105.797911,21.065193],[105.797943,21.065198],[105.798147,21.065198],[105.803897,21.065153],[105.80409,21.065143],[105.804284,21.065123],[105.804477,21.065093],[105.804664,21.065048],[105.804852,21.064993],[105.805035,21.064923],[105.805212,21.064843],[105.805378,21.064753],[105.805544,21.064653],[105.8057,21.064543],[105.805845,21.064423],[105.805984,21.064292],[105.806113,21.064152],[105.806231,21.064007],[105.806537,21.063597]],[[105.806859,21.043892],[105.806676,21.043146],[105.806639,21.042966],[105.806617,21.04278],[105.806606,21.042595],[105.806606,21.04241],[105.806623,21.042225],[105.807062,21.03873],[105.807078,21.038545],[105.807084,21.038359],[105.807073,21.038174],[105.807046,21.037989],[105.807009,21.037804],[105.806955,21.037623],[105.806891,21.037448],[105.806816,21.037278],[105.806724,21.037108],[105.802621,21.030088],[105.799155,21.026963],[105.79901,21.026843],[105.798855,21.026728],[105.798694,21.026628],[105.798528,21.026533],[105.798351,21.026453],[105.798168,21.026382],[105.797986,21.026322],[105.797911,21.026302]],[[105.805871,21.064398],[105.805984,21.064292],[105.806113,21.064152],[105.806231,21.064007],[105.807878,21.061814],[105.808049,21.061574],[105.808205,21.061319],[105.808339,21.061059],[105.808457,21.060788],[105.808559,21.060513],[105.80864,21.060228],[105.808699,21.059942],[105.808741,21.059657],[105.808758,21.059361],[105.808967,21.053649],[105.808967,21.053354],[105.808951,21.053059],[105.808908,21.052763],[105.808843,21.052473],[105.808763,21.052188],[105.808661,21.051907],[105.808543,21.051632],[105.808403,21.051366],[105.808243,21.051111],[105.807465,21.049935],[105.807304,21.049669],[105.807159,21.049399],[105.807036,21.049119],[105.806934,21.048828],[105.806853,21.048533],[105.806794,21.048232],[105.806757,21.047932],[105.806741,21.047627],[105.806746,21.047326],[105.806773,21.047021],[105.806821,21.04672],[105.806891,21.046425],[105.806982,21.04613],[105.807036,21.045954],[105.807078,21.045774],[105.807105,21.045594],[105.807121,21.045409],[105.807127,21.045224],[105.807116,21.045038],[105.807089,21.044858],[105.807052,21.044673],[105.806676,21.043146],[105.806665,21.043091]]]}},{"type":"Feature","properties":{"name":"Tuyến metro số 12","line":"M12","color":"#00897B","status":"planned"},"geometry":{"type":"MultiLineString","coordinates":[[[105.82315,20.844444],[105.82741,20.837877]],[[105.826889,20.838679],[105.836996,20.823091],[105.837103,20.822931],[105.837227,20.822785],[105.837355,20.82264],[105.8375,20.822509],[105.83765,20.822389],[105.837811,20.822274],[105.837978,20.822174],[105.838149,20.822083],[105.838332,20.822003],[105.838519,20.821938],[105.838707,20.821883],[105.838906,20.821838],[105.839099,20.821812],[105.839297,20.821792],[105.839501,20.821787],[105.8397,20.821797],[105.839898,20.821823],[105.840091,20.821858],[105.840284,20.821903],[105.840472,20.821963],[105.842714,20.82276]],[[105.841856,20.822454],[105.859939,20.828867],[105.864687,20.829679]],[[105.863829,20.829534],[105.88666,20.83344]],[[105.885801,20.833294],[105.890892,20.834162],[105.891085,20.834192],[105.891284,20.834202],[105.891477,20.834207],[105.891675,20.834197],[105.891868,20.834172],[105.892062,20.834137],[105.892255,20.834086],[105.892437,20.834026],[105.892619,20.833956],[105.892797,20.833871],[105.892963,20.833776],[105.893129,20.83367],[105.893279,20.833555],[105.893424,20.83343],[105.893564,20.833294],[105.893687,20.833154],[105.8938,20.833003],[105.893907,20.832848],[105.893998,20.832683],[105.894079,20.832512],[105.894143,20.832342],[105.899363,20.81734]],[[105.899084,20.818142],[105.903316,20.805982],[105.90345,20.805556],[105.903563,20.80513],[105.905532,20.7968]],[[105.905339,20.797603],[105.906787,20.791479],[105.906942,20.790903],[105.907141,20.790336],[105.907377,20.789784],[105.907656,20.789248],[105.907967,20.788726],[105.908632,20.787703]],[[105.907774,20.789047],[105.907967,20.788726],[105.916067,20.776258]],[[105.915547,20.77706],[105.918857,20.771959],[105.919935,20.769587],[105.924709,20.760714],[105.926936,20.755723],[105.926936,20.755713]],[[105.926582,20.756515],[105.926936,20.755723],[105.927064,20.755452],[105.927215,20.755186],[105.927386,20.754935],[105.927569,20.754694],[105.930197,20.751514],[105.93039,20.751298],[105.930589,20.751098],[105.930605,20.751082]],[[105.935749,20.735967],[105.935749,20.728743],[105.93576,20.728437],[105.935792,20.728136],[105.935846,20.727835],[105.935926,20.727539],[105.936018,20.727253],[105.936136,20.726967],[105.936275,20.726691],[105.936431,20.726425],[105.936608,20.726169],[105.936795,20.725928],[105.93701,20.725697],[105.937235,20.725477],[105.937477,20.725276],[105.937729,20.72509],[105.937997,20.72492],[105.938276,20.724764],[105.938566,20.724629],[105.938866,20.724513],[105.939172,20.724418],[105.939483,20.724338],[105.9398,20.724282],[105.940121,20.724242],[105.940443,20.724227],[105.945089,20.724127],[105.945389,20.724132],[105.945684,20.724152],[105.945979,20.724187],[105.946269,20.724242],[105.946559,20.724313],[105.946838,20.724398],[105.951086,20.725853]],[[105.929747,20.752061],[105.930197,20.751514],[105.93039,20.751298],[105.930589,20.751098],[105.934569,20.747345],[105.934789,20.747119],[105.934993,20.746884],[105.935181,20.746638],[105.935347,20.746377],[105.935497,20.746106],[105.935626,20.745825],[105.935739,20.745539],[105.935825,20.745248],[105.935894,20.744947],[105.935943,20.744646],[105.935964,20.74434],[105.935969,20.744039],[105.935749,20.736293],[105.935749,20.735165]]]}},{"type":"Feature","properties":{"name":"Tuyến metro số 13","line":"M13","color":"#C0CA33","status":"planned"},"geometry":{"type":"MultiLineString","coordinates":[[[105.599787,21.087043],[105.599577,21.0841]],[[105.598177,21.064398],[105.596847,21.045744],[105.596766,21.043091]],[[105.599636,21.084901],[105.598118,21.063597]],[[105.596788,21.043892],[105.596284,21.027569],[105.596284,21.027394],[105.596294,21.027214],[105.596321,21.027038],[105.596359,21.026863],[105.596407,21.026688],[105.596471,21.026518],[105.596547,21.026357],[105.596632,21.026197],[105.596981,21.025591],[105.597298,21.025086],[105.597652,21.0246],[105.598032,21.024134],[105.598446,21.023699],[105.598891,21.023283],[105.599363,21.022902],[105.599808,21.022582]],[[105.598789,21.023383],[105.598891,21.023283],[105.599363,21.022902],[105.599862,21.022547],[105.601015,21.021776]],[[105.600157,21.022347],[105.609668,21.016007],[105.610178,21.015642],[105.610655,21.015251],[105.611111,21.01483],[105.611529,21.01438],[105.611916,21.013904],[105.61227,21.013408],[105.612592,21.012887],[105.61287,21.012352],[105.613112,21.011801],[105.613316,21.01123],[105.613477,21.010654],[105.6136,21.010068],[105.61368,21.009472],[105.614405,21.00207]],[[105.61433,21.002872],[105.615343,20.99257],[105.615386,20.992259],[105.615451,20.991959],[105.615537,20.991658],[105.615644,20.991363],[105.615773,20.991077],[105.615923,20.990802],[105.616089,20.990536],[105.616277,20.990281],[105.616486,20.990041],[105.618761,20.987556],[105.618964,20.987346],[105.619179,20.987151],[105.61941,20.98697],[105.619646,20.9868],[105.619898,20.986645],[105.622988,20.984872]],[[105.622129,20.985363],[105.624307,20.984115],[105.624592,20.98396],[105.624892,20.98383],[105.625198,20.983715],[105.625509,20.98362],[105.625831,20.98355],[105.626158,20.983494],[105.626485,20.983464],[105.626813,20.983454],[105.627145,20.983464],[105.627472,20.983494],[105.627794,20.983544],[105.628116,20.98362],[105.628427,20.983715],[105.628733,20.98383],[105.629033,20.98396],[105.631667,20.985247],[105.631844,20.985328],[105.632032,20.985398],[105.63222,20.985453],[105.632413,20.985498],[105.632612,20.985528],[105.632805,20.985548],[105.633003,20.985553],[105.633202,20.985543],[105.6334,20.985528],[105.633599,20.985493],[105.633792,20.985448],[105.633979,20.985393],[105.634162,20.985323],[105.634344,20.985237],[105.634516,20.985147],[105.634682,20.985042],[105.634838,20.984932],[105.634988,20.984807],[105.635127,20.984671],[105.635256,20.984531],[105.635374,20.984381],[105.635481,20.984226],[105.635573,20.98406],[105.635659,20.98389],[105.635728,20.983715],[105.635787,20.983539],[105.636195,20.982097],[105.636351,20.981616],[105.636372,20.981556]],[[105.63612,20.982357],[105.636195,20.982097],[105.636351,20.981616],[105.636538,20.981145],[105.636764,20.98069],[105.637021,20.980254],[105.637311,20.979828],[105.637627,20.979427],[105.637976,20.979047],[105.638351,20.978691],[105.64496,20.972841]],[[105.644102,20.973602],[105.658291,20.961039]],[[105.65739,20.96184],[105.666933,20.953389]],[[105.675693,20.920798],[105.676262,20.9105],[105.676294,20.9102],[105.676342,20.909894],[105.676412,20.909598],[105.676503,20.909303],[105.676621,20.909017],[105.676755,20.908741],[105.676906,20.908471],[105.677077,20.90821],[105.67727,20.907965],[105.67748,20.907729],[105.677705,20.907509],[105.677941,20.907303],[105.678198,20.907113],[105.678467,20.906937],[105.678746,20.906782],[105.679035,20.906642],[105.679336,20.906521],[105.679641,20.906421],[105.679953,20.906341],[105.680274,20.906281],[105.680596,20.906241],[105.680918,20.906221],[105.681245,20.906226],[105.688906,20.906496]],[[105.666075,20.954151],[105.672002,20.948906],[105.672373,20.94855],[105.672721,20.948169],[105.673043,20.947768],[105.673333,20.947347],[105.67359,20.946907],[105.67381,20.946451],[105.674003,20.945985],[105.674159,20.945504],[105.674277,20.945018],[105.674357,20.944522],[105.674406,20.944021],[105.674599,20.940519]],[[105.674556,20.94132],[105.674958,20.934086],[105.674958,20.933905],[105.674953,20.93373],[105.674931,20.933555],[105.674899,20.933384],[105.674856,20.933214],[105.674797,20.933044],[105.674728,20.932878],[105.674652,20.932718],[105.673279,20.930173],[105.673193,20.930002],[105.673124,20.929827],[105.673065,20.929652],[105.673022,20.929471],[105.672989,20.929286],[105.672973,20.9291],[105.672968,20.928915],[105.672973,20.928629],[105.672984,20.928439],[105.673006,20.928254],[105.673043,20.928068],[105.673097,20.927883],[105.673161,20.927702],[105.673236,20.927532],[105.673327,20.927362],[105.675221,20.92411],[105.675307,20.923955],[105.675382,20.923794],[105.675441,20.923629],[105.675495,20.923463],[105.675532,20.923293],[105.675559,20.923123],[105.675575,20.922947],[105.675736,20.919996]],[[105.688047,20.906466],[105.700353,20.906902],[105.700868,20.906937],[105.701378,20.907002],[105.708733,20.9082],[105.709221,20.9083],[105.709704,20.908421],[105.710176,20.908576],[105.710878,20.908832]],[[105.71002,20.908526],[105.710176,20.908576],[105.728066,20.915035],[105.728522,20.915186],[105.728983,20.915306],[105.729455,20.915401],[105.732851,20.915977]],[[105.753981,20.919996],[105.754824,20.920227]],[[105.731993,20.915832],[105.749567,20.918819],[105.749974,20.918899],[105.750371,20.918999],[105.754824,20.920227]],[[105.753965,20.919991],[105.756878,20.920798]],[[105.761647,20.920798],[105.761765,20.920698],[105.761894,20.920567],[105.762017,20.920432],[105.76213,20.920282],[105.762232,20.920131],[105.762339,20.919976],[105.762457,20.919821],[105.762586,20.91968],[105.762725,20.919545],[105.765526,20.917015],[105.765767,20.916809],[105.766025,20.916619],[105.766293,20.916448],[105.766577,20.916293],[105.766867,20.916158],[105.767173,20.916037],[105.767478,20.915942],[105.767795,20.915862],[105.768117,20.915807],[105.768439,20.915772],[105.768766,20.915752],[105.769093,20.915757],[105.76942,20.915782],[105.769742,20.915832],[105.770059,20.915897],[105.770375,20.915982],[105.770681,20.916093],[105.770976,20.916218],[105.771266,20.916363],[105.771545,20.916524],[105.77221,20.916949],[105.772145,20.917025]],[[105.77221,20.916949],[105.776796,20.919851]],[[105.775986,20.912465],[105.77221,20.916949]],[[105.753981,20.919996],[105.758927,20.921364],[105.759115,20.921409],[105.759303,20.921444],[105.759491,20.921464],[105.759684,20.921474],[105.759872,20.921469],[105.760065,20.921459],[105.760252,20.921429],[105.76044,20.921394],[105.760628,20.921344],[105.760805,20.921284],[105.760982,20.921214],[105.761154,20.921128],[105.761315,20.921033],[105.76147,20.920933],[105.76162,20.920818],[105.761765,20.920698],[105.761894,20.920567],[105.762017,20.920432],[105.76213,20.920282],[105.762232,20.920131],[105.762323,20.919996]],[[105.777027,20.919996],[105.778636,20.921018],[105.778905,20.921174],[105.779178,20.921314],[105.779462,20.921439],[105.779757,20.921544],[105.780058,20.92163],[105.780364,20.9217],[105.780669,20.921745],[105.780981,20.92178],[105.786624,20.922156],[105.786812,20.922161],[105.787005,20.922156],[105.787193,20.922141],[105.78738,20.922111],[105.787568,20.922071],[105.78775,20.92202],[105.787928,20.921955],[105.788105,20.921885],[105.788271,20.9218],[105.791591,20.919996]],[[105.775938,20.91931],[105.778293,20.920798]],[[105.790116,20.920798],[105.792337,20.91959],[105.792514,20.9195],[105.792691,20.919425],[105.798769,20.917095]],[[105.775986,20.912465],[105.775938,20.912525]],[[105.797911,20.917425],[105.801317,20.916118],[105.807357,20.911763],[105.810764,20.911006],[105.813977,20.910119],[105.813988,20.910114],[105.813993,20.910114],[105.813999,20.910109],[105.814004,20.910109],[105.814009,20.910109],[105.814015,20.910109],[105.81402,20.910104],[105.814025,20.910104],[105.814031,20.910104],[105.814036,20.910099],[105.814041,20.910099],[105.814047,20.910099],[105.814052,20.910099],[105.814058,20.910094],[105.814063,20.910094],[105.814068,20.910094],[105.814074,20.910089],[105.814079,20.910089],[105.814084,20.910089],[105.81409,20.910089],[105.81409,20.910084],[105.814095,20.910084],[105.814101,20.910084],[105.814106,20.910084],[105.814111,20.910079],[105.814117,20.910079],[105.814122,20.910079],[105.814127,20.910074],[105.814133,20.910074],[105.814138,20.910074],[105.814143,20.910074],[105.814149,20.910069],[105.814154,20.910069],[105.81416,20.910069],[105.814165,20.910064],[105.81417,20.910064],[105.814176,20.910064],[105.814181,20.910064],[105.814186,20.910059],[105.814192,20.910059],[105.814197,20.910059],[105.814202,20.910059],[105.814208,20.910054],[105.814213,20.910054],[105.814219,20.910054],[105.814224,20.910054],[105.814224,20.910049],[105.814229,20.910049],[105.814235,20.910049],[105.81424,20.910049],[105.814245,20.910044],[105.814251,20.910044],[105.814256,20.910044],[105.814261,20.910044],[105.814261,20.910039],[105.814267,20.910039],[105.814272,20.910039],[105.814278,20.910039],[105.814283,20.910039],[105.814288,20.910034],[105.814294,20.910034],[105.814299,20.910034],[105.814304,20.910029],[105.81431,20.910029],[105.814315,20.910029],[105.81432,20.910029],[105.814326,20.910024],[105.814331,20.910024],[105.814337,20.910024],[105.814342,20.910024],[105.814347,20.910019],[105.814353,20.910019],[105.814358,20.910019],[105.814363,20.910019],[105.814369,20.910014],[105.814374,20.910014],[105.814379,20.910014],[105.814385,20.910014],[105.81439,20.910009],[105.814396,20.910009],[105.814401,20.910009],[105.814406,20.910009],[105.814412,20.910004],[105.814417,20.910004],[105.814422,20.910004],[105.814428,20.910004],[105.814433,20.910004],[105.814438,20.909999],[105.814664,20.909959],[105.814894,20.909929],[105.815125,20.909914],[105.81513,20.909914],[105.815136,20.909914],[105.815141,20.909914],[105.815147,20.909914],[105.815152,20.909914],[105.815157,20.909914],[105.815163,20.909914],[105.815168,20.909914],[105.815173,20.909914],[105.815179,20.909914],[105.815184,20.909914],[105.815189,20.909914],[105.815195,20.909914],[105.8152,20.909914],[105.815206,20.909914],[105.815211,20.909914],[105.815216,20.909914],[105.815222,20.909914],[105.815227,20.909914],[105.815232,20.909914],[105.815238,20.909914],[105.815243,20.909914],[105.815248,20.909914],[105.815254,20.909909],[105.815259,20.909909],[105.815265,20.909909],[105.81527,20.909909],[105.815275,20.909909],[105.815281,20.909909],[105.815286,20.909909],[105.815291,20.909909],[105.815297,20.909909],[105.815302,20.909909],[105.815307,20.909909],[105.815313,20.909909],[105.815318,20.909909],[105.815324,20.909909],[105.815329,20.909909],[105.815334,20.909909],[105.81534,20.909909],[105.815345,20.909909],[105.81535,20.909909],[105.815356,20.909909],[105.815361,20.909909],[105.815367,20.909909],[105.815372,20.909909],[105.815377,20.909909],[105.815383,20.909909],[105.815388,20.909909],[105.815393,20.909909],[105.815399,20.909909],[105.815404,20.909909],[105.815409,20.909909],[105.815415,20.909909],[105.81542,20.909909],[105.815426,20.909914],[105.815431,20.909914],[105.815436,20.909914],[105.815442,20.909914],[105.815447,20.909914],[105.815452,20.909914],[105.815458,20.909914],[105.815463,20.909914],[105.815468,20.909914],[105.815474,20.909914],[105.815479,20.909914],[105.815485,20.909914],[105.81549,20.909914],[105.815495,20.909914],[105.815501,20.909914],[105.815506,20.909914],[105.815511,20.909914],[105.815517,20.909914],[105.815522,20.909914],[105.815527,20.909914],[105.815533,20.909914],[105.815538,20.909914],[105.815544,20.909914],[105.815549,20.909914],[105.815554,20.909914],[105.81556,20.909914],[105.815565,20.909914],[105.81557,20.909914],[105.815576,20.909914],[105.815581,20.909914],[105.815586,20.909914],[105.815592,20.909914],[105.815597,20.909914],[105.815603,20.909914],[105.816193,20.909929],[105.819084,20.909984],[105.820742,20.910014]],[[105.819883,20.909999],[105.821595,20.910029],[105.823349,20.910064],[105.823494,20.910064],[105.823638,20.910054],[105.823783,20.910034],[105.823923,20.910009],[105.824068,20.909974],[105.830328,20.90827],[105.838889,20.905624],[105.842714,20.904286]],[[105.841856,20.904587],[105.843439,20.904036],[105.843744,20.903916],[105.844039,20.90378],[105.844324,20.90362],[105.844597,20.903444],[105.84486,20.903254],[105.845107,20.903049],[105.849034,20.89947]],[[105.848154,20.900272],[105.850959,20.897721],[105.851195,20.897521],[105.851442,20.897336],[105.8517,20.89717],[105.851973,20.897015],[105.852252,20.896879],[105.852542,20.896764],[105.852842,20.896664],[105.853148,20.896584],[105.853454,20.896519],[105.85377,20.896479],[105.854082,20.896453],[105.854398,20.896453],[105.854715,20.896469],[105.855031,20.896504],[105.855342,20.896559],[105.863448,20.898243],[105.863759,20.898298],[105.864075,20.898333],[105.864397,20.898348],[105.864687,20.898348]],[[105.863829,20.898308],[105.864075,20.898333],[105.864397,20.898348],[105.864714,20.898348],[105.86503,20.898323],[105.865347,20.898278],[105.878178,20.896088]]]}},{"type":"Feature","properties":{"name":"Tuyến metro số 14","line":"M14","color":"#5E35B1","status":"planned"},"geometry":{"type":"MultiLineString","coordinates":[[[105.732851,21.087153],[105.730003,21.0841]],[[105.730748,21.084901],[105.729799,21.083879],[105.72967,21.083734],[105.729557,21.083584],[105.729455,21.083424],[105.729364,21.083259],[105.729284,21.083089],[105.729219,21.082913],[105.729166,21.082738],[105.729123,21.082558],[105.729096,21.082373],[105.729085,21.082188],[105.729085,21.082002],[105.729096,21.081817],[105.729123,21.081632],[105.729166,21.081452],[105.729219,21.081272],[105.729284,21.081096],[105.729364,21.080926],[105.72945,21.080766],[105.729557,21.080606],[105.72967,21.080456],[105.729793,21.080311],[105.729927,21.080175],[105.730072,21.08005],[105.730228,21.07993],[105.732851,21.078068]],[[105.746809,21.166884],[105.747485,21.145592]],[[105.749642,21.200952],[105.751659,21.198892],[105.751868,21.198661],[105.752061,21.198421],[105.752238,21.198166],[105.752394,21.197906],[105.752533,21.197631],[105.752651,21.197351],[105.752748,21.197066],[105.752823,21.196771],[105.752882,21.196476],[105.752914,21.196176],[105.75293,21.195871],[105.752919,21.195571],[105.752892,21.19527],[105.752839,21.19497],[105.752769,21.19468],[105.752673,21.19439],[105.75256,21.194105],[105.752426,21.19383],[105.752276,21.193565],[105.752104,21.19331],[105.751916,21.193065],[105.751707,21.192835],[105.748837,21.189809],[105.748649,21.189599],[105.748478,21.189374],[105.748317,21.189143],[105.748177,21.188903],[105.748054,21.188653],[105.747952,21.188398],[105.747861,21.188133],[105.747796,21.187868],[105.747743,21.187598],[105.747609,21.186573]],[[105.747716,21.187373],[105.747448,21.185377],[105.747415,21.185077],[105.746605,21.175888],[105.746584,21.175628],[105.746579,21.175368],[105.746589,21.175103],[105.746777,21.167965],[105.746777,21.16793],[105.746836,21.166084]],[[105.747458,21.146392],[105.747657,21.140133],[105.747614,21.131347],[105.747625,21.130872],[105.747662,21.130396],[105.747727,21.129926],[105.748011,21.125097]],[[105.747963,21.125898],[105.748461,21.117486],[105.748472,21.116896],[105.748445,21.1163],[105.748376,21.115705],[105.748268,21.115119],[105.748113,21.114544],[105.74792,21.113973],[105.747689,21.113423],[105.747421,21.112882],[105.742915,21.1046]],[[105.743349,21.105401],[105.73423,21.088629],[105.731993,21.086232]],[[105.731993,21.078679],[105.73489,21.076622],[105.735152,21.076446],[105.735431,21.076286],[105.735716,21.076146],[105.736011,21.076026],[105.736316,21.075921],[105.736628,21.075841],[105.736944,21.075776],[105.737266,21.075731],[105.737588,21.075711],[105.73791,21.075706],[105.738237,21.075726],[105.738553,21.075761],[105.738875,21.075821],[105.739567,21.075971],[105.751686,21.078594],[105.752104,21.078694],[105.752512,21.078819],[105.752919,21.078964],[105.754824,21.07971]],[[105.766035,21.0841],[105.774785,21.087523],[105.775375,21.087733],[105.775976,21.087909],[105.776592,21.088049],[105.776796,21.088079]],[[105.753965,21.079375],[105.768079,21.084901]],[[105.775938,21.087899],[105.775976,21.087909],[105.776592,21.088049],[105.777209,21.088149],[105.777837,21.088209],[105.77847,21.088229],[105.779098,21.088214],[105.779725,21.088159],[105.798769,21.085887]],[[105.807019,21.084901],[105.810104,21.08453],[105.813103,21.08411],[105.813408,21.08407],[105.813714,21.084005],[105.814009,21.083924],[105.814304,21.083829],[105.814589,21.083714],[105.814868,21.083579],[105.815136,21.083429],[105.815393,21.083264],[105.81564,21.083084],[105.815871,21.082888],[105.816085,21.082683],[105.816289,21.082458],[105.816477,21.082228],[105.820742,21.076546]],[[105.797911,21.085987],[105.810104,21.08453],[105.813103,21.08411],[105.813183,21.0841]],[[105.819883,21.077693],[105.821546,21.07548],[105.829105,21.064608],[105.829974,21.063597]],[[105.829287,21.064398],[105.833659,21.059311],[105.834416,21.05837],[105.835108,21.057389],[105.835724,21.056363],[105.836813,21.05442],[105.837414,21.053419],[105.838085,21.052453],[105.83882,21.051532],[105.839614,21.050661],[105.842655,21.047522],[105.842714,21.047456]],[[105.841856,21.048348],[105.842655,21.047522],[105.842848,21.047311],[105.843025,21.047086],[105.843192,21.046856],[105.845659,21.043091]],[[105.859505,21.023383],[105.859467,21.023208],[105.859419,21.023038],[105.858614,21.020524],[105.858572,21.020364],[105.858534,21.020203],[105.858513,21.020043],[105.858496,21.019883],[105.858496,21.019723],[105.858502,21.019562],[105.858518,21.019407],[105.858545,21.019247],[105.858786,21.018015],[105.85885,21.01774],[105.858936,21.017464],[105.859038,21.017199],[105.859156,21.016939],[105.859296,21.016683],[105.859446,21.016438],[105.859618,21.016202],[105.8598,21.015977],[105.864687,21.010394]],[[105.845134,21.043892],[105.847172,21.040788],[105.847333,21.040562],[105.847505,21.040347],[105.847692,21.040142],[105.847891,21.039941],[105.8481,21.039761],[105.848325,21.039586],[105.852864,21.036291],[105.853105,21.036106],[105.85333,21.035901],[105.853545,21.035686],[105.853744,21.03546],[105.853926,21.03522],[105.854436,21.034459],[105.854908,21.033673],[105.855331,21.032867],[105.859269,21.024965],[105.859344,21.0248],[105.859408,21.02463],[105.859462,21.024455],[105.8595,21.024279],[105.859526,21.024104],[105.859537,21.023924],[105.859542,21.023744],[105.859532,21.023563],[105.859505,21.023388],[105.859467,21.023208],[105.859419,21.023038],[105.859274,21.022582]],[[105.863829,21.011375],[105.867203,21.007519],[105.867337,21.007379],[105.867476,21.007249],[105.867621,21.007128],[105.867782,21.007018],[105.867949,21.006918],[105.86812,21.006828],[105.868297,21.006748],[105.86848,21.006683],[105.868667,21.006628],[105.86886,21.006583],[105.869054,21.006553],[105.869247,21.006533],[105.869445,21.006528],[105.869644,21.006538],[105.869837,21.006553],[105.87003,21.006588],[105.870223,21.006633],[105.870411,21.006688],[105.870593,21.006758],[105.87077,21.006838],[105.870942,21.006928],[105.871103,21.007028],[105.871264,21.007138],[105.871409,21.007264],[105.883784,21.01817],[105.883849,21.018225],[105.88666,21.020859]],[[105.888505,21.022582],[105.888644,21.022707],[105.888789,21.022817],[105.888945,21.022922],[105.889106,21.023013],[105.889272,21.023098],[105.889444,21.023173],[105.889621,21.023233],[105.889803,21.023283],[105.889986,21.023323],[105.890173,21.023353],[105.890361,21.023368],[105.890549,21.023373],[105.890737,21.023368],[105.890924,21.023348],[105.891112,21.023323],[105.895007,21.022582]],[[105.885801,21.020053],[105.888505,21.022582],[105.888644,21.022707],[105.888789,21.022817],[105.888945,21.022922],[105.889106,21.023013],[105.889272,21.023098],[105.889444,21.023173],[105.889621,21.023233],[105.889803,21.023283],[105.889986,21.023323],[105.890173,21.023353],[105.890361,21.023368],[105.890549,21.023373],[105.890737,21.023368],[105.890924,21.023348],[105.891112,21.023323],[105.901514,21.02135],[105.901723,21.021305],[105.901927,21.02125],[105.906304,21.020033],[105.906487,21.019978],[105.906669,21.019908],[105.906846,21.019823],[105.907018,21.019733],[105.907184,21.019628],[105.907339,21.019512],[105.907484,21.019387],[105.907624,21.019257],[105.907747,21.019112],[105.907865,21.018962],[105.907972,21.018806],[105.908064,21.018646],[105.908149,21.018476],[105.908219,21.018301],[105.908273,21.018125],[105.908316,21.017945],[105.908348,21.01776],[105.908412,21.017239],[105.908632,21.016052]],[[105.915091,21.002872],[105.917934,20.999832],[105.920675,20.994183],[105.920761,20.994017],[105.920863,20.993857],[105.92097,20.993702],[105.921094,20.993556],[105.921228,20.993421],[105.921367,20.993291],[105.921518,20.993171],[105.921673,20.993066],[105.921839,20.992966],[105.922017,20.992875],[105.922194,20.9928],[105.922376,20.992735],[105.922564,20.992685],[105.922757,20.99264],[105.92295,20.992615],[105.923148,20.992595],[105.923347,20.992595],[105.92354,20.992605],[105.923738,20.992625],[105.923932,20.99266],[105.924119,20.992705],[105.924307,20.992765],[105.924489,20.992835],[105.925927,20.993446],[105.926056,20.993501],[105.926179,20.993561],[105.930605,20.995945]],[[105.907774,21.019082],[105.907865,21.018962],[105.907972,21.018806],[105.908064,21.018646],[105.908149,21.018476],[105.908219,21.018301],[105.908273,21.018125],[105.908316,21.017945],[105.908348,21.01776],[105.908412,21.017239],[105.909061,21.013709],[105.909099,21.013548],[105.909142,21.013388],[105.909196,21.013233],[105.909265,21.013083],[105.912779,21.005536],[105.912854,21.005386],[105.91294,21.00524],[105.913036,21.0051],[105.913138,21.004965],[105.913251,21.004835],[105.915842,21.00207]],[[105.945008,20.982357],[105.947546,20.97797],[105.947594,20.977885],[105.952578,20.968483]],[[105.929747,20.995485],[105.933475,20.997488],[105.933652,20.997578],[105.933834,20.997653],[105.934022,20.997718],[105.934215,20.997773],[105.934414,20.997814],[105.934612,20.997839],[105.934811,20.997854],[105.935009,20.997854],[105.935213,20.997844],[105.935411,20.997819],[105.935605,20.997778],[105.935798,20.997728],[105.935985,20.997663],[105.936173,20.997588],[105.93635,20.997503],[105.936517,20.997403],[105.936683,20.997293],[105.936838,20.997172],[105.936983,20.997042],[105.937117,20.996907],[105.937606,20.996371],[105.937724,20.996246],[105.937847,20.996136],[105.937981,20.996026],[105.938115,20.995925],[105.93826,20.995835],[105.943533,20.9927],[105.943683,20.992605],[105.943828,20.9925],[105.943968,20.992385],[105.944096,20.992264],[105.94422,20.992134],[105.944332,20.991999],[105.944434,20.991854],[105.944526,20.991708],[105.944606,20.991553],[105.944687,20.991383],[105.944751,20.991203],[105.944799,20.991022],[105.944842,20.990842],[105.944864,20.990657],[105.944874,20.990471],[105.944874,20.990286],[105.944858,20.990096],[105.944826,20.989915],[105.944783,20.98973],[105.944729,20.989555],[105.94466,20.989379],[105.944574,20.989209],[105.944483,20.989044],[105.944375,20.988889],[105.944257,20.988738],[105.943426,20.987747],[105.94334,20.987586],[105.94326,20.987421],[105.943195,20.987246],[105.943142,20.987071],[105.943104,20.986895],[105.943077,20.986715],[105.943061,20.98653],[105.943061,20.986349],[105.943072,20.986169],[105.943093,20.985984],[105.943131,20.985808],[105.943184,20.985633],[105.943249,20.985458],[105.943319,20.985293],[105.94341,20.985127],[105.945475,20.981556]],[[105.951719,20.970101],[105.95652,20.961039]],[[105.956097,20.96184],[105.962212,20.950308]]]}},{"type":"Feature","properties":{"name":"Tuyến metro số 15","line":"M15","color":"#039BE5","status":"planned"},"geometry":{"type":"MultiLineString","coordinates":[[[105.71016,21.063597],[105.710315,21.064127],[105.710369,21.064292],[105.710433,21.064453],[105.710508,21.064613],[105.710599,21.064763],[105.710878,21.065224]],[[105.707429,21.043091],[105.707853,21.055407],[105.707864,21.055567],[105.707885,21.055727],[105.707917,21.055882],[105.707955,21.056037],[105.710315,21.064127],[105.710369,21.064292],[105.710412,21.064398]],[[105.710878,21.033783],[105.707805,21.038039],[105.707697,21.038199],[105.707606,21.038364],[105.70752,21.03854],[105.707451,21.038715],[105.707397,21.0389],[105.707354,21.039085],[105.707327,21.039271],[105.707311,21.039461],[105.707311,21.039646],[105.707456,21.043892]],[[105.730357,21.0841],[105.732851,21.086352]],[[105.71016,21.063597],[105.710315,21.064127],[105.710369,21.064292],[105.710433,21.064453],[105.710508,21.064613],[105.710599,21.064763],[105.715427,21.072637],[105.715529,21.072792],[105.715642,21.072942],[105.715771,21.073088],[105.715905,21.073218],[105.716055,21.073343],[105.716205,21.073458],[105.726382,21.080546],[105.726526,21.080656],[105.726666,21.080771],[105.731242,21.084901]],[[105.71002,21.063116],[105.710315,21.064127],[105.710369,21.064292],[105.710412,21.064398]],[[105.720577,21.00207],[105.720304,21.005361],[105.720293,21.005521],[105.720298,21.005681],[105.720502,21.010343],[105.720695,21.018256],[105.720695,21.018426],[105.720679,21.018596],[105.720658,21.018766],[105.72062,21.018932],[105.720577,21.019097],[105.720518,21.019257],[105.720448,21.019417],[105.720373,21.019567],[105.720282,21.019718],[105.717933,21.023383]],[[105.718448,21.022582],[105.71436,21.028956],[105.71002,21.03497]],[[105.732851,20.992745],[105.732701,20.992715],[105.732508,20.99266],[105.725116,20.990391],[105.724922,20.990341],[105.724729,20.990301],[105.724531,20.990276],[105.724332,20.990261],[105.724128,20.990261],[105.72393,20.990271],[105.723732,20.990296],[105.723533,20.990336],[105.72334,20.990386],[105.723152,20.990451],[105.72297,20.990526],[105.722787,20.990617],[105.722621,20.990717],[105.722455,20.990827],[105.722299,20.990947],[105.722154,20.991077],[105.72202,20.991213],[105.721897,20.991363],[105.721784,20.991518],[105.721682,20.991683],[105.721591,20.991849],[105.721516,20.992024],[105.721452,20.992204],[105.721403,20.992385],[105.721366,20.99257],[105.721344,20.99276],[105.720508,21.002872]],[[105.743666,21.1046],[105.748145,21.113248]],[[105.743666,21.1046],[105.748209,21.113378],[105.748365,21.113648],[105.748537,21.113913],[105.74873,21.114163],[105.748944,21.114404],[105.74917,21.114624],[105.749411,21.114834],[105.749668,21.115029]],[[105.74917,21.114624],[105.749411,21.114834],[105.749668,21.115029],[105.749942,21.115204],[105.750226,21.115359],[105.754824,21.117726]],[[105.735635,21.08909],[105.744079,21.105401]],[[105.735635,21.08909],[105.744079,21.105401]],[[105.731993,21.085576],[105.735034,21.088324],[105.735158,21.088434],[105.735265,21.088554],[105.735372,21.088684],[105.735469,21.088815],[105.735555,21.08895],[105.735635,21.08909]],[[105.742502,20.981556],[105.739567,20.985012],[105.735952,20.991363],[105.73585,20.991528],[105.735737,20.991683],[105.735614,20.991834],[105.735474,20.991974],[105.735329,20.992104],[105.735179,20.992224],[105.735013,20.992334],[105.734841,20.992435],[105.734664,20.992525],[105.734482,20.9926],[105.734294,20.992665],[105.734096,20.992715],[105.733902,20.992755],[105.733704,20.99278],[105.7335,20.992795],[105.733302,20.992795],[105.733098,20.99278],[105.732899,20.992755],[105.732701,20.992715],[105.732508,20.99266],[105.731993,20.9925]],[[105.754824,20.967842],[105.74932,20.970802],[105.749148,20.970902],[105.748987,20.971012],[105.748837,20.971133],[105.748692,20.971263],[105.748558,20.971398],[105.748435,20.971548],[105.748322,20.971699],[105.74822,20.971864],[105.748129,20.972029],[105.748054,20.972204],[105.747989,20.97238],[105.747941,20.972565],[105.746938,20.976773],[105.74689,20.976943],[105.746836,20.977108],[105.746766,20.977269],[105.746686,20.977429],[105.746595,20.977579],[105.746493,20.977729],[105.74638,20.97787],[105.746257,20.978],[105.746128,20.978125],[105.743129,20.980855],[105.743001,20.98098],[105.742877,20.98111],[105.74182,20.982357]],[[105.767248,21.125097],[105.767473,21.125398],[105.776796,21.136916]],[[105.753965,21.117286],[105.765086,21.123006],[105.765359,21.123156],[105.765622,21.123326],[105.765869,21.123511],[105.766105,21.123706],[105.76633,21.123921],[105.766534,21.124152],[105.766727,21.124387],[105.767473,21.125398],[105.767875,21.125898]],[[105.766218,20.961039],[105.765392,20.961961],[105.765279,20.962076],[105.765161,20.962186],[105.765032,20.962291],[105.764903,20.962391],[105.764764,20.962482],[105.764619,20.962562],[105.753965,20.968302]],[[105.776796,20.949632],[105.772494,20.954046],[105.772414,20.954131],[105.765499,20.96184]],[[105.771813,20.919375],[105.770665,20.920798]],[[105.771813,20.919375],[105.770665,20.920798]],[[105.763063,20.89947],[105.761213,20.907489],[105.761181,20.907669],[105.761159,20.907854],[105.761148,20.908035],[105.761154,20.90822],[105.76117,20.908401],[105.761202,20.908586],[105.761245,20.908761],[105.761304,20.908937],[105.761374,20.909112],[105.761454,20.909278],[105.761545,20.909438],[105.761653,20.909593],[105.761765,20.909744],[105.761894,20.909884],[105.762028,20.910014],[105.762173,20.910134],[105.762329,20.91025],[105.762489,20.910355],[105.771056,20.915446],[105.771223,20.915551],[105.771378,20.915667],[105.771528,20.915792],[105.771663,20.915927],[105.771791,20.916073],[105.771909,20.916223],[105.772017,20.916383],[105.772108,20.916549],[105.772188,20.916719],[105.772258,20.916894],[105.772312,20.917075],[105.772355,20.917255],[105.772381,20.917441],[105.772398,20.917626],[105.772398,20.917816],[105.772387,20.918002],[105.77236,20.918187],[105.772322,20.918373],[105.772269,20.918548],[105.772204,20.918728],[105.772124,20.918899],[105.772033,20.919064],[105.771925,20.919224],[105.771813,20.919375]],[[105.76971,20.921975],[105.769597,20.922126],[105.769495,20.922281],[105.76941,20.922441],[105.769329,20.922607],[105.769265,20.922777],[105.769211,20.922952],[105.769168,20.923128],[105.769141,20.923308],[105.769125,20.923489],[105.769125,20.923669],[105.769131,20.923854],[105.769157,20.92403],[105.769195,20.92421],[105.769243,20.924385],[105.769302,20.924561],[105.769377,20.924726],[105.769463,20.924892],[105.76956,20.925047],[105.769667,20.925197],[105.769785,20.925342],[105.769914,20.925478],[105.770048,20.925603],[105.770193,20.925723],[105.776796,20.930729]],[[105.769989,20.921635],[105.76971,20.921975]],[[105.771314,20.919996],[105.76971,20.921975]],[[105.771314,20.919996],[105.770246,20.921309]],[[105.769908,20.878942],[105.763916,20.887392],[105.763809,20.887553],[105.763718,20.887713],[105.763643,20.887883],[105.763573,20.888054],[105.763519,20.888229],[105.763476,20.88841],[105.76345,20.88859],[105.763434,20.888776],[105.763428,20.888956],[105.763616,20.896729],[105.763616,20.896889],[105.763605,20.89705],[105.763584,20.897205],[105.763552,20.897366],[105.762881,20.900272]],[[105.776796,20.867564],[105.770885,20.877569],[105.76934,20.879744]],[[105.783883,21.145592],[105.794086,21.157279],[105.794306,21.157514],[105.794542,21.157729],[105.794794,21.157934],[105.795057,21.158119],[105.795336,21.15829],[105.795625,21.15844],[105.795926,21.15857],[105.796237,21.158685],[105.796553,21.158775],[105.796875,21.158845],[105.797203,21.158895],[105.79753,21.158925],[105.797862,21.15893],[105.798195,21.15892],[105.798522,21.15888],[105.798769,21.15884]],[[105.775938,21.135855],[105.782982,21.144561],[105.783046,21.144636],[105.78458,21.146392]],[[105.784435,20.940519],[105.784918,20.942307],[105.784961,20.942488],[105.784988,20.942673],[105.785004,20.942859],[105.785004,20.943039],[105.784993,20.943224],[105.784966,20.94341],[105.784929,20.94359],[105.784881,20.94377],[105.784816,20.943941],[105.784736,20.944111],[105.78465,20.944276],[105.784548,20.944437],[105.784435,20.944587],[105.784317,20.944732],[105.784183,20.944868],[105.784038,20.944998],[105.783888,20.945113],[105.783727,20.945223],[105.783561,20.945318],[105.783389,20.945409],[105.783212,20.945484],[105.780439,20.946541],[105.780165,20.946656],[105.779897,20.946791],[105.779634,20.946937],[105.779387,20.947102],[105.779146,20.947277],[105.778921,20.947468],[105.778711,20.947673],[105.775938,20.950514]],[[105.775938,20.930077],[105.782338,20.934932],[105.782483,20.935043],[105.782611,20.935168],[105.782735,20.935298],[105.782853,20.935434],[105.782955,20.935579],[105.783051,20.935729],[105.783137,20.935884],[105.783212,20.936045],[105.783271,20.93621],[105.783325,20.936375],[105.78465,20.94132]],[[105.798769,20.838463],[105.798731,20.838478],[105.797562,20.83898],[105.79643,20.839556],[105.795341,20.840198],[105.794306,20.84091],[105.793319,20.841682],[105.792385,20.842519],[105.791522,20.843412],[105.790717,20.844354],[105.789982,20.845347],[105.789322,20.846379],[105.781737,20.859213]],[[105.782209,20.858411],[105.775938,20.869018]],[[105.798769,20.838463],[105.798731,20.838478],[105.798265,20.838679]],[[105.797911,21.15893],[105.798195,21.15892],[105.798522,21.15888],[105.798849,21.158825],[105.818692,21.154712]],[[105.820742,20.842645],[105.816037,20.839682],[105.814911,20.83909],[105.813752,20.838574],[105.812556,20.838132],[105.811697,20.837877]],[[105.80055,20.837877],[105.799933,20.838052],[105.798731,20.838478],[105.797911,20.838829]],[[105.813982,20.838679],[105.813752,20.838574],[105.812556,20.838132],[105.811327,20.837766],[105.810083,20.837481],[105.808817,20.83727],[105.807534,20.83714],[105.806252,20.83709],[105.804965,20.837125],[105.803688,20.837235],[105.802417,20.837431],[105.801167,20.837701],[105.799933,20.838052],[105.798731,20.838478],[105.798265,20.838679]],[[105.823177,20.844184],[105.819883,20.842108]]]}},{"type":"Feature","properties":{"name":"Tuyến metro số 17","line":"M17","color":"#546E7A","status":"planned"},"geometry":{"type":"MultiLineString","coordinates":[[[105.476636,21.002872],[105.481442,20.99888],[105.481587,20.99875],[105.481721,20.998615],[105.481845,20.99847],[105.481957,20.998314],[105.482059,20.998154],[105.48215,20.997989],[105.482225,20.997819],[105.482295,20.997643],[105.482343,20.997463],[105.482381,20.997278],[105.482408,20.997097],[105.482419,20.996912],[105.482419,20.996722],[105.482402,20.996536],[105.48237,20.996356],[105.482327,20.996171],[105.482274,20.995996],[105.481684,20.994333],[105.48163,20.994152],[105.481587,20.993972],[105.481555,20.993787],[105.481539,20.993602],[105.481539,20.993411],[105.481651,20.989294],[105.481646,20.989114],[105.481635,20.988934],[105.481609,20.988753],[105.481566,20.988578],[105.481512,20.988403],[105.481448,20.988233],[105.481372,20.988067],[105.481287,20.987902],[105.481185,20.987747],[105.481072,20.987601],[105.480954,20.987461],[105.480825,20.987326],[105.480686,20.987201],[105.480536,20.987086],[105.48038,20.98698],[105.480214,20.986885],[105.480047,20.986795],[105.474817,20.984361],[105.474645,20.984276],[105.474479,20.984176],[105.474318,20.98407],[105.474168,20.98395],[105.474029,20.983825],[105.4739,20.98369],[105.473776,20.983544],[105.473664,20.983394],[105.473042,20.982483],[105.472945,20.982322],[105.472854,20.982157],[105.472779,20.981987],[105.472714,20.981811],[105.472661,20.981631],[105.472645,20.981556]],[[105.472966,20.982357],[105.472945,20.982322],[105.472854,20.982157],[105.472779,20.981987],[105.472714,20.981811],[105.472661,20.981631],[105.472623,20.981451],[105.472602,20.981266],[105.472591,20.98108],[105.472591,20.980895],[105.472607,20.980715],[105.472634,20.980529],[105.472677,20.980349],[105.472736,20.980169],[105.4728,20.979998],[105.472881,20.979828],[105.472977,20.979663],[105.473079,20.979507],[105.473197,20.979357],[105.47332,20.979217],[105.47346,20.979082],[105.473605,20.978956],[105.47376,20.978841],[105.473921,20.978736],[105.480906,20.974549],[105.481061,20.974458],[105.481222,20.974383],[105.481383,20.974318],[105.481555,20.974258],[105.481727,20.974208],[105.487155,20.972866],[105.487332,20.972816],[105.487509,20.97275],[105.487681,20.97268],[105.487842,20.9726],[105.488003,20.972505],[105.488158,20.972405],[105.488303,20.972295],[105.491152,20.969985]],[[105.473084,21.005816],[105.477601,21.00207]],[[105.490294,20.970682],[105.496516,20.965632],[105.496666,20.965517],[105.496827,20.965412],[105.496994,20.965317],[105.497165,20.965237],[105.497348,20.965162],[105.49753,20.965101],[105.497718,20.965051],[105.497911,20.965016],[105.502487,20.96427],[105.502621,20.964245],[105.502755,20.964215],[105.502884,20.96418],[105.509294,20.962231],[105.509482,20.962181],[105.50967,20.962146],[105.509868,20.962116],[105.510061,20.962106],[105.510255,20.962101],[105.513124,20.962171]],[[105.512266,20.962151],[105.518972,20.962316],[105.519143,20.962321],[105.51931,20.962341],[105.519481,20.962366],[105.519642,20.962406],[105.519809,20.962452],[105.519969,20.962507],[105.527222,20.965222],[105.527383,20.965277],[105.527555,20.965322],[105.527721,20.965362],[105.527898,20.965387],[105.52807,20.965402],[105.528247,20.965412],[105.535097,20.965507]],[[105.551319,21.022582],[105.545579,21.033322]],[[105.55707,21.015551],[105.556753,21.015627],[105.556442,21.015722],[105.556136,21.015842],[105.555841,21.015977],[105.555557,21.016132],[105.555283,21.016303],[105.555021,21.016493],[105.554779,21.016698],[105.554549,21.016919],[105.554334,21.017154],[105.554141,21.017404],[105.553964,21.017665],[105.553803,21.017935],[105.55089,21.023383]],[[105.534239,20.965492],[105.550525,20.965718],[105.550675,20.965718],[105.55707,20.965612]],[[105.565138,21.00207],[105.564993,21.002311],[105.564832,21.002641],[105.564687,21.002977],[105.564575,21.003327],[105.564483,21.003683],[105.564414,21.004039],[105.564376,21.004404],[105.564365,21.00477],[105.564355,21.012702],[105.564349,21.012887],[105.564328,21.013068],[105.564296,21.013253],[105.564247,21.013428],[105.564188,21.013603],[105.564119,21.013774],[105.564033,21.013939],[105.563942,21.014099],[105.563834,21.014254],[105.563716,21.0144],[105.563588,21.01454],[105.563448,21.01467],[105.563303,21.014795],[105.563148,21.014905],[105.562987,21.015006],[105.562815,21.015096],[105.562638,21.015176],[105.562456,21.015246],[105.562273,21.015301],[105.56208,21.015346],[105.561887,21.015381],[105.561694,21.015401],[105.561501,21.015411],[105.558051,21.015446],[105.557724,21.015461],[105.557397,21.015496],[105.55707,21.015551],[105.556753,21.015627],[105.556442,21.015722],[105.556211,21.015812]],[[105.556211,20.965627],[105.559017,20.965582],[105.559623,20.965592],[105.560229,20.965632],[105.56083,20.965713],[105.561426,20.965828],[105.562016,20.965983],[105.56259,20.966163],[105.563148,20.966384],[105.564693,20.96704],[105.564864,20.96712],[105.565031,20.96721],[105.565192,20.967311],[105.565342,20.967421],[105.565481,20.967536],[105.565621,20.967666],[105.565744,20.967801],[105.565857,20.967942],[105.565964,20.968092],[105.566061,20.968247],[105.566141,20.968408],[105.566211,20.968578],[105.566275,20.968748],[105.566323,20.968918],[105.566356,20.969094],[105.566377,20.969274],[105.566388,20.969454],[105.566479,20.973507],[105.566479,20.973692],[105.566463,20.973872],[105.566436,20.974058],[105.566393,20.974233],[105.566339,20.974413],[105.56627,20.974584],[105.566189,20.974749],[105.56466,20.977704],[105.564585,20.977865],[105.564521,20.978025],[105.564467,20.97819],[105.564424,20.97836],[105.564392,20.978531],[105.564376,20.978701],[105.564371,20.978876],[105.564376,20.979047],[105.564392,20.979222],[105.564419,20.979392],[105.565014,20.982357]],[[105.564854,20.981556],[105.566447,20.989515],[105.566474,20.989665],[105.56649,20.98981],[105.566495,20.98996],[105.566613,20.995154],[105.567568,20.997152],[105.567643,20.997323],[105.567702,20.997498],[105.567756,20.997678],[105.567788,20.997859],[105.567809,20.998044],[105.56782,20.998229],[105.567815,20.998414],[105.567799,20.998595],[105.567766,20.99878],[105.567724,20.99896],[105.567665,20.999136],[105.567595,20.999311],[105.567514,20.999476],[105.567418,20.999641],[105.56731,20.999797],[105.567198,20.999947],[105.567069,21.000087],[105.56693,21.000217],[105.566785,21.000343],[105.566441,21.000608],[105.566152,21.000853],[105.565878,21.001114],[105.565626,21.001389],[105.565395,21.001685],[105.565181,21.00199],[105.564993,21.002311],[105.564832,21.002641],[105.564736,21.002872]]]}},{"type":"Feature","properties":{"name":"Tuyến metro số 18","line":"M18","color":"#AD1457","status":"planned"},"geometry":{"type":"MultiLineString","coordinates":[[[105.709328,21.185192],[105.706142,21.18114],[105.705847,21.180735],[105.705584,21.18032],[105.705348,21.179885],[105.705149,21.179435],[105.704978,21.178975],[105.704843,21.178509],[105.704741,21.178029],[105.704672,21.177549],[105.70464,21.177064],[105.704645,21.176574],[105.704677,21.176093],[105.704752,21.175608],[105.704859,21.175133],[105.704999,21.174663],[105.705171,21.174208],[105.70538,21.173762],[105.705616,21.173327],[105.705884,21.172912],[105.706179,21.172512],[105.706506,21.172132],[105.706855,21.171776],[105.710878,21.167955]],[[105.71002,21.16877],[105.712842,21.166084]],[[105.712005,21.166884],[105.722047,21.157334],[105.722187,21.157209],[105.722342,21.157089],[105.722503,21.156984],[105.722669,21.156884],[105.722846,21.156799],[105.723023,21.156724],[105.723211,21.156659],[105.723399,21.156609],[105.723592,21.156574],[105.723791,21.156544],[105.723984,21.156529],[105.724182,21.156529],[105.727556,21.156619],[105.727749,21.156619],[105.727943,21.156604],[105.728136,21.156579],[105.728323,21.156544],[105.728511,21.156494],[105.728694,21.156433],[105.728871,21.156358],[105.729042,21.156278],[105.729209,21.156183],[105.732851,21.153967]],[[105.731993,21.154487],[105.736467,21.151766],[105.736633,21.151671],[105.736799,21.151591],[105.736971,21.151521],[105.737153,21.151461],[105.737336,21.151411],[105.737518,21.151371],[105.737706,21.151345],[105.737894,21.15133],[105.738087,21.151325],[105.754824,21.151571]],[[105.753965,21.151561],[105.755178,21.151576],[105.761958,21.151305],[105.762141,21.15129],[105.762323,21.151265],[105.762506,21.15123],[105.762683,21.151185],[105.76286,21.15113],[105.763026,21.151065],[105.763192,21.150985],[105.763353,21.1509],[105.763509,21.150805],[105.770429,21.146187],[105.770584,21.146092],[105.77074,21.146007],[105.770906,21.145932],[105.771078,21.145867],[105.77125,21.145807],[105.771427,21.145762],[105.771609,21.145727],[105.771791,21.145702],[105.771974,21.145692],[105.774307,21.145592]],[[105.770123,21.146392],[105.770429,21.146187],[105.770584,21.146092],[105.77074,21.146007],[105.770906,21.145932],[105.771078,21.145867],[105.77125,21.145807],[105.771427,21.145762],[105.771609,21.145727],[105.771791,21.145702],[105.771974,21.145692],[105.7759,21.145527],[105.776094,21.145512],[105.776287,21.145482],[105.776474,21.145447],[105.776662,21.145392],[105.776796,21.145347]],[[105.775938,21.145522],[105.776094,21.145512],[105.776287,21.145482],[105.776474,21.145447],[105.776662,21.145392],[105.776845,21.145332],[105.777027,21.145257],[105.777199,21.145172],[105.777365,21.145077],[105.777521,21.144972],[105.777671,21.144856],[105.777816,21.144731],[105.77795,21.144596],[105.778073,21.144456],[105.77818,21.144306],[105.778282,21.144151],[105.778373,21.143986],[105.778454,21.143821],[105.778518,21.143646],[105.778572,21.143471],[105.77861,21.14329],[105.778642,21.14311],[105.778652,21.14293],[105.778658,21.142745],[105.778438,21.13496],[105.778438,21.134795],[105.778454,21.134624],[105.778475,21.134459],[105.778508,21.134294],[105.778551,21.134134],[105.780112,21.1291],[105.780171,21.128925],[105.780246,21.128755],[105.780331,21.12859],[105.780428,21.12843],[105.780535,21.12828],[105.780653,21.128135],[105.780782,21.127995],[105.780922,21.127864],[105.781066,21.127744],[105.781222,21.127634],[105.781388,21.127534],[105.78156,21.127444],[105.781737,21.127369],[105.781914,21.127299],[105.782102,21.127244],[105.782295,21.127199],[105.782483,21.127169],[105.782681,21.127149],[105.793968,21.126398],[105.7943,21.126383],[105.798061,21.126348],[105.798265,21.126353],[105.798463,21.126368],[105.798662,21.126398],[105.798769,21.126423]],[[105.797911,21.126348],[105.798061,21.126348],[105.798265,21.126353],[105.798463,21.126368],[105.798662,21.126398],[105.79886,21.126443],[105.799053,21.126498],[105.799236,21.126568],[105.799418,21.126649],[105.799595,21.126744],[105.799761,21.126849],[105.799922,21.126959],[105.800073,21.127084],[105.800217,21.127219],[105.800346,21.127364],[105.80047,21.127514],[105.800577,21.127674],[105.800673,21.127839],[105.800759,21.12801],[105.800829,21.12819],[105.800888,21.12837],[105.800931,21.128555],[105.800963,21.12874],[105.800979,21.12893],[105.801038,21.130136],[105.801065,21.130436],[105.801113,21.130737],[105.801183,21.131037],[105.801274,21.131327],[105.801381,21.131612],[105.801516,21.131892],[105.801666,21.132158],[105.801837,21.132418],[105.802025,21.132663],[105.802229,21.132898],[105.802449,21.133123],[105.80269,21.133329],[105.802943,21.133519],[105.803205,21.133694],[105.809948,21.137852],[105.810233,21.138012],[105.810528,21.138157],[105.810834,21.138277],[105.811145,21.138382],[105.811467,21.138467],[105.811788,21.138527],[105.812121,21.138567],[105.812454,21.138587],[105.812781,21.138587],[105.820742,21.138287]],[[105.819883,21.138317],[105.822281,21.138227],[105.827367,21.138247],[105.827699,21.138257],[105.828021,21.138292],[105.828343,21.138347],[105.828665,21.138417],[105.828976,21.138512],[105.829282,21.138627],[105.831808,21.139668],[105.832087,21.139773],[105.832377,21.139858],[105.832672,21.139933],[105.832967,21.139988],[105.833268,21.140023],[105.833568,21.140043],[105.833874,21.140043],[105.834174,21.140028],[105.838466,21.140118],[105.838739,21.140118],[105.839013,21.140103],[105.839286,21.140068],[105.83956,21.140023],[105.842714,21.139408]],[[105.841856,21.139573],[105.84825,21.138317],[105.848567,21.138247],[105.848873,21.138152],[105.849178,21.138042],[105.849473,21.137912],[105.849758,21.137762],[105.850026,21.137597],[105.850289,21.137411],[105.850536,21.137211],[105.850616,21.137141],[105.850745,21.137016],[105.850874,21.136886],[105.850986,21.136746],[105.851094,21.136601],[105.852622,21.134329],[105.854656,21.131567],[105.854768,21.131432],[105.854886,21.131302],[105.85501,21.131177],[105.855144,21.131062],[105.855283,21.130952],[105.857928,21.129065],[105.858089,21.12896],[105.858255,21.128865],[105.858427,21.12878],[105.858609,21.128705],[105.858791,21.128645],[105.858979,21.12859],[105.859172,21.128555],[105.859365,21.12853],[105.859559,21.128515],[105.859752,21.128515],[105.85995,21.128525],[105.860143,21.128545],[105.860331,21.12858],[105.860524,21.12863],[105.860707,21.12869],[105.860889,21.12876],[105.861061,21.12884],[105.861232,21.128935],[105.861393,21.12904],[105.861543,21.12915],[105.861688,21.129276],[105.861822,21.129406],[105.861951,21.129546],[105.863577,21.131492],[105.863775,21.131742],[105.863952,21.132008],[105.864687,21.133193]],[[105.863829,21.131827],[105.863952,21.132008],[105.869885,21.141574],[105.870062,21.141839],[105.870261,21.14209],[105.87047,21.142325],[105.8707,21.14255],[105.870947,21.142755],[105.871205,21.14295],[105.871478,21.143125],[105.871768,21.14328],[105.872063,21.143415],[105.872369,21.143536],[105.87268,21.143636],[105.873002,21.143711],[105.873329,21.143771],[105.873656,21.143806],[105.873984,21.143821],[105.874316,21.143811],[105.874643,21.143786],[105.874971,21.143736],[105.875292,21.143666],[105.875609,21.143576],[105.87592,21.143466],[105.88666,21.139208]],[[105.885801,21.139548],[105.896975,21.13512],[105.897249,21.135],[105.897517,21.13487],[105.897775,21.13472],[105.898021,21.134554],[105.898252,21.134374],[105.898477,21.134179],[105.908327,21.125097]],[[105.907457,21.125898],[105.908632,21.124812]],[[105.907774,21.125608],[105.914254,21.119628]],[[105.907774,21.125608],[105.908327,21.125097]]]}},{"type":"Feature","properties":{"name":"Tuyến metro số 2","line":"M2","color":"#1E88E5","status":"planned"},"geometry":{"type":"MultiLineString","coordinates":[[[105.579042,20.899766],[105.569998,20.892169],[105.5698,20.891993],[105.569606,20.891803],[105.569429,20.891607],[105.569268,20.891397],[105.569118,20.891181],[105.566479,20.887192],[105.566302,20.886936],[105.566103,20.886701],[105.565894,20.88647],[105.565664,20.88626],[105.565422,20.886064],[105.565165,20.885879],[105.564896,20.885713],[105.564618,20.885568],[105.564328,20.885433],[105.564027,20.885322],[105.563722,20.885232],[105.563411,20.885157],[105.557697,20.883994]],[[105.579042,20.899766],[105.578688,20.89947]],[[105.601015,20.907654],[105.598521,20.906967],[105.596917,20.906516],[105.590796,20.904793],[105.590791,20.904788],[105.590785,20.904788],[105.59078,20.904788],[105.590774,20.904788],[105.590769,20.904783],[105.590764,20.904783],[105.590758,20.904783],[105.590753,20.904777],[105.590748,20.904777],[105.590742,20.904777],[105.590737,20.904777],[105.590732,20.904772],[105.590726,20.904772],[105.590721,20.904772],[105.590715,20.904767],[105.59071,20.904767],[105.590705,20.904767],[105.590699,20.904767],[105.590694,20.904762],[105.590689,20.904762],[105.590683,20.904762],[105.590678,20.904757],[105.590672,20.904757],[105.590667,20.904757],[105.590662,20.904752],[105.590656,20.904752],[105.590651,20.904752],[105.590646,20.904747],[105.59064,20.904747],[105.590635,20.904747],[105.59063,20.904747],[105.59063,20.904742],[105.590624,20.904742],[105.590619,20.904742],[105.590613,20.904742],[105.590608,20.904737],[105.590603,20.904737],[105.590597,20.904737],[105.590592,20.904732],[105.590587,20.904732],[105.590581,20.904732],[105.590576,20.904732],[105.590571,20.904727],[105.590565,20.904727],[105.59056,20.904727],[105.590554,20.904722],[105.590549,20.904722],[105.590544,20.904722],[105.590538,20.904717],[105.590533,20.904717],[105.590528,20.904717],[105.590522,20.904712],[105.590517,20.904712],[105.590512,20.904712],[105.590506,20.904712],[105.590506,20.904707],[105.590501,20.904707],[105.590495,20.904707],[105.59049,20.904707],[105.590485,20.904702],[105.590479,20.904702],[105.590474,20.904702],[105.590469,20.904697],[105.590463,20.904697],[105.590458,20.904697],[105.590453,20.904697],[105.590447,20.904692],[105.590442,20.904692],[105.590436,20.904692],[105.590431,20.904687],[105.590426,20.904687],[105.59042,20.904687],[105.590415,20.904687],[105.59041,20.904682],[105.590404,20.904682],[105.590399,20.904677],[105.590394,20.904677],[105.590388,20.904677],[105.590383,20.904677],[105.590377,20.904672],[105.590372,20.904672],[105.590367,20.904672],[105.590361,20.904667],[105.590356,20.904667],[105.590351,20.904667],[105.590345,20.904667],[105.590345,20.904662],[105.59034,20.904662],[105.590335,20.904662],[105.590329,20.904662],[105.590324,20.904657],[105.590318,20.904657],[105.590313,20.904657],[105.590308,20.904652],[105.590302,20.904652],[105.590297,20.904652],[105.590292,20.904647],[105.590286,20.904647],[105.590281,20.904647],[105.590276,20.904642],[105.59027,20.904642],[105.590265,20.904642],[105.590259,20.904642],[105.590254,20.904637],[105.590249,20.904637],[105.590243,20.904637],[105.590238,20.904632],[105.590233,20.904632],[105.590227,20.904632],[105.590222,20.904632],[105.590222,20.904627],[105.590217,20.904627],[105.590211,20.904627],[105.590206,20.904627],[105.5902,20.904622],[105.590195,20.904622],[105.59019,20.904622],[105.590184,20.904617],[105.590179,20.904617],[105.590174,20.904617],[105.590168,20.904612],[105.590163,20.904612],[105.590158,20.904612],[105.590152,20.904607],[105.590147,20.904607],[105.590141,20.904607],[105.590136,20.904607],[105.590131,20.904602],[105.590125,20.904602],[105.59012,20.904602],[105.590115,20.904597],[105.590109,20.904597],[105.590104,20.904597],[105.590099,20.904592],[105.590093,20.904592],[105.590088,20.904592],[105.590082,20.904587],[105.590077,20.904587],[105.590072,20.904587],[105.590066,20.904582],[105.590061,20.904582],[105.590056,20.904582],[105.59005,20.904582],[105.590045,20.904577],[105.590039,20.904577],[105.590034,20.904577],[105.590029,20.904572],[105.590023,20.904572],[105.590018,20.904572],[105.590013,20.904572],[105.590013,20.904567],[105.590007,20.904567],[105.590002,20.904567],[105.589997,20.904562],[105.589991,20.904562],[105.589986,20.904562],[105.58998,20.904562],[105.58998,20.904557],[105.589975,20.904557],[105.58997,20.904557],[105.589964,20.904557],[105.589959,20.904552],[105.589954,20.904552],[105.589948,20.904552],[105.589943,20.904547],[105.589938,20.904547],[105.589932,20.904547],[105.589927,20.904547],[105.589921,20.904542],[105.589916,20.904542],[105.589911,20.904537],[105.589905,20.904537],[105.5899,20.904537],[105.589895,20.904537],[105.589895,20.904532],[105.589889,20.904532],[105.589884,20.904532],[105.589879,20.904532],[105.589873,20.904527],[105.589868,20.904527],[105.589862,20.904527],[105.589857,20.904522],[105.589852,20.904522],[105.589846,20.904522],[105.589841,20.904517],[105.589836,20.904517],[105.58983,20.904517],[105.589825,20.904512],[105.58982,20.904512],[105.589814,20.904512],[105.589809,20.904512],[105.589803,20.904507],[105.589798,20.904507],[105.589793,20.904507],[105.589787,20.904502],[105.589782,20.904502],[105.589777,20.904502],[105.589777,20.904497],[105.589771,20.904497],[105.589766,20.904497],[105.589761,20.904497],[105.589755,20.904492],[105.58975,20.904492],[105.589744,20.904492],[105.589739,20.904487],[105.589734,20.904487],[105.589728,20.904487],[105.589723,20.904482],[105.589718,20.904482],[105.589712,20.904482],[105.589707,20.904477],[105.589702,20.904477],[105.589696,20.904477],[105.589691,20.904477],[105.589691,20.904472],[105.589685,20.904472],[105.58968,20.904472],[105.589675,20.904472],[105.589669,20.904467],[105.589664,20.904467],[105.589659,20.904467],[105.589659,20.904462],[105.589653,20.904462],[105.589648,20.904462],[105.589643,20.904462],[105.589637,20.904457],[105.589632,20.904457],[105.589626,20.904457],[105.589621,20.904452],[105.589616,20.904452],[105.58961,20.904452],[105.589605,20.904447],[105.5896,20.904447],[105.589594,20.904447],[105.589589,20.904442],[105.589584,20.904442],[105.589578,20.904442],[105.589573,20.904442],[105.589573,20.904437],[105.589567,20.904437],[105.589562,20.904437],[105.589557,20.904432],[105.589551,20.904432],[105.589546,20.904432],[105.589541,20.904427],[105.589535,20.904427],[105.58953,20.904427],[105.589525,20.904427],[105.589519,20.904422],[105.589283,20.904352],[105.589283,20.904347],[105.589278,20.904347],[105.589272,20.904347],[105.589267,20.904347],[105.589262,20.904342],[105.589256,20.904342],[105.589251,20.904342],[105.589251,20.904336],[105.589246,20.904336],[105.58924,20.904336],[105.589235,20.904336],[105.589229,20.904331],[105.589224,20.904331],[105.589219,20.904326],[105.589213,20.904326],[105.589208,20.904326],[105.589203,20.904326],[105.589197,20.904321],[105.589192,20.904321],[105.589187,20.904316],[105.589181,20.904316],[105.589176,20.904316],[105.58917,20.904316],[105.58917,20.904311],[105.589165,20.904311],[105.58916,20.904311],[105.589154,20.904306],[105.589149,20.904306],[105.589144,20.904306],[105.589138,20.904301],[105.589133,20.904301],[105.589128,20.904301],[105.589122,20.904296],[105.589117,20.904296],[105.589111,20.904296],[105.589106,20.904291],[105.589101,20.904291],[105.589095,20.904291],[105.58909,20.904286],[105.589085,20.904286],[105.589079,20.904286],[105.589074,20.904281],[105.589069,20.904281],[105.589063,20.904281],[105.589063,20.904276],[105.589058,20.904276],[105.589052,20.904276],[105.589047,20.904276],[105.589042,20.904271],[105.589036,20.904271],[105.589031,20.904271],[105.589031,20.904266],[105.589026,20.904266],[105.58902,20.904266],[105.589015,20.904266],[105.58901,20.904261],[105.589004,20.904261],[105.588999,20.904256],[105.588993,20.904256],[105.588988,20.904256],[105.588983,20.904251],[105.588977,20.904251],[105.588972,20.904251],[105.588967,20.904246],[105.588961,20.904246],[105.588956,20.904246],[105.588951,20.904241],[105.588945,20.904241],[105.58894,20.904241],[105.588934,20.904236],[105.588929,20.904236],[105.588924,20.904236],[105.588924,20.904231],[105.588918,20.904231],[105.588913,20.904231],[105.588908,20.904231],[105.588902,20.904226],[105.588897,20.904226],[105.588892,20.904221],[105.588886,20.904221],[105.588881,20.904221],[105.588875,20.904216],[105.58887,20.904216],[105.588865,20.904216],[105.588859,20.904211],[105.588854,20.904211],[105.588849,20.904211],[105.588843,20.904206],[105.588838,20.904206],[105.588832,20.904206],[105.588827,20.904201],[105.588822,20.904201],[105.588816,20.904201],[105.588811,20.904196],[105.588806,20.904196],[105.5888,20.904191],[105.588795,20.904191],[105.58879,20.904191],[105.588784,20.904191],[105.588784,20.904186],[105.588779,20.904186],[105.588773,20.904186],[105.588768,20.904181],[105.588763,20.904181],[105.588757,20.904181],[105.588757,20.904176],[105.588752,20.904176],[105.588747,20.904176],[105.588741,20.904176],[105.588736,20.904171],[105.588731,20.904171],[105.588725,20.904166],[105.58872,20.904166],[105.588714,20.904166],[105.588709,20.904166],[105.588704,20.904161],[105.588698,20.904161],[105.588693,20.904156],[105.588688,20.904156],[105.588682,20.904156],[105.588677,20.904151],[105.588672,20.904151],[105.588666,20.904151],[105.588661,20.904146],[105.588655,20.904146],[105.58865,20.904146],[105.588645,20.904141],[105.588639,20.904141],[105.588634,20.904136],[105.588629,20.904136],[105.588623,20.904136],[105.588618,20.904136],[105.588618,20.904131],[105.588613,20.904131],[105.588607,20.904131],[105.588602,20.904126],[105.588596,20.904126],[105.588591,20.904126],[105.588591,20.904121],[105.588586,20.904121],[105.58858,20.904121],[105.588575,20.904121],[105.58857,20.904116],[105.588564,20.904116],[105.588559,20.904111],[105.588554,20.904111],[105.588548,20.904111],[105.588543,20.904106],[105.588537,20.904106],[105.588532,20.904106],[105.588527,20.904101],[105.588521,20.904101],[105.588516,20.904101],[105.588511,20.904096],[105.588505,20.904096],[105.5885,20.904091],[105.588495,20.904091],[105.588489,20.904091],[105.588484,20.904091],[105.588478,20.904086],[105.588473,20.904086],[105.588468,20.904081],[105.588462,20.904081],[105.588457,20.904081],[105.588452,20.904076],[105.588446,20.904076],[105.588441,20.904076],[105.588436,20.904071],[105.58843,20.904071],[105.588425,20.904071],[105.588425,20.904066],[105.588419,20.904066],[105.588414,20.904066],[105.588409,20.904061],[105.588403,20.904061],[105.588398,20.904061],[105.588393,20.904056],[105.588387,20.904056],[105.588382,20.904056],[105.588377,20.904051],[105.588371,20.904051],[105.588366,20.904051],[105.588366,20.904046],[105.58836,20.904046],[105.588355,20.904046],[105.58835,20.904041],[105.588344,20.904041],[105.588339,20.904041],[105.588334,20.904036],[105.588328,20.904036],[105.588323,20.904036],[105.588318,20.904031],[105.588312,20.904031],[105.588307,20.904026],[105.588301,20.904026],[105.588296,20.904026],[105.588291,20.904026],[105.588285,20.904021],[105.58828,20.904021],[105.588275,20.904016],[105.588269,20.904016],[105.588264,20.904016],[105.588259,20.904011],[105.588253,20.904011],[105.588248,20.904006],[105.588242,20.904006],[105.588237,20.904006],[105.588232,20.904006],[105.588226,20.904001],[105.588221,20.904001],[105.588216,20.903996],[105.58821,20.903996],[105.588205,20.903996],[105.588199,20.903991],[105.588194,20.903991],[105.588189,20.903986],[105.588183,20.903986],[105.588178,20.903986],[105.588173,20.903986],[105.588167,20.903981],[105.588162,20.903981],[105.588157,20.903976],[105.588151,20.903976],[105.588146,20.903976],[105.58814,20.903971],[105.588135,20.903971],[105.58813,20.903971],[105.588124,20.903966],[105.588119,20.903966],[105.588114,20.903966],[105.588114,20.903961],[105.588108,20.903961],[105.588103,20.903961],[105.588098,20.903956],[105.588092,20.903956],[105.588087,20.903956],[105.588081,20.903951],[105.588076,20.903951],[105.588071,20.903951],[105.588065,20.903946],[105.58806,20.903946],[105.588055,20.903946],[105.588055,20.903941],[105.588049,20.903941],[105.588044,20.903941],[105.588039,20.903936],[105.588033,20.903936],[105.588028,20.903936],[105.582159,20.901946],[105.581875,20.901836],[105.581596,20.901716],[105.581328,20.901575],[105.58107,20.90142],[105.580823,20.901249],[105.580587,20.901064],[105.578688,20.89947]],[[105.579643,20.900272],[105.578184,20.899044]],[[105.622988,20.913372],[105.621942,20.913276],[105.620901,20.913126],[105.619871,20.912926],[105.618857,20.91267],[105.610167,20.910225],[105.606428,20.909152],[105.606299,20.909117],[105.60617,20.909077],[105.606036,20.909042],[105.605907,20.909007],[105.605779,20.908967],[105.605628,20.908927],[105.6055,20.908892],[105.605371,20.908852],[105.605237,20.908817],[105.605108,20.908781],[105.604979,20.908746],[105.604851,20.908711],[105.604722,20.908676],[105.604593,20.908641],[105.604464,20.908601],[105.604336,20.908566],[105.600157,20.907418]],[[105.64496,20.919951],[105.643448,20.918793],[105.640803,20.916694],[105.639113,20.915296],[105.638732,20.915],[105.63833,20.91473],[105.637912,20.914484],[105.637482,20.914269],[105.637032,20.914073],[105.63657,20.913908],[105.636104,20.913773],[105.635621,20.913662],[105.635138,20.913582],[105.63465,20.913532],[105.634156,20.913512],[105.624039,20.913407],[105.622988,20.913372],[105.622129,20.913291]],[[105.666933,20.928249],[105.664664,20.928198],[105.66394,20.928209],[105.66195,20.928158],[105.661467,20.928133],[105.660984,20.928078],[105.660512,20.927998],[105.66004,20.927888],[105.659578,20.927753],[105.653163,20.925633],[105.652621,20.925433],[105.6521,20.925202],[105.651596,20.924937],[105.651113,20.924636],[105.650652,20.92431],[105.645019,20.919996]],[[105.646065,20.920798],[105.644102,20.919295]],[[105.688906,20.925157],[105.688772,20.925252],[105.688595,20.925403],[105.688423,20.925563],[105.68727,20.926821],[105.687044,20.927066],[105.686797,20.927297],[105.686535,20.927512],[105.686261,20.927712],[105.685977,20.927898],[105.685676,20.928063],[105.685365,20.928209],[105.685043,20.928334],[105.684716,20.928439],[105.684378,20.928524],[105.68404,20.928589],[105.683697,20.928634],[105.683348,20.928659],[105.682999,20.928659],[105.671343,20.928354],[105.666075,20.928229]],[[105.710878,20.925884],[105.710235,20.925443],[105.709827,20.925182],[105.709403,20.924947],[105.708963,20.924736],[105.708513,20.924556],[105.708046,20.9244],[105.707574,20.924275],[105.707091,20.92418],[105.706603,20.92411],[105.706109,20.924075],[105.694082,20.923514],[105.693632,20.923509],[105.693187,20.923529],[105.692741,20.923579],[105.692301,20.923654],[105.691867,20.923759],[105.691438,20.923894],[105.691025,20.924055],[105.690622,20.924235],[105.690231,20.924446],[105.690043,20.924556],[105.689802,20.924671],[105.689582,20.924761],[105.689367,20.924866],[105.689163,20.924987],[105.688965,20.925112],[105.688772,20.925252],[105.688595,20.925403],[105.688423,20.925563],[105.688047,20.925974]],[[105.732851,20.939031],[105.731161,20.938214],[105.726006,20.935639],[105.725137,20.935188],[105.723774,20.934416],[105.722449,20.933585],[105.712348,20.926886],[105.710235,20.925443],[105.71002,20.925302]],[[105.752485,20.952197],[105.752184,20.951962],[105.749604,20.950088],[105.748649,20.949371],[105.748306,20.949111],[105.747716,20.94864],[105.74277,20.944938],[105.739798,20.942668],[105.739149,20.942202],[105.738478,20.941771],[105.737786,20.941376],[105.737067,20.94102],[105.736005,20.940519]],[[105.752447,20.952207],[105.752485,20.952197]],[[105.754824,20.954026],[105.753531,20.953024],[105.752485,20.952197],[105.754824,20.951476]],[[105.737674,20.94132],[105.737067,20.94102],[105.733328,20.939261],[105.731993,20.938615]],[[105.776796,20.971193],[105.776684,20.971102],[105.774232,20.969084],[105.772462,20.967711],[105.769485,20.965432],[105.766202,20.962812],[105.763906,20.961039]],[[105.764941,20.96184],[105.753965,20.953359]],[[105.753965,20.951741],[105.756235,20.95104],[105.756422,20.95094],[105.756615,20.950854],[105.756814,20.950779],[105.771362,20.945814]],[[105.798769,20.987812],[105.7982,20.987401],[105.796264,20.986029],[105.794048,20.984461],[105.793303,20.983915],[105.791667,20.982663],[105.790282,20.981556]],[[105.791286,20.982357],[105.789242,20.980725],[105.785782,20.97795],[105.783743,20.976402],[105.782467,20.97543],[105.781394,20.974619],[105.781066,20.974373],[105.779548,20.973266],[105.7781,20.972184],[105.776684,20.971102],[105.775938,20.970491]],[[105.820742,21.015381],[105.820736,21.015376],[105.820731,21.015366],[105.820726,21.015361],[105.82072,21.015356],[105.820709,21.015346],[105.820704,21.015341],[105.820699,21.015336],[105.820693,21.015326],[105.820688,21.015321],[105.820683,21.015316],[105.820672,21.015306],[105.820667,21.015301],[105.820661,21.015291],[105.820232,21.014825],[105.819406,21.013939],[105.818515,21.012973],[105.81851,21.012968],[105.818499,21.012958],[105.818494,21.012952],[105.818489,21.012947],[105.818483,21.012937],[105.818478,21.012932],[105.818473,21.012927],[105.818462,21.012917],[105.818456,21.012912],[105.818451,21.012907],[105.818446,21.012897],[105.81844,21.012892],[105.818435,21.012882],[105.818424,21.012877],[105.818419,21.012872],[105.818413,21.012862],[105.818408,21.012857],[105.818403,21.012852],[105.818397,21.012842],[105.818387,21.012837],[105.817571,21.011876],[105.817566,21.011871],[105.817555,21.011861],[105.81755,21.011856],[105.817544,21.011846],[105.817539,21.011841],[105.817534,21.011836],[105.817528,21.011826],[105.817523,21.011821],[105.817518,21.011811],[105.817512,21.011806],[105.817507,21.011796],[105.817502,21.011791],[105.817496,21.011786],[105.817491,21.011776],[105.817485,21.011771],[105.81748,21.011761],[105.817475,21.011756],[105.817469,21.011746],[105.817459,21.011741],[105.817453,21.011731],[105.816386,21.010369],[105.816257,21.010208],[105.81623,21.010173],[105.816203,21.010138],[105.816177,21.010103],[105.81615,21.010068],[105.816123,21.010033],[105.816096,21.009998],[105.816075,21.009963],[105.816048,21.009933],[105.816026,21.009898],[105.81601,21.009873],[105.815919,21.009723],[105.815839,21.009567],[105.815774,21.009407],[105.815715,21.009247],[105.815667,21.009077],[105.815635,21.008906],[105.815619,21.008736],[105.815608,21.008566],[105.815613,21.008395],[105.815629,21.00822],[105.815656,21.00805],[105.815699,21.007885],[105.815753,21.007719],[105.815817,21.007559],[105.815892,21.007404],[105.815903,21.007379],[105.815924,21.007339],[105.815946,21.007304],[105.815967,21.007269],[105.815989,21.007234],[105.81601,21.007199],[105.816032,21.007158],[105.816059,21.007123],[105.81608,21.007083],[105.816107,21.007043],[105.816139,21.006993],[105.817121,21.005471],[105.817217,21.005311],[105.817298,21.00515],[105.817373,21.00498],[105.817432,21.004805],[105.817475,21.00463],[105.817512,21.004449],[105.817534,21.004269],[105.817539,21.004089],[105.817534,21.003903],[105.817518,21.003723],[105.817485,21.003543],[105.817443,21.003367],[105.817384,21.003192],[105.817314,21.003022],[105.817233,21.002857],[105.817142,21.002696],[105.81704,21.002541],[105.816697,21.00207]],[[105.817244,21.002872],[105.817233,21.002857],[105.817142,21.002696],[105.81704,21.002541],[105.814041,20.998404],[105.813977,20.998319],[105.812362,20.997248],[105.808114,20.994403],[105.806252,20.993086],[105.803517,20.991157],[105.800711,20.989179],[105.798892,20.987897],[105.7982,20.987401],[105.797911,20.987196]],[[105.828381,21.030093],[105.828273,21.029938],[105.828177,21.029777],[105.828091,21.029612],[105.828021,21.029442],[105.827957,21.029272],[105.827914,21.029091],[105.827876,21.028911],[105.827855,21.028731],[105.82785,21.028546],[105.827833,21.026307],[105.827839,21.026107],[105.827828,21.025902],[105.827807,21.025702],[105.827769,21.025501],[105.827715,21.025306],[105.827372,21.024149],[105.827286,21.023829],[105.82712,21.023228],[105.82712,21.023223],[105.827115,21.023213],[105.827115,21.023203],[105.827109,21.023193],[105.827109,21.023183],[105.827104,21.023178],[105.827104,21.023168],[105.827098,21.023158],[105.827098,21.023148],[105.827093,21.023143],[105.827093,21.023133],[105.827093,21.023123],[105.827088,21.023113],[105.827088,21.023108],[105.827082,21.023098],[105.827082,21.023088],[105.827077,21.023078],[105.827077,21.023073],[105.827072,21.023063],[105.827072,21.023053],[105.827066,21.023043],[105.827066,21.023033],[105.827066,21.023028],[105.827061,21.023018],[105.827061,21.023008],[105.827056,21.022998],[105.827056,21.022988],[105.82705,21.022983],[105.82705,21.022973],[105.827045,21.022963],[105.827045,21.022953],[105.827039,21.022942],[105.827039,21.022937],[105.827034,21.022927],[105.827034,21.022917],[105.827029,21.022907],[105.827029,21.022897],[105.827023,21.022892],[105.827023,21.022882],[105.827018,21.022872],[105.827018,21.022862],[105.827013,21.022852],[105.827013,21.022847],[105.827007,21.022837],[105.827007,21.022827],[105.827002,21.022817],[105.827002,21.022807],[105.826997,21.022797],[105.826997,21.022792],[105.826991,21.022782],[105.826991,21.022772],[105.826986,21.022762],[105.82698,21.022752],[105.82698,21.022742],[105.826975,21.022737],[105.826975,21.022727],[105.82697,21.022717],[105.82697,21.022707],[105.826964,21.022697],[105.826964,21.022687],[105.826959,21.022682],[105.826959,21.022672],[105.826954,21.022662],[105.826948,21.022652],[105.826948,21.022642],[105.826943,21.022632],[105.826943,21.022627],[105.826938,21.022617],[105.826932,21.022602],[105.826927,21.022582]],[[105.842714,21.028521],[105.837033,21.030133],[105.837007,21.030143],[105.832125,21.031475],[105.831943,21.03152],[105.83176,21.03155],[105.831572,21.031575],[105.831385,21.031585],[105.831197,21.03158],[105.831009,21.03157],[105.830821,21.031545],[105.830639,21.031505],[105.830457,21.03146],[105.83028,21.0314],[105.830108,21.031335],[105.829942,21.031254],[105.829775,21.031164],[105.829196,21.030819],[105.829035,21.030719],[105.82889,21.030609],[105.828745,21.030493],[105.828617,21.030368],[105.828493,21.030233],[105.828381,21.030093]],[[105.827163,21.023383],[105.82712,21.023228],[105.82712,21.023223],[105.827115,21.023213],[105.827115,21.023203],[105.827109,21.023193],[105.827109,21.023188],[105.827104,21.023178],[105.827104,21.023168],[105.827098,21.023158],[105.827098,21.023148],[105.827093,21.023143],[105.827093,21.023133],[105.827093,21.023123],[105.827088,21.023113],[105.827088,21.023108],[105.827082,21.023098],[105.827082,21.023088],[105.827077,21.023078],[105.827077,21.023073],[105.827072,21.023063],[105.827072,21.023053],[105.827066,21.023043],[105.827066,21.023033],[105.827066,21.023028],[105.827061,21.023018],[105.827061,21.023008],[105.827056,21.022998],[105.827056,21.022988],[105.82705,21.022983],[105.82705,21.022973],[105.827045,21.022963],[105.827045,21.022953],[105.827039,21.022942],[105.827039,21.022937],[105.827034,21.022927],[105.827034,21.022917],[105.827029,21.022907],[105.827029,21.022897],[105.827023,21.022892],[105.827023,21.022882],[105.827018,21.022872],[105.827018,21.022862],[105.827013,21.022852],[105.827013,21.022847],[105.827007,21.022837],[105.827007,21.022827],[105.827002,21.022817],[105.827002,21.022807],[105.826997,21.022797],[105.826997,21.022792],[105.826991,21.022782],[105.826991,21.022772],[105.826986,21.022762],[105.82698,21.022752],[105.82698,21.022742],[105.826975,21.022737],[105.826975,21.022727],[105.82697,21.022717],[105.82697,21.022707],[105.826964,21.022697],[105.826964,21.022687],[105.826959,21.022682],[105.826959,21.022672],[105.826954,21.022662],[105.826948,21.022652],[105.826948,21.022642],[105.826943,21.022632],[105.826943,21.022627],[105.826938,21.022617],[105.826932,21.022602],[105.82682,21.022307],[105.826814,21.022292],[105.826809,21.022282],[105.826809,21.022272],[105.826803,21.022266],[105.826798,21.022256],[105.826793,21.022246],[105.826793,21.022236],[105.826787,21.022226],[105.826782,21.022221],[105.826777,21.022211],[105.826777,21.022201],[105.826771,21.022191],[105.826766,21.022181],[105.826766,21.022176],[105.826761,21.022166],[105.826755,21.022156],[105.82675,21.022146],[105.82675,21.022141],[105.826744,21.022131],[105.826739,21.022121],[105.826734,21.022111],[105.826734,21.022106],[105.826728,21.022096],[105.826723,21.022086],[105.826718,21.022076],[105.826718,21.022071],[105.826712,21.022061],[105.826707,21.022051],[105.826702,21.022046],[105.826702,21.022036],[105.826696,21.022026],[105.826691,21.022016],[105.826685,21.022011],[105.826685,21.022001],[105.82668,21.021991],[105.826675,21.021986],[105.826669,21.021976],[105.826664,21.021966],[105.826664,21.021956],[105.826659,21.021951],[105.826653,21.021941],[105.826648,21.021931],[105.826648,21.021926],[105.826643,21.021916],[105.826637,21.021906],[105.826632,21.021901],[105.826632,21.021891],[105.826626,21.021881],[105.826621,21.021876],[105.826616,21.021866],[105.82661,21.021856],[105.82661,21.021851],[105.826605,21.021841],[105.8266,21.021831],[105.826594,21.021826],[105.826594,21.021816],[105.826589,21.021806],[105.826584,21.021801],[105.826578,21.021791],[105.826578,21.021781],[105.826573,21.021776],[105.826567,21.021766],[105.826562,21.021756],[105.826562,21.021751],[105.826557,21.021741],[105.826551,21.021731],[105.826546,21.021726],[105.826541,21.021716],[105.826541,21.021711],[105.826535,21.021701],[105.825221,21.019072],[105.824974,21.018606],[105.824974,21.018596],[105.824969,21.018591],[105.824963,21.018581],[105.824958,21.018576],[105.824953,21.018566],[105.824953,21.018556],[105.824947,21.018551],[105.824942,21.018541],[105.824937,21.018531],[105.824931,21.018526],[105.824931,21.018516],[105.824926,21.018506],[105.824921,21.018501],[105.824915,21.018491],[105.82491,21.018481],[105.824904,21.018476],[105.824904,21.018466],[105.824899,21.018461],[105.824894,21.018451],[105.824888,21.018441],[105.824883,21.018436],[105.824878,21.018426],[105.824878,21.018416],[105.824872,21.018411],[105.824867,21.018401],[105.824862,21.018391],[105.824856,21.018386],[105.824851,21.018376],[105.824845,21.018366],[105.82484,21.018356],[105.82484,21.018351],[105.824835,21.018341],[105.824829,21.018331],[105.824824,21.018326],[105.824819,21.018316],[105.824813,21.018306],[105.824808,21.018301],[105.824803,21.018291],[105.824797,21.018281],[105.824797,21.018276],[105.824792,21.018266],[105.824786,21.018256],[105.824781,21.018246],[105.824776,21.018241],[105.82477,21.018231],[105.824765,21.01822],[105.82476,21.018215],[105.824754,21.018205],[105.824749,21.018195],[105.824744,21.01819],[105.824738,21.01818],[105.824733,21.01817],[105.824727,21.01816],[105.824722,21.018155],[105.824717,21.018145],[105.824711,21.018135],[105.824706,21.01813],[105.824701,21.01812],[105.824695,21.01811],[105.82469,21.0181],[105.824685,21.018095],[105.824679,21.018085],[105.824674,21.018075],[105.824668,21.01807],[105.824663,21.01806],[105.824658,21.01805],[105.824652,21.01804],[105.824524,21.01786],[105.824379,21.017685],[105.824223,21.017519],[105.824062,21.017359],[105.823885,21.017214],[105.823703,21.017074],[105.82351,21.016949],[105.823306,21.016833],[105.823295,21.016828],[105.82329,21.016823],[105.823279,21.016818],[105.823268,21.016813],[105.823258,21.016813],[105.823252,21.016808],[105.823241,21.016803],[105.823231,21.016798],[105.82322,21.016793],[105.823215,21.016788],[105.823204,21.016783],[105.823193,21.016778],[105.823182,21.016773],[105.823177,21.016768],[105.823166,21.016763],[105.823156,21.016758],[105.82315,21.016753],[105.82314,21.016753],[105.823129,21.016748],[105.823118,21.016743],[105.823113,21.016738],[105.823102,21.016733],[105.823091,21.016728],[105.823081,21.016723],[105.823075,21.016718],[105.823064,21.016718],[105.823054,21.016713],[105.823043,21.016708],[105.823038,21.016703],[105.823027,21.016698],[105.823016,21.016693],[105.823011,21.016693],[105.823,21.016688],[105.822989,21.016683],[105.822979,21.016678],[105.822973,21.016673],[105.822963,21.016673],[105.822952,21.016668],[105.822946,21.016663],[105.822936,21.016658],[105.822925,21.016653],[105.822914,21.016653],[105.822909,21.016648],[105.822898,21.016643],[105.822887,21.016638],[105.822882,21.016633],[105.822871,21.016633],[105.822861,21.016628],[105.822855,21.016623],[105.822845,21.016618],[105.822834,21.016618],[105.822823,21.016613],[105.822818,21.016608],[105.822807,21.016603],[105.822796,21.016603],[105.822791,21.016598],[105.82278,21.016593],[105.822769,21.016588],[105.822764,21.016588],[105.822753,21.016583],[105.822743,21.016578],[105.822737,21.016573],[105.822726,21.016573],[105.822721,21.016568],[105.82271,21.016563],[105.8227,21.016558],[105.822694,21.016558],[105.822163,21.016338],[105.822152,21.016333],[105.822147,21.016328],[105.822136,21.016323],[105.822126,21.016323],[105.82212,21.016318],[105.82211,21.016313],[105.822104,21.016313],[105.822093,21.016308],[105.822083,21.016303],[105.822077,21.016298],[105.822067,21.016298],[105.822061,21.016293],[105.822051,21.016288],[105.82204,21.016288],[105.822034,21.016283],[105.822024,21.016278],[105.822018,21.016273],[105.822008,21.016273],[105.821997,21.016268],[105.821992,21.016263],[105.821981,21.016258],[105.821975,21.016258],[105.821965,21.016253],[105.821959,21.016248],[105.821949,21.016248],[105.821938,21.016243],[105.821933,21.016238],[105.821922,21.016232],[105.821916,21.016232],[105.821906,21.016227],[105.8219,21.016222],[105.82189,21.016222],[105.821884,21.016217],[105.821874,21.016212],[105.821868,21.016207],[105.821857,21.016207],[105.821852,21.016202],[105.821841,21.016197],[105.821836,21.016192],[105.821825,21.016192],[105.82182,21.016187],[105.821809,21.016182],[105.821804,21.016177],[105.821793,21.016177],[105.821788,21.016172],[105.821777,21.016167],[105.821772,21.016162],[105.821761,21.016162],[105.821756,21.016157],[105.821745,21.016152],[105.821739,21.016147],[105.821734,21.016147],[105.821723,21.016142],[105.821718,21.016137],[105.821707,21.016132],[105.821702,21.016132],[105.821691,21.016127],[105.821686,21.016122],[105.82168,21.016117],[105.82167,21.016117],[105.821498,21.016017],[105.821337,21.015912],[105.821176,21.015797],[105.821031,21.015672],[105.821026,21.015667],[105.821021,21.015662],[105.82101,21.015652],[105.821005,21.015647],[105.820999,21.015642],[105.820994,21.015637],[105.820988,21.015632],[105.820983,21.015627],[105.820978,21.015617],[105.820967,21.015612],[105.820962,21.015607],[105.820956,21.015602],[105.820951,21.015597],[105.820946,21.015592],[105.82094,21.015582],[105.820935,21.015577],[105.820924,21.015571],[105.820919,21.015566],[105.820913,21.015561],[105.820908,21.015551],[105.820903,21.015546],[105.820897,21.015541],[105.820892,21.015536],[105.820881,21.015526],[105.820876,21.015521],[105.82087,21.015516],[105.820865,21.015511],[105.82086,21.015501],[105.820854,21.015496],[105.820849,21.015491],[105.820838,21.015486],[105.820833,21.015476],[105.820827,21.015471],[105.820822,21.015466],[105.820817,21.015461],[105.820811,21.015451],[105.820806,21.015446],[105.820795,21.015441],[105.82079,21.015431],[105.820785,21.015426],[105.820779,21.015421],[105.820774,21.015416],[105.820768,21.015406],[105.820763,21.015401],[105.820752,21.015396],[105.820747,21.015386],[105.820742,21.015381],[105.820736,21.015376],[105.820731,21.015366],[105.820726,21.015361],[105.82072,21.015356],[105.820709,21.015346],[105.820704,21.015341],[105.820699,21.015336],[105.820693,21.015326],[105.820688,21.015321],[105.820683,21.015316],[105.820672,21.015306],[105.820667,21.015301],[105.820661,21.015291],[105.820232,21.014825],[105.819883,21.014455]],[[105.864687,21.0798],[105.864617,21.07971],[105.86451,21.079555],[105.864408,21.079395],[105.864322,21.079224],[105.864252,21.079054],[105.864188,21.078874],[105.864145,21.078694],[105.864108,21.078514],[105.864092,21.078328],[105.864081,21.078138],[105.864092,21.077953],[105.864108,21.077768],[105.864145,21.077583],[105.864193,21.077402],[105.864252,21.077227],[105.864322,21.077052],[105.864408,21.076887],[105.86451,21.076722],[105.864617,21.076567],[105.864687,21.076481]],[[105.864687,21.019057],[105.864167,21.018726],[105.864,21.018631],[105.863823,21.018541],[105.863646,21.018466],[105.863459,21.018401],[105.863271,21.018351],[105.863078,21.018311],[105.862879,21.018286],[105.862681,21.018271],[105.862488,21.018266],[105.862289,21.018276],[105.862091,21.018301],[105.861897,21.018336],[105.86171,21.018386],[105.859998,21.018876],[105.859811,21.018942],[105.859623,21.019012],[105.859446,21.019097],[105.859274,21.019197],[105.859108,21.019302],[105.858952,21.019422],[105.858802,21.019552],[105.858668,21.019688],[105.858539,21.019838],[105.858427,21.019993],[105.858319,21.020153],[105.858228,21.020319],[105.858153,21.020494],[105.858089,21.020674],[105.858035,21.020854],[105.857531,21.022892],[105.857483,21.023068],[105.857418,21.023233],[105.857354,21.023383]],[[105.857606,21.022582],[105.857531,21.022892],[105.857483,21.023068],[105.857418,21.023233],[105.857348,21.023398],[105.857263,21.023558],[105.857171,21.023709],[105.857064,21.023859],[105.856951,21.023999],[105.856823,21.024134],[105.856689,21.024259],[105.856549,21.024375],[105.856399,21.024485],[105.856243,21.02458],[105.856077,21.02467],[105.855905,21.02475],[105.855734,21.024815],[105.855551,21.024875],[105.841856,21.028761]],[[105.88666,21.09889],[105.870668,21.085031],[105.86959,21.0841]],[[105.870513,21.084901],[105.865009,21.08013],[105.864869,21.08],[105.864741,21.07986],[105.864617,21.07971],[105.86451,21.079555],[105.864408,21.079395],[105.864322,21.079224],[105.864252,21.079054],[105.864188,21.078874],[105.864145,21.078694],[105.864108,21.078514],[105.864092,21.078328],[105.864081,21.078138],[105.864092,21.077953],[105.864108,21.077768],[105.864145,21.077583],[105.864188,21.077402],[105.864252,21.077227],[105.864322,21.077052],[105.864408,21.076887],[105.86451,21.076722],[105.864617,21.076567],[105.864741,21.076421],[105.864869,21.076281],[105.865009,21.076151],[105.869467,21.072287],[105.87239,21.067086],[105.873656,21.063597]],[[105.873367,21.064398],[105.875394,21.058801],[105.875448,21.058641],[105.875491,21.05847],[105.875523,21.058305],[105.875545,21.058135],[105.87555,21.05796],[105.875545,21.05779],[105.875534,21.057619],[105.875255,21.055377],[105.875239,21.055191],[105.875239,21.055006],[105.87525,21.054816],[105.875276,21.054636],[105.875314,21.05445],[105.875362,21.05427],[105.87563,21.053459],[105.875679,21.053279],[105.875722,21.053099],[105.875743,21.052913],[105.875754,21.052723],[105.875754,21.052538],[105.875738,21.052353],[105.875705,21.052167],[105.875663,21.051987],[105.875604,21.051807],[105.875534,21.051632],[105.875453,21.051462],[105.875357,21.051296],[105.87525,21.051141],[105.875131,21.050986],[105.875003,21.050846],[105.874869,21.050711],[105.874718,21.050585],[105.874563,21.05047],[105.874397,21.05037],[105.874225,21.050275],[105.874043,21.050195],[105.872996,21.049754],[105.872819,21.049674],[105.872653,21.049584],[105.872492,21.049484],[105.872337,21.049374],[105.872192,21.049254],[105.872052,21.049124],[105.871929,21.048983],[105.871811,21.048838],[105.871704,21.048683],[105.871607,21.048528],[105.871527,21.048363],[105.871451,21.048192],[105.871392,21.048017],[105.87135,21.047842],[105.871312,21.047662],[105.871296,21.047481],[105.871285,21.047296],[105.871291,21.047116],[105.871307,21.046936],[105.871339,21.046756],[105.871387,21.046575],[105.871441,21.0464],[105.871511,21.04623],[105.871591,21.046065],[105.873179,21.043091]],[[105.872755,21.043892],[105.874847,21.039971],[105.880367,21.034634],[105.880496,21.034499],[105.880614,21.034354],[105.880727,21.034204],[105.880823,21.034048],[105.880914,21.033883],[105.880989,21.033718],[105.881054,21.033543],[105.881102,21.033367],[105.88114,21.033187],[105.881166,21.033007],[105.881177,21.032827],[105.881177,21.032641],[105.881166,21.032461],[105.88114,21.032281],[105.881097,21.032101],[105.881043,21.031925],[105.880979,21.031755],[105.880904,21.031585],[105.880812,21.031425],[105.880582,21.031034],[105.874579,21.025371],[105.874439,21.025251],[105.874295,21.025141],[105.874144,21.025036],[105.870261,21.022582]],[[105.871527,21.023383],[105.864167,21.018726],[105.864,21.018631],[105.863829,21.018546]],[[105.894175,21.105401],[105.885801,21.098144]],[[105.907179,21.116666],[105.893252,21.1046]]]}},{"type":"Feature","properties":{"name":"Tuyến metro số 3","line":"M3","color":"#FB8C00","status":"planned"},"geometry":{"type":"MultiLineString","coordinates":[[[105.486774,21.133629],[105.487193,21.133964],[105.487584,21.134324],[105.487949,21.13471],[105.488287,21.135115],[105.489821,21.137642],[105.489929,21.137797],[105.490041,21.137952],[105.49017,21.138097],[105.49031,21.138232],[105.490454,21.138357],[105.49061,21.138472],[105.490776,21.138577],[105.490943,21.138672],[105.491125,21.138757],[105.491152,21.138767]],[[105.490294,21.138217],[105.49031,21.138232],[105.490454,21.138357],[105.49061,21.138472],[105.490776,21.138577],[105.490943,21.138672],[105.491125,21.138757],[105.491307,21.138827],[105.491495,21.138887],[105.491688,21.138937],[105.491881,21.138973],[105.49208,21.138998],[105.492278,21.139008],[105.492477,21.139003],[105.492675,21.138988],[105.492874,21.138957],[105.493067,21.138917],[105.493255,21.138862],[105.493442,21.138797],[105.493625,21.138722],[105.495127,21.138017],[105.495288,21.137947],[105.495454,21.137887],[105.49562,21.137832],[105.495792,21.137792],[105.49753,21.137431],[105.497686,21.137401],[105.497836,21.137381],[105.497991,21.137371],[105.498147,21.137366],[105.499392,21.137361],[105.499579,21.137366],[105.499772,21.137386],[105.49996,21.137411],[105.500148,21.137456],[105.50033,21.137506],[105.500507,21.137572],[105.500684,21.137647],[105.500861,21.137722],[105.501038,21.137782],[105.501226,21.137837],[105.501414,21.137877],[105.501607,21.137907],[105.5018,21.137922],[105.501993,21.137927],[105.502192,21.137917],[105.502385,21.137897],[105.502573,21.137867],[105.50276,21.137822],[105.502948,21.137767],[105.503125,21.137697],[105.504885,21.136971],[105.505072,21.136881],[105.50526,21.136781],[105.507808,21.13532],[105.508055,21.13517],[105.508291,21.135005],[105.508516,21.134825],[105.508726,21.134634],[105.512599,21.130957],[105.513124,21.130486]],[[105.512266,21.131272],[105.512599,21.130957],[105.514213,21.129511],[105.518661,21.125097]],[[105.517856,21.125898],[105.530446,21.113413],[105.530741,21.113057],[105.535097,21.108238]],[[105.534239,21.109189],[105.535247,21.108073],[105.535392,21.107918],[105.535553,21.107778],[105.535719,21.107643],[105.535896,21.107523],[105.536084,21.107412],[105.536277,21.107312],[105.536476,21.107227],[105.543219,21.1046]],[[105.54117,21.105401],[105.543412,21.104525],[105.544662,21.104099],[105.545032,21.104009],[105.545408,21.103934],[105.545783,21.103874],[105.546293,21.103824],[105.546904,21.103784],[105.54706,21.103769],[105.547215,21.103744],[105.547371,21.103709],[105.547521,21.103669],[105.549302,21.103109],[105.55707,21.100611]],[[105.556211,21.100886],[105.56076,21.099425],[105.572369,21.095486],[105.579042,21.093094]],[[105.578184,21.093399],[105.5796,21.092894],[105.580915,21.092428],[105.581709,21.092153],[105.582486,21.091848],[105.584557,21.091027],[105.584766,21.090957],[105.584975,21.090897],[105.58519,21.090857],[105.585405,21.090827],[105.585625,21.090812],[105.585845,21.090807],[105.586064,21.090817],[105.586885,21.090867],[105.587733,21.090912],[105.589948,21.090992],[105.59012,21.090992],[105.590292,21.090977],[105.590463,21.090957],[105.59063,21.090927],[105.590796,21.090882],[105.590957,21.090832],[105.591112,21.090767],[105.598998,21.087283],[105.599186,21.087208],[105.599374,21.087143],[105.599567,21.087093],[105.59976,21.087048],[105.599958,21.087018],[105.600157,21.086998],[105.600361,21.086993],[105.601015,21.086968]],[[105.600157,21.086998],[105.600361,21.086993],[105.60499,21.086828],[105.609598,21.086402],[105.614174,21.085711],[105.614625,21.085616],[105.61507,21.085496],[105.615504,21.085351],[105.615923,21.085181],[105.616642,21.084895],[105.617382,21.08466],[105.618138,21.08447],[105.6189,21.08433],[105.619678,21.08424],[105.620456,21.0842],[105.621239,21.08421],[105.622011,21.084275],[105.622462,21.084335],[105.622907,21.08442],[105.622988,21.08444]],[[105.616636,21.084901],[105.616642,21.084895],[105.617382,21.08466],[105.618138,21.08447],[105.6189,21.08433],[105.619678,21.08424],[105.620456,21.0842],[105.621239,21.08421],[105.622011,21.084275],[105.622462,21.084335],[105.622907,21.08442],[105.622988,21.08444]],[[105.622129,21.08429],[105.622462,21.084335],[105.622907,21.08442],[105.623347,21.084525],[105.624409,21.08474],[105.625488,21.08489],[105.626571,21.084976],[105.6334,21.085841],[105.636426,21.086192],[105.637826,21.086347],[105.63863,21.086432],[105.641967,21.086587],[105.64496,21.086722]],[[105.622129,21.08429],[105.622462,21.084335],[105.622907,21.08442],[105.623347,21.084525],[105.624409,21.08474],[105.625488,21.08489],[105.625622,21.084901]],[[105.644102,21.086682],[105.648989,21.086908],[105.649332,21.086913],[105.649676,21.086898],[105.650019,21.086863],[105.650357,21.086807],[105.65069,21.086727],[105.651017,21.086632],[105.651339,21.086517],[105.653726,21.085581],[105.654343,21.085361],[105.654965,21.085181],[105.655603,21.085041],[105.656253,21.084941],[105.656902,21.084875],[105.657556,21.084855],[105.658211,21.084875],[105.658865,21.084936],[105.659509,21.085031],[105.660088,21.085156],[105.663682,21.086032],[105.663918,21.086082],[105.664154,21.086112],[105.664396,21.086132],[105.664637,21.086137],[105.664873,21.086122],[105.665115,21.086092],[105.665351,21.086052],[105.665581,21.085992],[105.665807,21.085917],[105.666026,21.085831],[105.666933,21.085436]],[[105.65666,21.084901],[105.656902,21.084875],[105.657556,21.084855],[105.658211,21.084875],[105.6585,21.084901]],[[105.666075,21.085811],[105.669991,21.0841]],[[105.668156,21.084901],[105.670018,21.08409],[105.674915,21.081987],[105.675243,21.081842],[105.675822,21.081642],[105.676653,21.081452],[105.684217,21.079705],[105.688906,21.078634]],[[105.688047,21.078829],[105.689201,21.078564],[105.690531,21.078223],[105.691829,21.077813],[105.693106,21.077327],[105.694351,21.076777],[105.695558,21.076156],[105.699597,21.073939],[105.710878,21.067867]],[[105.71002,21.068332],[105.716575,21.064803],[105.717691,21.064162],[105.718571,21.063597]],[[105.717283,21.064398],[105.717691,21.064162],[105.718769,21.063466],[105.721892,21.061324],[105.727487,21.057484],[105.732851,21.053805]],[[105.731993,21.054395],[105.735404,21.052052],[105.736048,21.051612],[105.737234,21.050796],[105.737523,21.050611],[105.737829,21.050435],[105.73814,21.05028],[105.738462,21.050145],[105.743977,21.047952],[105.746493,21.046966],[105.752807,21.044503],[105.754824,21.043737]],[[105.754411,21.043892],[105.754824,21.043737]],[[105.753965,21.044062],[105.756519,21.043091]],[[105.754411,21.043892],[105.757442,21.04274],[105.759979,21.041819],[105.760204,21.041734],[105.760875,21.041494],[105.762119,21.041068],[105.764061,21.040402],[105.765016,21.040082],[105.767366,21.039326],[105.767891,21.03916],[105.770203,21.038444],[105.771936,21.037964],[105.773444,21.037593],[105.773444,21.037588],[105.77347,21.037583],[105.773492,21.037578],[105.773513,21.037573],[105.773535,21.037568],[105.773567,21.037558],[105.774184,21.037388],[105.774205,21.037383],[105.774227,21.037378],[105.774248,21.037368],[105.77427,21.037363],[105.774291,21.037353],[105.774318,21.037348],[105.776641,21.036622],[105.776796,21.036577]],[[105.775938,21.036842],[105.776641,21.036622],[105.777075,21.036502],[105.777521,21.036402],[105.777971,21.036327],[105.778427,21.036281],[105.778883,21.036261],[105.779339,21.036266],[105.780986,21.036327],[105.781013,21.036327],[105.781034,21.036327],[105.781061,21.036332],[105.781083,21.036332],[105.781104,21.036332],[105.781131,21.036332],[105.781152,21.036332],[105.781179,21.036332],[105.781984,21.036337],[105.782005,21.036337],[105.782032,21.036337],[105.782053,21.036337],[105.78208,21.036337],[105.782102,21.036337],[105.782129,21.036332],[105.78215,21.036332],[105.782171,21.036332],[105.785465,21.036236],[105.785492,21.036236],[105.785514,21.036236],[105.78554,21.036236],[105.785562,21.036236],[105.785589,21.036236],[105.78561,21.036236],[105.785632,21.036231],[105.785658,21.036231],[105.785959,21.036221],[105.78598,21.036221],[105.786002,21.036221],[105.786029,21.036216],[105.78605,21.036216],[105.786077,21.036216],[105.786098,21.036216],[105.786125,21.036211],[105.786147,21.036211],[105.789167,21.036066],[105.789226,21.036066],[105.789285,21.036061],[105.789344,21.036056],[105.789403,21.036056],[105.789456,21.036051],[105.789515,21.036046],[105.789569,21.036041],[105.789623,21.036036],[105.78981,21.036011],[105.789993,21.035976],[105.79017,21.035936],[105.790223,21.035921],[105.790277,21.035906],[105.790331,21.035891],[105.790384,21.035876],[105.790438,21.035856],[105.790497,21.035841],[105.790551,21.035821],[105.790604,21.035801],[105.794713,21.034454],[105.795566,21.034179],[105.796355,21.033938],[105.796409,21.033918],[105.796468,21.033903],[105.796521,21.033883],[105.796575,21.033868],[105.796623,21.033848],[105.796677,21.033833],[105.796725,21.033813],[105.796773,21.033793],[105.796897,21.033738],[105.79702,21.033673],[105.797138,21.033598],[105.797246,21.033518],[105.797288,21.033483],[105.797326,21.033453],[105.797364,21.033417],[105.797406,21.033382],[105.797444,21.033347],[105.797487,21.033307],[105.79753,21.033267],[105.797567,21.033227],[105.797932,21.032882],[105.798769,21.032081]],[[105.797911,21.032902],[105.797932,21.032882],[105.800078,21.030829],[105.800239,21.030679],[105.800657,21.030318],[105.800985,21.030083],[105.801092,21.030008],[105.801553,21.029737],[105.802765,21.029146],[105.803672,21.028716],[105.803726,21.028691],[105.803779,21.028666],[105.803838,21.028636],[105.803897,21.028611],[105.803956,21.028586],[105.804021,21.028561],[105.804085,21.028536],[105.80415,21.028516],[105.804289,21.02847],[105.804428,21.028435],[105.804568,21.02841],[105.804713,21.028395],[105.804858,21.028385],[105.805002,21.02839],[105.805147,21.028395],[105.805292,21.028415],[105.805432,21.02844],[105.805571,21.028476],[105.805635,21.028496],[105.805705,21.028516],[105.80577,21.028536],[105.805829,21.028561],[105.805893,21.028581],[105.805947,21.028606],[105.806006,21.028631],[105.806065,21.028651],[105.806338,21.028766],[105.806392,21.028786],[105.806445,21.028806],[105.806499,21.028831],[105.806553,21.028851],[105.806601,21.028871],[105.806655,21.028886],[105.806703,21.028906],[105.806757,21.028921],[105.80688,21.028961],[105.807003,21.028986],[105.807057,21.029001],[105.807111,21.029011],[105.807164,21.029016],[105.807218,21.029026],[105.807277,21.029036],[105.807331,21.029041],[105.80739,21.029051],[105.807465,21.029046],[105.810742,21.029582],[105.813258,21.029993],[105.813494,21.030023],[105.817088,21.030363],[105.820742,21.030859]],[[105.819883,21.030744],[105.820972,21.030894],[105.821203,21.030914],[105.821439,21.030924],[105.82167,21.030919],[105.821906,21.030899],[105.822136,21.030859],[105.822362,21.030809],[105.822587,21.030739],[105.827109,21.029227],[105.827265,21.029177],[105.82742,21.029136],[105.827581,21.029101],[105.828359,21.028966],[105.829266,21.028811],[105.831615,21.028365],[105.831771,21.02833],[105.831926,21.02829],[105.832077,21.028235],[105.832565,21.02805],[105.834051,21.027449],[105.835462,21.026908],[105.83559,21.026858],[105.835719,21.026798],[105.835923,21.026693],[105.837248,21.026012],[105.837806,21.025727],[105.837913,21.025671],[105.838015,21.025611],[105.838112,21.025546],[105.839308,21.024705],[105.839324,21.024695],[105.839362,21.02467],[105.839404,21.02464],[105.839447,21.024615],[105.839737,21.02444],[105.840043,21.024279],[105.840354,21.024144],[105.840676,21.024024],[105.840724,21.024009],[105.840772,21.023994],[105.840821,21.023979],[105.840869,21.023964],[105.840917,21.023949],[105.840966,21.023934],[105.841008,21.023924],[105.841057,21.023909],[105.842714,21.023428]],[[105.842714,20.932272],[105.84228,20.931305],[105.841851,20.930128],[105.841507,20.928925],[105.841255,20.927702],[105.841969,20.919996]],[[105.841894,20.920798],[105.842001,20.919615],[105.842006,20.919335],[105.842033,20.919059],[105.842071,20.918783],[105.842135,20.918508],[105.84221,20.918242],[105.842307,20.917977],[105.842419,20.917716],[105.842714,20.917095]],[[105.842865,21.023383],[105.847601,21.022006],[105.852451,21.020584],[105.852837,21.020469],[105.856882,21.019352],[105.857069,21.019292],[105.857252,21.019222],[105.857429,21.019137],[105.857606,21.019042],[105.857767,21.018937],[105.857928,21.018821],[105.858073,21.018696],[105.858212,21.018561],[105.858341,21.018416],[105.858459,21.018266],[105.858561,21.01811],[105.858657,21.017945],[105.858738,21.01777],[105.858808,21.017595],[105.858861,21.017414],[105.858904,21.017234],[105.859655,21.013318],[105.859703,21.013118],[105.859762,21.012917],[105.859838,21.012722],[105.859929,21.012532],[105.860621,21.011205],[105.86069,21.01106],[105.860749,21.010914],[105.860798,21.010759],[105.860835,21.010604],[105.860862,21.010449],[105.860878,21.010288],[105.860878,21.010133],[105.860873,21.009973],[105.860857,21.009813],[105.860825,21.009607],[105.860803,21.009417],[105.860798,21.009232],[105.860798,21.009041],[105.860819,21.008856],[105.86083,21.007794],[105.86113,21.005095],[105.861227,21.004259],[105.861463,21.00207]],[[105.841856,21.023679],[105.845622,21.022582]],[[105.861377,21.002872],[105.862058,20.996536],[105.862241,20.995219],[105.862842,20.991167],[105.862868,20.990987],[105.86296,20.990116],[105.862976,20.98992],[105.862986,20.989725],[105.863024,20.988097],[105.863035,20.987867],[105.863056,20.987637],[105.863459,20.98399],[105.863512,20.983399],[105.863534,20.983224],[105.863577,20.982903],[105.863641,20.982583],[105.863727,20.982272],[105.863941,20.981556]],[[105.856485,20.94132],[105.847188,20.937688],[105.846904,20.937568],[105.84663,20.937433],[105.846362,20.937277],[105.84611,20.937107],[105.845869,20.936922],[105.845643,20.936721],[105.845429,20.936511],[105.84523,20.936285],[105.845048,20.93605],[105.844882,20.935799],[105.842795,20.932452],[105.84228,20.931305],[105.841856,20.930138]],[[105.841856,20.921189],[105.841963,20.919996]],[[105.841894,20.920798],[105.842001,20.919615],[105.842006,20.919335],[105.842033,20.919059],[105.842071,20.918783],[105.842135,20.918508],[105.84221,20.918242],[105.842307,20.917977],[105.842419,20.917716],[105.843873,20.914659]],[[105.861683,20.96184],[105.861694,20.960147],[105.862074,20.956034],[105.862096,20.955849],[105.862139,20.955664],[105.862187,20.955478],[105.862252,20.955303],[105.862332,20.955128],[105.862418,20.954962],[105.862525,20.954797],[105.862638,20.954642],[105.862761,20.954496],[105.862901,20.954356],[105.863045,20.954231],[105.863201,20.954111],[105.864167,20.953419],[105.864317,20.953299],[105.864467,20.953169],[105.864601,20.953034],[105.864687,20.952933]],[[105.864687,20.949552],[105.861286,20.944166],[105.86112,20.943921],[105.860937,20.94369],[105.860739,20.943465],[105.86053,20.943259],[105.860304,20.943059],[105.860063,20.942879],[105.859811,20.942708],[105.859548,20.942558],[105.85928,20.942423],[105.858995,20.942302],[105.85443,20.940519]],[[105.863705,20.982357],[105.863727,20.982272],[105.864145,20.980885],[105.864199,20.980685],[105.864687,20.978761]],[[105.864687,20.968828],[105.862289,20.965968],[105.862176,20.965828],[105.86208,20.965683],[105.861989,20.965527],[105.861908,20.965372],[105.861838,20.965207],[105.861785,20.965041],[105.861737,20.964871],[105.861704,20.964701],[105.861683,20.96453],[105.861672,20.964355],[105.861688,20.961039]],[[105.863829,20.981932],[105.863941,20.981556]],[[105.863829,20.981932],[105.86414,20.980885],[105.864199,20.980685],[105.865695,20.974799],[105.86628,20.972335],[105.866318,20.972154],[105.866339,20.971969],[105.86635,20.971789],[105.866345,20.971603],[105.866328,20.971418],[105.866296,20.971238],[105.866253,20.971057],[105.866194,20.970877],[105.866125,20.970707],[105.866044,20.970536],[105.865953,20.970376],[105.865846,20.970221],[105.865728,20.970071],[105.863829,20.967806]],[[105.863829,20.95366],[105.864167,20.953419],[105.864317,20.953299],[105.864467,20.953169],[105.864601,20.953034],[105.864725,20.952888],[105.864837,20.952733],[105.864939,20.952573],[105.86503,20.952402],[105.865111,20.952232],[105.865175,20.952052],[105.865229,20.951871],[105.865266,20.951686],[105.865288,20.951501],[105.865299,20.951315],[105.865299,20.951125],[105.865277,20.95094],[105.86525,20.950754],[105.865202,20.950569],[105.865148,20.950393],[105.865073,20.950218],[105.864993,20.950048],[105.864896,20.949882],[105.863829,20.948194]]]}},{"type":"Feature","properties":{"name":"Tuyến metro số 4","line":"M4","color":"#43A047","status":"planned"},"geometry":{"type":"MultiLineString","coordinates":[[[105.732851,21.068507],[105.731247,21.066495],[105.731059,21.066245],[105.730893,21.065979],[105.730743,21.065704],[105.730614,21.065419],[105.730507,21.065123],[105.730416,21.064828],[105.730351,21.064523],[105.730314,21.064217],[105.730292,21.063907],[105.730292,21.063597]],[[105.730335,21.064398],[105.730314,21.064217],[105.730292,21.063907],[105.730292,21.063597],[105.730319,21.063291],[105.730367,21.062986],[105.730437,21.06268],[105.730528,21.062385],[105.732851,21.055737]],[[105.754824,21.117181],[105.750752,21.115039],[105.750479,21.114884],[105.750221,21.114709],[105.749969,21.114524],[105.749738,21.114324],[105.749518,21.114103],[105.749314,21.113878],[105.749127,21.113633],[105.748955,21.113383],[105.748805,21.113117],[105.744267,21.1046]],[[105.744696,21.105401],[105.736413,21.089846],[105.736274,21.089565],[105.736156,21.089275],[105.736059,21.088975],[105.735989,21.088674],[105.735936,21.088364],[105.735909,21.088059],[105.735903,21.087748],[105.735919,21.087438],[105.735962,21.087128],[105.736021,21.086823],[105.736107,21.086522],[105.736215,21.086232],[105.736343,21.085942],[105.736488,21.085666],[105.7374,21.0841]],[[105.736097,21.072582],[105.731993,21.067431]],[[105.736933,21.084901],[105.73924,21.080926],[105.739385,21.080651],[105.739508,21.080376],[105.739616,21.080085],[105.739701,21.079795],[105.73976,21.0795],[105.739803,21.079194],[105.739825,21.078894],[105.739825,21.078594],[105.739798,21.078288],[105.739755,21.077988],[105.739691,21.077693],[105.739605,21.077402],[105.739492,21.077117],[105.739369,21.076837],[105.739219,21.076567],[105.739052,21.076306],[105.73887,21.076061],[105.736097,21.072582]],[[105.731993,21.058195],[105.737271,21.043091]],[[105.736987,21.043892],[105.737282,21.043056],[105.737395,21.04277],[105.737523,21.04249],[105.737674,21.04222],[105.737845,21.041964],[105.738033,21.041714],[105.738242,21.041479],[105.738462,21.041258],[105.738698,21.041053],[105.73895,21.040858],[105.739219,21.040682],[105.739492,21.040527],[105.739782,21.040387],[105.740077,21.040262],[105.746552,21.037849],[105.746702,21.037789],[105.746841,21.037723],[105.746981,21.037648],[105.747115,21.037568],[105.754824,21.032611]],[[105.776796,21.124622],[105.776474,21.124527],[105.776222,21.124442],[105.77597,21.124342],[105.775729,21.124227],[105.775493,21.124097],[105.775267,21.123956],[105.775048,21.123801],[105.774844,21.123631],[105.774651,21.123451],[105.774468,21.123261],[105.773277,21.121565],[105.773084,21.121304],[105.77287,21.121064],[105.772639,21.120834],[105.772392,21.120619],[105.772129,21.120424],[105.771856,21.120243],[105.771566,21.120083],[105.771266,21.119943],[105.77096,21.119823],[105.770638,21.119723],[105.770316,21.119643],[105.769989,21.119583],[105.769651,21.119548],[105.769318,21.119533],[105.76898,21.119538],[105.768648,21.119568],[105.768321,21.119618],[105.763509,21.120514],[105.763203,21.120564],[105.762892,21.120594],[105.762586,21.120604],[105.762275,21.120594],[105.761964,21.120564],[105.761658,21.120519],[105.761358,21.120459],[105.761063,21.120374],[105.760773,21.120273],[105.760489,21.120158],[105.76021,21.120023],[105.753965,21.116731]],[[105.753965,21.033162],[105.756127,21.031775],[105.756267,21.03169],[105.756406,21.031615],[105.756556,21.031545],[105.756707,21.03149],[105.756857,21.031435],[105.766282,21.02827],[105.766464,21.0282],[105.766647,21.02812],[105.766819,21.02803],[105.766985,21.027925],[105.76714,21.02781],[105.767291,21.027689],[105.76743,21.027554],[105.767564,21.027414],[105.767682,21.027264],[105.767789,21.027104],[105.767886,21.026943],[105.767967,21.026773],[105.768036,21.026598],[105.768095,21.026418],[105.768144,21.026237],[105.76817,21.026052],[105.768192,21.025862],[105.768192,21.025676],[105.768181,21.025491],[105.76816,21.025306],[105.768122,21.025121],[105.768074,21.02494],[105.768009,21.02476],[105.76713,21.022582]],[[105.767452,21.023383],[105.766625,21.02132],[105.766518,21.021035],[105.766438,21.020744],[105.766373,21.020449],[105.766336,21.020148],[105.766314,21.019848],[105.766314,21.019547],[105.766341,21.019247],[105.766384,21.018947],[105.766448,21.018651],[105.76654,21.018361],[105.766647,21.01808],[105.76677,21.0178],[105.76692,21.017534],[105.767081,21.017274],[105.767264,21.017029],[105.772719,21.010158],[105.772913,21.009898],[105.773084,21.009627],[105.773234,21.009347],[105.773368,21.009056],[105.773476,21.008761],[105.773567,21.008456],[105.773637,21.00815],[105.77368,21.007835],[105.773701,21.007519],[105.773701,21.007209],[105.77368,21.006893],[105.773631,21.006578],[105.772693,21.00207]],[[105.772859,21.002872],[105.771904,20.998269],[105.771775,20.997553],[105.7717,20.996832],[105.771679,20.996111],[105.771706,20.995385],[105.771781,20.994663],[105.771759,20.994518],[105.771748,20.994378],[105.771748,20.994233],[105.771759,20.994087],[105.771775,20.993947],[105.771807,20.993807],[105.77185,20.993667],[105.771899,20.993531],[105.771958,20.993396],[105.772027,20.993271],[105.772102,20.993146],[105.772188,20.993026],[105.772285,20.99291],[105.772387,20.992805],[105.772499,20.992705],[105.772612,20.99261],[105.772735,20.992525],[105.772864,20.99245],[105.772998,20.99238],[105.775128,20.991233],[105.775552,20.990977],[105.775954,20.990697],[105.776335,20.990391],[105.776694,20.990061],[105.776796,20.989955]],[[105.795068,21.125097],[105.794724,21.125127],[105.794172,21.125207],[105.79363,21.125317],[105.790948,21.125948],[105.790379,21.126063],[105.7898,21.126148],[105.78922,21.126203],[105.784607,21.126518],[105.78421,21.126533],[105.783813,21.126523],[105.783421,21.126488],[105.783024,21.126433],[105.782638,21.126358],[105.782257,21.126253],[105.782032,21.126188],[105.778384,21.125097]],[[105.798769,21.125062],[105.79628,21.125062],[105.79584,21.125062],[105.795282,21.125077],[105.794724,21.125127],[105.794172,21.125207],[105.79363,21.125317],[105.791157,21.125898]],[[105.781066,21.125898],[105.776474,21.124527],[105.776222,21.124442],[105.77597,21.124342],[105.775938,21.124327]],[[105.775938,20.990707],[105.775954,20.990697],[105.776335,20.990391],[105.776694,20.990061],[105.777032,20.989715],[105.777338,20.989344],[105.777622,20.988954],[105.77788,20.988548],[105.778111,20.988132],[105.779087,20.986795],[105.784044,20.981556]],[[105.783287,20.982357],[105.786924,20.978506],[105.788904,20.976197],[105.789065,20.976006],[105.78921,20.975811],[105.789338,20.975601],[105.789451,20.975385],[105.789553,20.975165],[105.789639,20.974939],[105.790465,20.97242],[105.790545,20.972204],[105.790637,20.971994],[105.790744,20.971789],[105.790867,20.971588],[105.791001,20.971398],[105.796929,20.963529],[105.797047,20.963378],[105.797176,20.963238],[105.797315,20.963108],[105.797465,20.962988],[105.797621,20.962877],[105.797787,20.962772],[105.798769,20.962211]],[[105.820742,21.125052],[105.810903,21.125057],[105.797911,21.125062]],[[105.797911,20.962702],[105.800829,20.961039]],[[105.799423,20.96184],[105.805061,20.958624],[105.805179,20.958559],[105.817695,20.952142],[105.817872,20.952062],[105.818054,20.951992],[105.818247,20.951936],[105.818435,20.951891],[105.818633,20.951861],[105.818827,20.951841],[105.819025,20.951836],[105.819224,20.951841],[105.820742,20.951936]],[[105.842714,21.117091],[105.839142,21.121394],[105.838723,21.121865],[105.838273,21.12231],[105.83779,21.12273],[105.83728,21.123116],[105.836749,21.123476],[105.836191,21.123796],[105.835612,21.124087],[105.835011,21.124337],[105.834394,21.124552],[105.833766,21.124732],[105.833128,21.124867],[105.832484,21.124967],[105.83183,21.125027],[105.831175,21.125047],[105.819883,21.125052]],[[105.819883,20.951881],[105.835215,20.952848],[105.835387,20.952868],[105.835558,20.952893],[105.835724,20.952928],[105.835891,20.952968],[105.836052,20.953024],[105.842215,20.955243],[105.842714,20.955328]],[[105.861694,21.063597],[105.861227,21.07059],[105.860036,21.072752],[105.859956,21.072912],[105.859886,21.073078],[105.859832,21.073243],[105.859784,21.073413],[105.859752,21.073588],[105.85973,21.073763],[105.85972,21.073944],[105.85972,21.074119],[105.859736,21.074294],[105.859762,21.074469],[105.8598,21.074644],[105.859854,21.074815],[105.859918,21.07498],[105.859993,21.075145],[105.861468,21.078098],[105.861549,21.078248],[105.86164,21.078389],[105.861737,21.078524],[105.861844,21.078659],[105.861956,21.078784],[105.86208,21.078899],[105.862214,21.079009],[105.864687,21.080986]],[[105.852751,21.1046],[105.849876,21.108458],[105.841856,21.118127]],[[105.864687,21.090696],[105.863791,21.091667],[105.856689,21.099425],[105.856249,21.099931],[105.855836,21.100456],[105.852156,21.105401]],[[105.864687,21.058285],[105.86282,21.060182],[105.861726,21.063046],[105.86164,21.064398]],[[105.841856,20.955113],[105.842215,20.955243],[105.850568,20.956651],[105.850729,20.956676],[105.850895,20.956691],[105.857981,20.957106],[105.858116,20.957116],[105.85825,20.957131],[105.864687,20.958083]],[[105.868286,21.0841],[105.868356,21.08422],[105.868437,21.08439],[105.868501,21.08456],[105.86856,21.08474],[105.868603,21.084926],[105.86863,21.085106],[105.868646,21.085291],[105.868646,21.085481],[105.868635,21.085666],[105.868608,21.085852],[105.868565,21.086032],[105.868517,21.086212],[105.868447,21.086387],[105.868372,21.086557],[105.868281,21.086722],[105.868179,21.086883],[105.868067,21.087038],[105.867938,21.087178],[105.863829,21.091627]],[[105.863829,21.080301],[105.867632,21.083339],[105.867777,21.083464],[105.867916,21.083599],[105.86804,21.083744],[105.868158,21.083894],[105.86826,21.084055],[105.868356,21.08422],[105.868437,21.08439],[105.868501,21.08456],[105.86856,21.08474],[105.868598,21.084901]],[[105.88666,21.052268],[105.886509,21.052293],[105.886193,21.052358],[105.885887,21.052443],[105.885587,21.052548],[105.885297,21.052673],[105.885013,21.052813],[105.884739,21.052974],[105.884482,21.053154],[105.88423,21.053344],[105.883999,21.053549],[105.883779,21.05377],[105.88358,21.054005],[105.883393,21.054255],[105.883226,21.05451],[105.882502,21.055727],[105.8824,21.055882],[105.882288,21.056032],[105.882164,21.056173],[105.88203,21.056308],[105.881891,21.056433],[105.881735,21.056548],[105.88158,21.056658],[105.881413,21.056753],[105.881236,21.056838],[105.881059,21.056908],[105.880877,21.056974],[105.880689,21.057024],[105.880496,21.057064],[105.880303,21.057089],[105.88011,21.057104],[105.872793,21.057399],[105.872616,21.057414],[105.872444,21.057434],[105.872278,21.057464],[105.872111,21.057504],[105.871945,21.057554],[105.871784,21.057614],[105.871006,21.057925],[105.870835,21.05799],[105.870652,21.05804],[105.87047,21.058085],[105.870282,21.058115],[105.870094,21.058135],[105.869907,21.05814],[105.869719,21.05814],[105.869531,21.05812],[105.869343,21.058095],[105.869161,21.058055],[105.868979,21.058005],[105.868801,21.057945],[105.86863,21.057875],[105.868464,21.057795],[105.868281,21.057699],[105.868109,21.057614],[105.867932,21.057544],[105.867755,21.057479],[105.867568,21.057429],[105.86738,21.057394],[105.867187,21.057369],[105.866994,21.057354],[105.866801,21.057349],[105.866607,21.057364],[105.86642,21.057384],[105.866227,21.057419],[105.866039,21.057464],[105.865856,21.057524],[105.865679,21.057589],[105.865508,21.057669],[105.865341,21.057759],[105.86518,21.057865],[105.865025,21.057975],[105.86488,21.058095],[105.864746,21.058225],[105.863829,21.059156]],[[105.881113,20.981556],[105.881145,20.981656],[105.881188,20.981811],[105.881225,20.981967],[105.882266,20.987201],[105.882304,20.987366],[105.882357,20.987526],[105.882416,20.987687],[105.883795,20.991032],[105.883875,20.991198],[105.883961,20.991363],[105.884063,20.991518],[105.884171,20.991668],[105.884294,20.991809],[105.884423,20.991944],[105.884562,20.992069],[105.884712,20.992189],[105.886005,20.993131],[105.886155,20.993251],[105.886295,20.993381],[105.886429,20.993516],[105.886552,20.993662],[105.88666,20.993812]],[[105.870427,20.961039],[105.870459,20.961079],[105.873951,20.965577],[105.877385,20.970662],[105.877481,20.970817],[105.877567,20.970972],[105.877642,20.971138],[105.877701,20.971308],[105.881145,20.981656],[105.881188,20.981811],[105.881225,20.981967],[105.881306,20.982357]],[[105.863829,20.957958],[105.865438,20.958193],[105.865932,20.958284],[105.86642,20.958404],[105.866897,20.958549],[105.867364,20.958729],[105.867814,20.958935],[105.868254,20.95917],[105.868673,20.959426],[105.869075,20.959711],[105.869456,20.960022],[105.869815,20.960353],[105.870153,20.960703],[105.870459,20.961079],[105.871049,20.96184]],[[105.896417,21.043091],[105.89461,21.045959],[105.891659,21.050621],[105.891557,21.050771],[105.891445,21.050911],[105.891327,21.051046],[105.891193,21.051176],[105.891058,21.051291],[105.890908,21.051402],[105.890758,21.051507],[105.890597,21.051597],[105.890431,21.051677],[105.890259,21.051747],[105.890082,21.051812],[105.889905,21.051857],[105.889717,21.051897],[105.889535,21.051927],[105.886826,21.052243],[105.886509,21.052293],[105.886193,21.052358],[105.885887,21.052443],[105.885801,21.052473]],[[105.903547,21.022582],[105.904652,21.024059],[105.904722,21.024159],[105.904786,21.024254],[105.908514,21.030248],[105.908605,21.030413],[105.908632,21.030468]],[[105.908632,21.032757],[105.908616,21.032792],[105.90852,21.032957],[105.908418,21.033117],[105.9083,21.033272],[105.908171,21.033417],[105.908031,21.033553],[105.907881,21.033678],[105.90772,21.033798],[105.907554,21.033903],[105.907382,21.033998],[105.9072,21.034083],[105.901068,21.036672],[105.900891,21.036752],[105.90072,21.036847],[105.900559,21.036952],[105.900403,21.037063],[105.900253,21.037188],[105.900119,21.037318],[105.89999,21.037463],[105.899872,21.037608],[105.899765,21.037763],[105.895913,21.043892]],[[105.890715,21.00207],[105.891665,21.004304],[105.893494,21.00839],[105.893607,21.008631],[105.893735,21.008861],[105.893875,21.009082],[105.89859,21.015987],[105.904148,21.023383]],[[105.885801,20.992986],[105.886005,20.993131],[105.886155,20.993251],[105.886295,20.993381],[105.886429,20.993516],[105.886552,20.993662],[105.88666,20.993812],[105.886762,20.993972],[105.886847,20.994137],[105.890501,21.00157],[105.891053,21.002872]],[[105.907774,21.029061],[105.908514,21.030248],[105.908605,21.030413],[105.908691,21.030589],[105.908761,21.030764],[105.908815,21.030944],[105.908858,21.031129],[105.908884,21.03132],[105.9089,21.031505],[105.9089,21.031695],[105.90889,21.031885],[105.908863,21.032071],[105.90882,21.032256],[105.908766,21.032441],[105.908697,21.032616],[105.908616,21.032792],[105.90852,21.032957],[105.908418,21.033117],[105.9083,21.033272],[105.908171,21.033417],[105.908031,21.033553],[105.907881,21.033678],[105.907774,21.033758]]]}},{"type":"Feature","properties":{"name":"Tuyến metro số 5","line":"M5","color":"#8E24AA","status":"planned"},"geometry":{"type":"MultiLineString","coordinates":[[[105.4781,21.002872],[105.481485,21.000142],[105.483674,20.99846],[105.484945,20.997513],[105.486265,20.996632],[105.487633,20.99581],[105.488952,20.995094],[105.491152,20.993962]],[[105.476512,21.012527],[105.475456,21.013413],[105.4753,21.013533],[105.475139,21.013644],[105.474967,21.013744],[105.47479,21.013829],[105.474603,21.013909],[105.474415,21.013969],[105.474222,21.014019],[105.474023,21.014059],[105.473825,21.014084],[105.473626,21.014099],[105.473422,21.014094],[105.473224,21.014084],[105.473025,21.014054],[105.472827,21.014014],[105.472634,21.013964],[105.472446,21.013899],[105.472258,21.013819],[105.472081,21.013729],[105.471915,21.013629],[105.471749,21.013518],[105.471599,21.013393],[105.471454,21.013263],[105.47132,21.013123],[105.471196,21.012973],[105.470595,21.012186],[105.470488,21.012036],[105.470386,21.011876],[105.4703,21.011711],[105.470231,21.011545],[105.470166,21.01137],[105.470118,21.011195],[105.47008,21.011015],[105.470059,21.010829],[105.470048,21.010649],[105.470054,21.010464],[105.47007,21.010283],[105.470102,21.010103],[105.470145,21.009923],[105.470198,21.009748],[105.470263,21.009577],[105.470343,21.009407],[105.470434,21.009247],[105.470542,21.009092],[105.470654,21.008946],[105.470778,21.008806],[105.470912,21.008671],[105.471057,21.008546],[105.470906,21.008666],[105.471057,21.008546],[105.479093,21.00207]],[[105.490294,20.994403],[105.492058,20.993496],[105.49377,20.992685],[105.495529,20.991974],[105.497332,20.991373],[105.499177,20.990877],[105.501044,20.990491],[105.502937,20.990211],[105.504847,20.990046],[105.506762,20.989996],[105.513124,20.990131]],[[105.512266,20.990111],[105.520313,20.990281],[105.535097,20.990361]],[[105.534239,20.990356],[105.545724,20.990421],[105.549989,20.990356],[105.554243,20.990116],[105.55707,20.989895]],[[105.556211,20.98996],[105.56517,20.989264],[105.567235,20.989044],[105.569515,20.988924],[105.572771,20.988804],[105.574767,20.988959],[105.575716,20.989164],[105.576317,20.989264],[105.577675,20.989575],[105.579042,20.98998]],[[105.578184,20.989725],[105.579048,20.989986],[105.58019,20.990366],[105.598462,20.999526],[105.599138,20.999842],[105.599835,21.000117],[105.600548,21.000348],[105.601015,21.000473]],[[105.600157,21.000222],[105.600548,21.000348],[105.601273,21.000543],[105.602013,21.000693],[105.602759,21.000798],[105.60351,21.000863],[105.605934,21.001004],[105.608101,21.001054],[105.609475,21.001084],[105.612254,21.001199],[105.612683,21.001209],[105.615499,21.001349],[105.615966,21.001354],[105.618246,21.001454],[105.619243,21.001494],[105.621781,21.001675],[105.622602,21.00173],[105.622988,21.00176]],[[105.626475,21.00207],[105.626915,21.002136],[105.628599,21.002296],[105.633942,21.002802],[105.636281,21.003062],[105.638024,21.003272],[105.63995,21.003448],[105.641881,21.003518],[105.643818,21.003483],[105.64496,21.003413]],[[105.622129,21.0017],[105.622602,21.00173],[105.625166,21.00194],[105.625788,21.001985],[105.625949,21.00199],[105.626915,21.002136],[105.628599,21.002296],[105.633942,21.002802],[105.634559,21.002872]],[[105.644102,21.003468],[105.650582,21.003057],[105.654643,21.002817],[105.658624,21.002711],[105.662609,21.002872],[105.663328,21.002927],[105.666933,21.003237]],[[105.653726,21.002872],[105.654643,21.002817],[105.658624,21.002711],[105.662609,21.002872],[105.662631,21.002872]],[[105.666075,21.003162],[105.685011,21.00479],[105.687216,21.004975],[105.688906,21.00519]],[[105.69942,21.022582],[105.698707,21.024375],[105.698508,21.02483],[105.698272,21.025271],[105.698009,21.025691],[105.697719,21.026097],[105.691588,21.033993],[105.691304,21.034389],[105.691041,21.034799],[105.69081,21.035225],[105.690612,21.035666],[105.69044,21.036116],[105.690295,21.036577],[105.690188,21.037043],[105.690107,21.037513],[105.690064,21.037989],[105.690048,21.038469]],[[105.688047,21.00508],[105.690027,21.005336],[105.694377,21.006122],[105.698546,21.007058],[105.698948,21.007153],[105.707268,21.009026],[105.710878,21.009843]],[[105.710878,21.009938],[105.710117,21.009793],[105.709929,21.009763],[105.709736,21.009743],[105.709543,21.009733],[105.70935,21.009738],[105.709156,21.009753],[105.708969,21.009778],[105.708776,21.009818],[105.708593,21.009873],[105.708411,21.009933],[105.708234,21.010008],[105.708062,21.010093],[105.707901,21.010188],[105.707746,21.010293],[105.707595,21.010409],[105.707456,21.010534],[105.707322,21.010669],[105.707198,21.010809],[105.707091,21.010954],[105.700874,21.019848],[105.700461,21.020484],[105.700085,21.02114],[105.699747,21.021816],[105.699452,21.022507],[105.699103,21.023383]],[[105.71002,21.009647],[105.711039,21.009878],[105.712209,21.010138],[105.713426,21.010409],[105.710117,21.009793],[105.71002,21.009778]],[[105.713716,21.010459],[105.713426,21.010409],[105.713759,21.010479],[105.71532,21.010739],[105.716903,21.010919],[105.71849,21.01102],[105.720014,21.011035],[105.721532,21.010974],[105.72746,21.010619],[105.731971,21.010343],[105.732851,21.010288]],[[105.731993,21.010343],[105.739111,21.009898],[105.745377,21.009502],[105.747319,21.009337],[105.749245,21.009071],[105.751154,21.008721],[105.754824,21.00795]],[[105.753965,21.00813],[105.761513,21.006543],[105.772499,21.004249],[105.776796,21.003352]],[[105.775938,21.003533],[105.782601,21.002141],[105.782987,21.00207]],[[105.786458,21.00207],[105.78656,21.002085],[105.787209,21.002226],[105.787847,21.002406],[105.788469,21.002626],[105.78907,21.002887],[105.789655,21.003182],[105.790191,21.003503],[105.790706,21.003853],[105.79238,21.00508],[105.793431,21.005851],[105.793501,21.005907],[105.793571,21.005972],[105.795261,21.007319],[105.795357,21.007399],[105.795443,21.007479],[105.796076,21.00808],[105.796237,21.008225],[105.796409,21.00836],[105.798769,21.010088]],[[105.779092,21.002872],[105.782601,21.002141],[105.783255,21.002025],[105.783915,21.00195],[105.78458,21.00192],[105.785245,21.001935],[105.785905,21.00199],[105.78656,21.002085],[105.787209,21.002226],[105.787847,21.002406],[105.788469,21.002626],[105.789038,21.002872]],[[105.809653,21.022582],[105.810335,21.023754],[105.811102,21.025081],[105.811123,21.025111],[105.811139,21.025141],[105.811155,21.025176],[105.811177,21.025206],[105.811193,21.025236],[105.811214,21.025271],[105.811231,21.025301],[105.811247,21.025331],[105.811268,21.025366],[105.811284,21.025396],[105.811563,21.025947],[105.811805,21.026513],[105.811998,21.027094],[105.812008,21.027129],[105.812019,21.027164],[105.81203,21.027199],[105.812041,21.027234],[105.812051,21.027269],[105.812062,21.027304],[105.812067,21.027339],[105.812078,21.027374],[105.812089,21.027409],[105.8121,21.027444],[105.812293,21.02813],[105.812298,21.028165],[105.812309,21.0282],[105.81232,21.028235],[105.81233,21.02827],[105.812341,21.028305],[105.812346,21.02834],[105.812357,21.028375],[105.812368,21.02841],[105.812379,21.028445],[105.812384,21.028481],[105.812518,21.028996],[105.812523,21.029031],[105.812534,21.029071],[105.812539,21.029106],[105.81255,21.029141],[105.812556,21.029177],[105.812561,21.029212],[105.812572,21.029247],[105.812577,21.029282],[105.812588,21.029317],[105.812593,21.029352],[105.81269,21.029777],[105.8127,21.029817],[105.812706,21.029852],[105.812711,21.029888],[105.812722,21.029923],[105.812727,21.029958],[105.812738,21.029993],[105.812743,21.030028],[105.812754,21.030063],[105.812765,21.030098],[105.81277,21.030133],[105.812947,21.030799],[105.812958,21.030834],[105.812969,21.030869],[105.812979,21.030904],[105.81299,21.030934],[105.813001,21.030969],[105.813012,21.031004],[105.813022,21.031039],[105.813033,21.031074],[105.813044,21.031109],[105.813054,21.031144],[105.815045,21.037598],[105.815077,21.037693],[105.816123,21.041443],[105.816182,21.041624],[105.816252,21.041799],[105.816337,21.041969],[105.816429,21.042129],[105.816536,21.04229],[105.816659,21.04244],[105.816788,21.04258],[105.816928,21.042715],[105.817072,21.04284],[105.817233,21.042956],[105.8174,21.043056],[105.817571,21.043151],[105.817748,21.043231],[105.817936,21.043301],[105.818124,21.043361],[105.818317,21.043406],[105.818515,21.043436],[105.819728,21.043596],[105.819985,21.043626],[105.820243,21.043636],[105.8205,21.043631],[105.820742,21.043616]],[[105.817459,21.043091],[105.817571,21.043151],[105.817748,21.043231],[105.817936,21.043301],[105.818124,21.043361],[105.818317,21.043406],[105.818515,21.043436],[105.819728,21.043596],[105.819985,21.043626],[105.820243,21.043636],[105.8205,21.043631],[105.820742,21.043616]],[[105.797911,21.009462],[105.798887,21.010178],[105.79893,21.010208],[105.798967,21.010238],[105.799338,21.010579],[105.800191,21.011345],[105.801242,21.012296],[105.80246,21.013398],[105.803935,21.014735],[105.804257,21.015021],[105.806338,21.017014],[105.806429,21.017104],[105.806515,21.017194],[105.80659,21.017294],[105.80666,21.017399],[105.80673,21.017504],[105.808055,21.019818],[105.808066,21.019833],[105.81012,21.023383]],[[105.819883,21.043616],[105.819985,21.043626],[105.820243,21.043636],[105.8205,21.043631],[105.820758,21.043611],[105.82101,21.043581],[105.821262,21.043531],[105.821509,21.043466],[105.821756,21.043391],[105.821992,21.043301],[105.823553,21.042655],[105.825398,21.041839],[105.825452,21.041814],[105.826095,21.041509],[105.826401,21.041408],[105.826702,21.041298],[105.826889,21.041233],[105.827082,21.041183],[105.827276,21.041143],[105.827474,21.041113],[105.827678,21.041098],[105.827876,21.041098],[105.828075,21.041108],[105.828273,21.041133],[105.828472,21.041173],[105.828665,21.041223],[105.828853,21.041283],[105.829035,21.041358],[105.829212,21.041448],[105.830532,21.042139],[105.830703,21.042225],[105.83088,21.0423],[105.831057,21.04236],[105.831245,21.04241],[105.831433,21.04245],[105.831626,21.042475],[105.831819,21.04249],[105.836781,21.04269],[105.836964,21.042695],[105.837146,21.042685],[105.837328,21.042665],[105.837511,21.042635],[105.842714,21.041589]],[[105.819883,21.043611],[105.819985,21.043626],[105.820243,21.043636],[105.8205,21.043631],[105.820758,21.043611],[105.82101,21.043581],[105.821262,21.043531],[105.821509,21.043466],[105.821756,21.043391],[105.821992,21.043301],[105.822501,21.043091]],[[105.842714,21.055547],[105.841668,21.057309],[105.841577,21.057474],[105.841497,21.057649],[105.841432,21.057825],[105.841379,21.05801],[105.841341,21.058195],[105.841314,21.05838],[105.841303,21.05857],[105.841303,21.058756],[105.84132,21.058946],[105.841352,21.059131],[105.841395,21.059316],[105.841454,21.059497],[105.841523,21.059672],[105.841609,21.059847],[105.841706,21.060012],[105.841813,21.060167],[105.841936,21.060323],[105.842065,21.060463],[105.842205,21.060598],[105.84236,21.060723],[105.842714,21.060998]],[[105.846089,21.063597],[105.856801,21.071836],[105.856935,21.071946],[105.857059,21.072061],[105.857177,21.072187],[105.857284,21.072317],[105.857386,21.072452],[105.857477,21.072592],[105.857563,21.072737],[105.859929,21.077267],[105.860015,21.077417],[105.860111,21.077563],[105.860213,21.077698],[105.860326,21.077833],[105.860444,21.077958],[105.860572,21.078073],[105.860712,21.078183],[105.864687,21.081192]],[[105.848926,21.043091],[105.84898,21.043221],[105.849034,21.043401],[105.849077,21.043586],[105.849103,21.043772],[105.849119,21.043957],[105.849119,21.044142],[105.849109,21.044327],[105.849082,21.044513],[105.849044,21.044698],[105.848991,21.044878],[105.848926,21.045053],[105.848846,21.045224],[105.848755,21.045394],[105.841856,21.056989]],[[105.841856,21.060223],[105.841936,21.060323],[105.842065,21.060463],[105.842205,21.060598],[105.84236,21.060723],[105.845075,21.062811],[105.847135,21.064398]],[[105.841856,21.041759],[105.845037,21.041123],[105.845219,21.041088],[105.845407,21.041068],[105.84559,21.041063],[105.845772,21.041063],[105.84596,21.041078],[105.846142,21.041103],[105.846325,21.041138],[105.846502,21.041183],[105.846673,21.041238],[105.846845,21.041308],[105.847011,21.041383],[105.847607,21.041684],[105.847778,21.041779],[105.847939,21.041884],[105.848095,21.041999],[105.848245,21.042124],[105.848384,21.04226],[105.848513,21.042405],[105.848626,21.042555],[105.848733,21.04271],[105.84883,21.042875],[105.84891,21.043046],[105.84898,21.043221],[105.849034,21.043401],[105.849077,21.043586],[105.849103,21.043772],[105.849114,21.043892]],[[105.868528,21.0841],[105.872567,21.087153],[105.872626,21.087198],[105.875952,21.089856],[105.876102,21.089971],[105.876263,21.090076],[105.876435,21.090166],[105.876612,21.090251],[105.876789,21.090321],[105.876977,21.090381],[105.87717,21.090431],[105.877358,21.090466],[105.877556,21.090491],[105.877749,21.090501],[105.877948,21.090496],[105.878146,21.090486],[105.878339,21.090456],[105.878533,21.090416],[105.87872,21.090366],[105.878903,21.090301],[105.879085,21.090226],[105.879257,21.090141],[105.879423,21.090046],[105.879584,21.089936],[105.879734,21.089821],[105.879879,21.08969],[105.880013,21.089555],[105.885007,21.0841]],[[105.863829,21.080541],[105.86959,21.084901]],[[105.884272,21.084901],[105.88666,21.082293]],[[105.885801,21.083234],[105.886971,21.081952],[105.890447,21.074309],[105.896337,21.066085],[105.899438,21.063597]],[[105.89844,21.064398],[105.902098,21.061464],[105.908632,21.049809]],[[105.907774,21.051336],[105.910563,21.046365],[105.912125,21.043581],[105.912264,21.043306],[105.912361,21.043091]],[[105.911947,21.043892],[105.912125,21.043581],[105.912264,21.043306],[105.912387,21.043026],[105.912489,21.042735],[105.91257,21.042445],[105.912629,21.042144],[105.912666,21.041844],[105.912677,21.041544],[105.912672,21.041238],[105.912645,21.040938],[105.912597,21.040637],[105.912527,21.040342],[105.912436,21.040052],[105.912323,21.039766],[105.909711,21.033768],[105.909646,21.033593],[105.909587,21.033412],[105.909544,21.033227],[105.909517,21.033042],[105.909501,21.032857],[105.909501,21.032666],[105.909512,21.032481],[105.909539,21.032296],[105.909576,21.032111],[105.90963,21.03193],[105.9097,21.031755],[105.909775,21.03158],[105.909871,21.031415],[105.909973,21.031254],[105.910091,21.031099],[105.910215,21.030954],[105.910354,21.030819],[105.910499,21.030694],[105.910655,21.030573],[105.910821,21.030468],[105.910993,21.030373],[105.91117,21.030288],[105.911352,21.030213],[105.91338,21.029487],[105.921292,21.026833],[105.921475,21.026763],[105.921652,21.026688],[105.921823,21.026598],[105.921984,21.026498],[105.92214,21.026382],[105.92229,21.026262],[105.92243,21.026137],[105.922558,21.025997],[105.922676,21.025852],[105.922784,21.025697],[105.92288,21.025541],[105.922966,21.025376],[105.923036,21.025206],[105.923095,21.025031],[105.923143,21.02485],[105.923181,21.02467],[105.923202,21.02449],[105.923207,21.024304],[105.923202,21.024124],[105.923111,21.022582]],[[105.923159,21.023383],[105.923073,21.021976],[105.923068,21.021811],[105.923073,21.021646],[105.923089,21.02148],[105.923116,21.021315],[105.923154,21.021155],[105.924452,21.016353],[105.924506,21.016187],[105.924565,21.016027],[105.92464,21.015867],[105.92472,21.015712],[105.924817,21.015566],[105.924919,21.015421],[105.925031,21.015286],[105.925155,21.015161],[105.925283,21.015036],[105.925423,21.014926],[105.928566,21.012507],[105.929586,21.005095],[105.929618,21.004915],[105.929661,21.004735],[105.92972,21.004559],[105.92979,21.004389],[105.92987,21.004219],[105.929967,21.004059],[105.930068,21.003903],[105.930187,21.003758],[105.93031,21.003618],[105.930605,21.003317]],[[105.929747,21.004489],[105.92979,21.004389],[105.92987,21.004219],[105.929967,21.004059],[105.930068,21.003903],[105.930187,21.003758],[105.93031,21.003618],[105.931812,21.00207]],[[105.942605,21.00207],[105.947438,21.004845],[105.952578,21.00829]],[[105.931034,21.002872],[105.934065,20.999742],[105.934204,20.999606],[105.934355,20.999486],[105.93451,20.999371],[105.934677,20.999266],[105.934848,20.999171],[105.935031,20.999091],[105.935213,20.99902],[105.935406,20.99896],[105.935599,20.998915],[105.935792,20.998885],[105.935991,20.998865],[105.936189,20.998855],[105.936388,20.99886],[105.936586,20.99888],[105.936785,20.998915],[105.936978,20.998955],[105.937171,20.999015],[105.937353,20.999081],[105.937536,20.999161],[105.937707,20.999256],[105.944,21.002872]],[[105.951719,21.007714],[105.953527,21.008926],[105.953667,21.009026],[105.953801,21.009137],[105.953924,21.009252],[105.954042,21.009372],[105.954149,21.009497],[105.954251,21.009632],[105.954348,21.009773],[105.955517,21.011666],[105.955614,21.011811],[105.955721,21.011951],[105.955834,21.012081],[105.955957,21.012206],[105.956091,21.012322],[105.956225,21.012432],[105.957819,21.013609],[105.957969,21.013729],[105.958114,21.013859],[105.958248,21.013999],[105.958366,21.014144],[105.958478,21.0143],[105.95858,21.01446],[105.958666,21.014625],[105.958741,21.014795],[105.958806,21.014976],[105.958854,21.015151],[105.958892,21.015336],[105.958913,21.015521],[105.958924,21.015707],[105.958918,21.015892],[105.958897,21.016077],[105.958865,21.016263],[105.958822,21.016443],[105.958763,21.016618],[105.958693,21.016793],[105.958613,21.016964],[105.958516,21.017124],[105.958409,21.017284],[105.958291,21.017429],[105.958162,21.01757],[105.958022,21.017705],[105.957872,21.01783],[105.957717,21.01794]]]}},{"type":"Feature","properties":{"name":"Tuyến metro số 6","line":"M6","color":"#00ACC1","status":"planned"},"geometry":{"type":"MultiLineString","coordinates":[[[105.732851,20.990827],[105.729874,20.983274],[105.729241,20.981556]],[[105.729536,20.982357],[105.728425,20.979332],[105.728329,20.979037],[105.728254,20.978731],[105.7282,20.978426],[105.728173,20.978115],[105.728163,20.977804],[105.72813,20.976177],[105.728173,20.975646],[105.728259,20.97512],[105.728377,20.974599],[105.728533,20.974083],[105.728726,20.973582],[105.728951,20.973096],[105.729214,20.972625],[105.729509,20.972169],[105.729831,20.971734],[105.73019,20.971318],[105.730577,20.970927],[105.730984,20.970561],[105.732851,20.968913]],[[105.754824,21.039336],[105.75315,21.035651],[105.752855,21.035005],[105.752528,21.034369],[105.752168,21.033748],[105.751884,21.033307],[105.746219,21.02466],[105.746096,21.024465],[105.745988,21.024259],[105.745897,21.024049],[105.745811,21.023834],[105.745747,21.023613],[105.74535,21.022582]],[[105.737599,21.002872],[105.735539,20.997643],[105.731993,20.988648]],[[105.745661,21.023383],[105.741193,21.011801],[105.739358,21.007334],[105.737282,21.00207]],[[105.731993,20.96967],[105.733173,20.968628],[105.735227,20.966574],[105.737143,20.9644],[105.737395,20.964115],[105.737663,20.963839],[105.737947,20.963574],[105.738339,20.963253],[105.738752,20.962957],[105.739186,20.962687],[105.739637,20.962447],[105.740104,20.962231],[105.742276,20.961334],[105.743027,20.961039]],[[105.741048,20.96184],[105.742276,20.961334],[105.743591,20.960818],[105.745554,20.959912],[105.751884,20.955774],[105.752866,20.955263],[105.754824,20.954567]],[[105.776796,21.055141],[105.768519,21.05389],[105.768342,21.053855],[105.76817,21.053815],[105.767999,21.05376],[105.767827,21.053699],[105.767666,21.053624],[105.767511,21.053544],[105.767355,21.053454],[105.76721,21.053354],[105.764957,21.051717],[105.759603,21.047351],[105.759185,21.047061],[105.758788,21.046751],[105.758407,21.046415],[105.758048,21.04606],[105.75771,21.045689],[105.75653,21.043091]],[[105.756894,21.043892],[105.753965,21.037448]],[[105.753965,20.954872],[105.756975,20.953805],[105.776796,20.947388]],[[105.798769,21.172102],[105.794488,21.173587],[105.7943,21.173642],[105.794107,21.173687],[105.793914,21.173717],[105.793721,21.173732],[105.793523,21.173737],[105.793324,21.173732],[105.793131,21.173712],[105.792938,21.173682],[105.792745,21.173637],[105.792557,21.173577],[105.792375,21.173512],[105.792198,21.173432],[105.792026,21.173337],[105.791865,21.173237],[105.791709,21.173127],[105.791559,21.173002],[105.79142,21.172872],[105.791291,21.172732],[105.791173,21.172587],[105.791066,21.172432],[105.790969,21.172272],[105.790889,21.172102],[105.790814,21.171931],[105.790706,21.171641],[105.790647,21.171471],[105.790604,21.171296],[105.790567,21.171116],[105.790551,21.170936],[105.79054,21.170756],[105.790508,21.166084]],[[105.790513,21.166884],[105.790395,21.149429],[105.790089,21.145592]],[[105.790148,21.146392],[105.788598,21.126994],[105.788448,21.125097]],[[105.788512,21.125898],[105.787831,21.117416],[105.787026,21.108308],[105.786769,21.1046]],[[105.786828,21.105401],[105.785353,21.0841]],[[105.785412,21.084901],[105.784736,21.075135],[105.78473,21.07509],[105.784408,21.071331],[105.784398,21.071226],[105.783421,21.063597]],[[105.783523,21.064398],[105.782708,21.05802],[105.782676,21.05784],[105.782633,21.057659],[105.782579,21.057484],[105.782509,21.057309],[105.782429,21.057144],[105.782338,21.056979],[105.78223,21.056823],[105.782118,21.056673],[105.781989,21.056533],[105.781855,21.056403],[105.78171,21.056278],[105.781555,21.056163],[105.781394,21.056057],[105.781222,21.055967],[105.78105,21.055882],[105.780868,21.055812],[105.78068,21.055752],[105.780492,21.055702],[105.780299,21.055667],[105.775938,21.055011]],[[105.775938,20.947668],[105.781013,20.946025],[105.784044,20.944998],[105.786651,20.944166],[105.795094,20.941376],[105.795427,20.94126],[105.795754,20.941135],[105.797256,20.940519]],[[105.795255,20.94132],[105.795427,20.94126],[105.795754,20.941135],[105.798769,20.939898]],[[105.816059,21.166084],[105.797911,21.172397]],[[105.81924,21.164978],[105.813757,21.166884]],[[105.797911,20.940248],[105.80467,20.937483],[105.805158,20.937262],[105.80563,20.937022],[105.806086,20.936751],[105.810437,20.934026],[105.810935,20.933735],[105.81145,20.933469],[105.811976,20.933234],[105.820742,20.929606]],[[105.819883,20.929962],[105.821568,20.929266],[105.822136,20.92905],[105.822716,20.92887],[105.823311,20.928725],[105.823912,20.928614],[105.824518,20.928539],[105.82513,20.928504],[105.825741,20.928504],[105.826353,20.928539],[105.826959,20.928609],[105.8333,20.929561],[105.833622,20.929601],[105.833949,20.929616],[105.834276,20.929611],[105.834598,20.929591],[105.83492,20.929546],[105.835236,20.929481],[105.835553,20.929396],[105.835859,20.929291],[105.836154,20.929166],[105.836443,20.92902],[105.836722,20.92886],[105.836985,20.928685],[105.837237,20.928489],[105.837473,20.928279],[105.837693,20.928053],[105.837897,20.927818],[105.838085,20.927567],[105.838256,20.927302],[105.838401,20.927031],[105.83853,20.92675],[105.838643,20.92646],[105.84088,20.919996]],[[105.840601,20.920798],[105.842478,20.915381]],[[105.841856,20.91718],[105.842478,20.915381]]]}},{"type":"Feature","properties":{"name":"Tuyến metro số 7","line":"M7","color":"#6D4C41","status":"planned"},"geometry":{"type":"MultiLineString","coordinates":[[[105.697328,21.121139],[105.696647,21.115795],[105.696636,21.11563],[105.69663,21.115464],[105.696641,21.115299],[105.696663,21.115134],[105.696695,21.114974],[105.696743,21.114814],[105.696797,21.114659],[105.696867,21.114504],[105.696947,21.114359],[105.697038,21.114218],[105.69714,21.114078],[105.700471,21.1099],[105.703856,21.105476],[105.703948,21.105366],[105.704049,21.105256],[105.704157,21.105155],[105.704763,21.1046]],[[105.703921,21.105401],[105.703948,21.105366],[105.704049,21.105256],[105.704157,21.105155],[105.70987,21.099966],[105.710878,21.09905]],[[105.71002,21.09983],[105.712225,21.097829],[105.713807,21.096367],[105.713947,21.096232],[105.714076,21.096087],[105.714194,21.095937],[105.714306,21.095782],[105.714403,21.095616],[105.714489,21.095446],[105.714569,21.095271],[105.715476,21.093004],[105.715583,21.092759],[105.715706,21.092523],[105.715846,21.092298],[105.716001,21.092078],[105.716173,21.091868],[105.716355,21.091672],[105.716549,21.091482],[105.716758,21.091312],[105.716978,21.091147],[105.720009,21.08908],[105.72607,21.084916],[105.726784,21.0844],[105.727165,21.0841]],[[105.726092,21.084901],[105.726784,21.0844],[105.727476,21.083859],[105.727562,21.083779],[105.72901,21.082503],[105.729927,21.081682],[105.732851,21.079385]],[[105.731993,21.08006],[105.735442,21.077347],[105.737808,21.075415],[105.739068,21.074384],[105.739557,21.074014],[105.740072,21.073668],[105.740603,21.073358],[105.741161,21.073083],[105.741735,21.072842],[105.746337,21.07107],[105.746562,21.070985],[105.749663,21.069794],[105.751632,21.069038],[105.754046,21.068167],[105.754824,21.067877]],[[105.753965,21.068197],[105.754046,21.068167],[105.766186,21.063597]],[[105.764061,21.064398],[105.76868,21.06266],[105.768846,21.0626],[105.769023,21.06255],[105.7692,21.062515],[105.769377,21.062485],[105.76956,21.06247],[105.769737,21.062465],[105.776796,21.06249]],[[105.775938,21.06249],[105.780557,21.062505],[105.780686,21.062505],[105.780809,21.062495],[105.787096,21.062505],[105.787284,21.06251],[105.787477,21.062525],[105.787665,21.062555],[105.787847,21.0626],[105.788029,21.06265],[105.788212,21.062716],[105.789548,21.063241],[105.78973,21.063306],[105.789912,21.063361],[105.7901,21.063401],[105.790293,21.063431],[105.790486,21.063451],[105.790679,21.063456],[105.791903,21.063446],[105.792101,21.063441],[105.792294,21.063421],[105.792487,21.063391],[105.79268,21.063346],[105.792868,21.063286],[105.793051,21.063221],[105.793228,21.063141],[105.793399,21.063046],[105.793566,21.062946],[105.793721,21.062831],[105.793866,21.062711],[105.794005,21.06258],[105.794134,21.06244],[105.794252,21.06229],[105.794359,21.062135],[105.794456,21.061975],[105.794542,21.061804],[105.794612,21.061634],[105.794671,21.061459],[105.794719,21.061279],[105.794751,21.061094],[105.794767,21.060913],[105.794773,21.060728],[105.794762,21.05801],[105.794751,21.05783],[105.794735,21.057649],[105.794703,21.057474],[105.794654,21.057299],[105.794601,21.057129],[105.794531,21.056959],[105.794451,21.056798],[105.794359,21.056638],[105.794258,21.056488],[105.794145,21.056343],[105.794021,21.056208],[105.793887,21.056077],[105.791388,21.0538],[105.791248,21.053664],[105.791125,21.053519],[105.791007,21.053369],[105.790905,21.053214],[105.790808,21.053049],[105.790728,21.052878],[105.790486,21.052263],[105.790288,21.051632],[105.790143,21.050991],[105.790041,21.05034],[105.789987,21.049684],[105.789987,21.049023],[105.79003,21.048368],[105.790127,21.047717],[105.790148,21.047587],[105.790159,21.047456],[105.79017,21.047326],[105.790282,21.043091]],[[105.790261,21.043892],[105.790401,21.038479],[105.787643,21.028476],[105.7876,21.0283],[105.787573,21.02812],[105.787557,21.02794],[105.787552,21.027764],[105.787563,21.027584],[105.787584,21.027404],[105.787616,21.027229],[105.787665,21.027053],[105.787718,21.026883],[105.787793,21.026713],[105.787874,21.026553],[105.787965,21.026398],[105.790417,21.022582]],[[105.789902,21.023383],[105.795615,21.01449],[105.795717,21.01434],[105.795829,21.014194],[105.795953,21.014059],[105.798769,21.01117]],[[105.798769,21.000693],[105.798715,21.000633],[105.798597,21.000493],[105.798485,21.000343],[105.798388,21.000182],[105.798302,21.000022],[105.798227,20.999852],[105.798168,20.999682],[105.798115,20.999501],[105.798082,20.999326],[105.798056,20.999146],[105.798045,20.99896],[105.798045,20.99878],[105.798061,20.9986],[105.798088,20.99842],[105.798131,20.998239],[105.798184,20.998064],[105.798249,20.997894],[105.798329,20.997728],[105.79842,20.997568],[105.798517,20.997408],[105.79863,20.997263],[105.798769,20.997092]],[[105.797911,21.012051],[105.802551,21.007279],[105.80268,21.007138],[105.802798,21.006988],[105.802905,21.006833],[105.803002,21.006673],[105.803082,21.006507],[105.803152,21.006332],[105.803211,21.006157],[105.803254,21.005977],[105.803286,21.005791],[105.803302,21.005611],[105.803307,21.005426],[105.803302,21.00524],[105.803275,21.005055],[105.803243,21.004875],[105.803195,21.004695],[105.80313,21.004519],[105.803061,21.004349],[105.802969,21.004184],[105.802873,21.004024],[105.802765,21.003868],[105.802642,21.003723],[105.802513,21.003583],[105.802374,21.003453],[105.802224,21.003332],[105.800534,21.00207]],[[105.801607,21.002872],[105.799128,21.001019],[105.798984,21.000899],[105.798844,21.000773],[105.798715,21.000633],[105.798597,21.000493],[105.798485,21.000343],[105.798388,21.000182],[105.798302,21.000022],[105.798227,20.999852],[105.798168,20.999682],[105.798115,20.999501],[105.798082,20.999326],[105.798056,20.999146],[105.798045,20.99896],[105.798045,20.99878],[105.798061,20.9986],[105.798088,20.99842],[105.798131,20.998239],[105.798184,20.998064],[105.798249,20.997894],[105.798329,20.997728],[105.79842,20.997568],[105.798517,20.997408],[105.79863,20.997263],[105.803565,20.991152],[105.810646,20.981556]],[[105.810056,20.982357],[105.815297,20.97525],[105.815608,20.974864],[105.81594,20.974494],[105.8163,20.974148],[105.816686,20.973822],[105.817094,20.973527],[105.817518,20.973256],[105.817963,20.973011],[105.818424,20.972796],[105.818902,20.97261],[105.820742,20.971954]],[[105.819883,20.97226],[105.827415,20.969585],[105.827603,20.969525],[105.827796,20.969479],[105.827989,20.969444],[105.828182,20.969419],[105.828381,20.969409],[105.828574,20.969409],[105.828772,20.969424],[105.828965,20.969454],[105.829158,20.969495],[105.834705,20.970837],[105.834872,20.970872],[105.835043,20.970897],[105.835215,20.970917],[105.835387,20.970922],[105.835558,20.970917],[105.842714,20.970607]],[[105.841856,20.970642],[105.847253,20.970406],[105.847574,20.970401],[105.847896,20.970416],[105.848218,20.970456],[105.848535,20.970511],[105.848851,20.970587],[105.849157,20.970687],[105.849452,20.970802],[105.849747,20.970932],[105.850026,20.971087],[105.850294,20.971258],[105.850546,20.971443],[105.850788,20.971643],[105.851018,20.971859],[105.852767,20.973647],[105.853234,20.974088],[105.853727,20.974504],[105.854259,20.974879],[105.854811,20.975225],[105.855385,20.975535],[105.855986,20.975801],[105.856603,20.976031],[105.857236,20.976222],[105.85788,20.976372],[105.858534,20.976477],[105.859194,20.976542],[105.859854,20.976562],[105.864687,20.976557]],[[105.871081,20.981556],[105.872412,20.982928],[105.872551,20.983059],[105.872701,20.983184],[105.872857,20.983299],[105.873023,20.983404],[105.873195,20.983494],[105.873377,20.983575],[105.87356,20.983645],[105.873753,20.983705],[105.873946,20.98375],[105.874139,20.98378],[105.874338,20.9838],[105.874536,20.98381],[105.874735,20.9838],[105.874933,20.983785],[105.875131,20.98375],[105.875325,20.98371],[105.875512,20.98365],[105.8757,20.98358],[105.880641,20.981556]],[[105.863829,20.976557],[105.864869,20.976557],[105.865068,20.976562],[105.865261,20.976582],[105.865454,20.976612],[105.865647,20.976652],[105.865835,20.976708],[105.866017,20.976778],[105.866194,20.976853],[105.866366,20.976943],[105.866527,20.977043],[105.866688,20.977153],[105.866833,20.977279],[105.870089,20.980539],[105.871859,20.982357]],[[105.878683,20.982357],[105.881392,20.981246],[105.882411,20.98083],[105.882969,20.980619],[105.883543,20.980444],[105.884128,20.980299],[105.884718,20.980194],[105.88666,20.979898]],[[105.885801,20.980028],[105.888001,20.979693],[105.888323,20.979653],[105.888644,20.979638],[105.888966,20.979638],[105.889288,20.979663],[105.88961,20.979703],[105.889927,20.979768],[105.890238,20.979848],[105.890543,20.979953],[105.890839,20.980073],[105.891123,20.980214],[105.891402,20.980369],[105.891665,20.980544],[105.891917,20.980735],[105.892153,20.98094],[105.892378,20.98116],[105.892582,20.981396],[105.893371,20.982357]],[[105.892711,20.981556],[105.908632,21.000979]],[[105.916818,21.0841],[105.921775,21.089135]],[[105.919248,21.063597],[105.916008,21.072727],[105.912763,21.076627],[105.912645,21.076772],[105.912543,21.076927],[105.912452,21.077087],[105.912371,21.077252],[105.912302,21.077422],[105.912248,21.077598],[105.912205,21.077773],[105.912173,21.077953],[105.912151,21.078133],[105.912151,21.078318],[105.912157,21.078499],[105.912178,21.078679],[105.91221,21.078859],[105.912259,21.079034],[105.912318,21.079209],[105.912387,21.079375],[105.912473,21.07954],[105.912564,21.0797],[105.912672,21.07985],[105.91279,21.079995],[105.912913,21.080135],[105.917607,21.084901]],[[105.921829,21.043091],[105.921502,21.043696],[105.921421,21.043862],[105.921351,21.044032],[105.921292,21.044207],[105.921249,21.044387],[105.921217,21.044563],[105.921196,21.044748],[105.92119,21.044928],[105.921201,21.045108],[105.921217,21.045294],[105.921255,21.045469],[105.921298,21.045649],[105.921357,21.045819],[105.921426,21.04599],[105.921512,21.046155],[105.921603,21.046315],[105.921711,21.04647],[105.921823,21.046615],[105.921952,21.046751],[105.922086,21.046881],[105.922231,21.047001],[105.922387,21.047116],[105.922548,21.047216],[105.922714,21.047306],[105.922891,21.047386],[105.92332,21.047572],[105.923492,21.047652],[105.923663,21.047742],[105.923824,21.047847],[105.92398,21.047962],[105.924125,21.048082],[105.924264,21.048217],[105.924393,21.048358],[105.924506,21.048503],[105.924613,21.048658],[105.924709,21.048818],[105.92479,21.048988],[105.92486,21.049159],[105.924919,21.049334],[105.924962,21.049514],[105.924994,21.049699],[105.92501,21.04988],[105.925015,21.050065],[105.92501,21.05025],[105.924983,21.05043],[105.924951,21.050611],[105.924903,21.050791],[105.924844,21.050966],[105.924768,21.051136],[105.924683,21.051301],[105.924586,21.051462],[105.923776,21.052693],[105.92369,21.052818],[105.923588,21.052943],[105.923486,21.053059],[105.923374,21.053174],[105.922054,21.054425],[105.921931,21.054551],[105.921818,21.054681],[105.921711,21.054821],[105.921614,21.054966],[105.921528,21.055116],[105.921448,21.055271],[105.921384,21.055432],[105.92133,21.055597],[105.921287,21.055762],[105.919946,21.061629],[105.918964,21.064398]],[[105.928926,21.022582],[105.930605,21.02453]],[[105.930605,21.035295],[105.927397,21.037148],[105.923996,21.039631],[105.923856,21.039741],[105.923722,21.039861],[105.923599,21.039987],[105.923481,21.040117],[105.923374,21.040257],[105.923277,21.040402],[105.923191,21.040552],[105.921502,21.043696],[105.921421,21.043862],[105.92141,21.043892]],[[105.907774,20.999932],[105.910183,21.002872]],[[105.909528,21.00207],[105.91897,21.013593],[105.919088,21.013724],[105.919211,21.013849],[105.91934,21.013964],[105.927043,21.020399],[105.929618,21.023383]],[[105.929747,21.023533],[105.931104,21.025111],[105.9334,21.031164],[105.933459,21.03134],[105.933502,21.03152],[105.933539,21.0317],[105.933555,21.031885],[105.933566,21.032066],[105.933561,21.032251],[105.933539,21.032436],[105.933507,21.032616],[105.933459,21.032797],[105.9334,21.032972],[105.93333,21.033142],[105.933244,21.033312],[105.933148,21.033473],[105.93304,21.033628],[105.932922,21.033773],[105.932794,21.033913],[105.93266,21.034043],[105.932509,21.034164],[105.932354,21.034279],[105.932193,21.034379],[105.929747,21.035791]]]}},{"type":"Feature","properties":{"name":"Tuyến metro số 8","line":"M8","color":"#FDD835","status":"planned"},"geometry":{"type":"MultiLineString","coordinates":[[[105.425234,21.197486],[105.420535,21.201542],[105.419639,21.202373],[105.418797,21.203253],[105.418024,21.204183],[105.417311,21.205158],[105.417112,21.205458]],[[105.447206,21.146788],[105.447174,21.146798],[105.444674,21.147713],[105.444503,21.147783],[105.444331,21.147868],[105.444165,21.147958],[105.444009,21.148063],[105.443859,21.148174],[105.443714,21.148294],[105.443586,21.148424],[105.443462,21.148559],[105.443344,21.148704],[105.443242,21.148859],[105.443151,21.149014],[105.443071,21.149179],[105.443001,21.149344],[105.442942,21.149514],[105.4421,21.152381],[105.441976,21.152856],[105.44189,21.153342],[105.441837,21.153832],[105.441821,21.154322],[105.441842,21.154813],[105.441896,21.155303],[105.441987,21.155783],[105.44211,21.156263],[105.442271,21.156729],[105.444653,21.162997],[105.444803,21.163442],[105.444927,21.163898],[105.445012,21.164363],[105.445071,21.164828],[105.445098,21.165298],[105.445088,21.165768],[105.44505,21.166234],[105.444975,21.166699],[105.444943,21.166884]],[[105.437695,21.186573],[105.437062,21.187228],[105.436204,21.188018],[105.424376,21.198226]],[[105.445061,21.166084],[105.44505,21.166234],[105.444975,21.166699],[105.442684,21.178669],[105.442577,21.17914],[105.442438,21.1796],[105.442266,21.180055],[105.442062,21.180495],[105.441826,21.18092],[105.441558,21.181336],[105.439299,21.184587],[105.438613,21.185507],[105.437867,21.186393],[105.437062,21.187228],[105.436907,21.187373]],[[105.469179,21.1355],[105.465966,21.136716],[105.465601,21.136871],[105.465242,21.137046],[105.464904,21.137246],[105.464576,21.137466],[105.464265,21.137712],[105.463976,21.137972],[105.459867,21.141955],[105.459727,21.14208],[105.459577,21.1422],[105.459416,21.14231],[105.45359,21.146032],[105.45344,21.146122],[105.453279,21.146207],[105.453113,21.146282],[105.452946,21.146342],[105.45278,21.146392]],[[105.454282,21.145592],[105.45359,21.146032],[105.45344,21.146122],[105.453279,21.146207],[105.453113,21.146277],[105.452946,21.146342],[105.452769,21.146397],[105.452592,21.146437],[105.452415,21.146472],[105.452233,21.146492],[105.452056,21.146502],[105.448135,21.146613],[105.447941,21.146628],[105.447743,21.146653],[105.44755,21.146688],[105.447362,21.146738],[105.447174,21.146798],[105.446348,21.147103]],[[105.491152,21.13543],[105.490621,21.13571],[105.490449,21.135795],[105.490267,21.13587],[105.490084,21.135935],[105.489891,21.135985],[105.489698,21.13602],[105.489505,21.136045],[105.489306,21.13606],[105.489113,21.13606],[105.488915,21.13605],[105.488722,21.136025],[105.488529,21.13599],[105.488335,21.13594],[105.488148,21.13588],[105.487971,21.135805],[105.487794,21.13572],[105.487627,21.135625],[105.487461,21.13552],[105.484301,21.133288],[105.484167,21.133203],[105.484033,21.133123],[105.483894,21.133048],[105.483749,21.132983],[105.482247,21.132353],[105.481887,21.132213],[105.481523,21.132098],[105.481147,21.132008],[105.480766,21.131938],[105.48038,21.131897],[105.479994,21.131877],[105.479602,21.131882],[105.479216,21.131912],[105.478835,21.131963],[105.478454,21.132043],[105.478084,21.132143],[105.477719,21.132268],[105.468321,21.135825]],[[105.491152,21.018841],[105.488416,21.017885],[105.488255,21.017825],[105.488099,21.017755],[105.487949,21.017675],[105.487804,21.01759],[105.487665,21.017494],[105.487531,21.017394],[105.473605,21.006057]],[[105.50894,21.125097],[105.508903,21.125127],[105.508763,21.125247],[105.508634,21.125378],[105.508511,21.125518],[105.508398,21.125663],[105.508302,21.125813],[105.506676,21.12843],[105.506585,21.128565],[105.506489,21.1287],[105.506376,21.128825],[105.502884,21.132663],[105.50275,21.132798],[105.502605,21.132928],[105.502455,21.133048],[105.502294,21.133153],[105.502127,21.133253],[105.50195,21.133339],[105.501773,21.133414],[105.501586,21.133479],[105.501398,21.133529],[105.501205,21.133569],[105.501006,21.133594],[105.500813,21.133609],[105.494762,21.133854],[105.494569,21.133864],[105.494376,21.133894],[105.494183,21.133929],[105.493995,21.133979],[105.493813,21.134044],[105.493636,21.134114],[105.493459,21.134199],[105.490621,21.13571],[105.490449,21.135795],[105.490294,21.13586]],[[105.513124,21.10994],[105.510651,21.112257],[105.510523,21.112387],[105.510399,21.112522],[105.510292,21.112667],[105.51019,21.112817],[105.510104,21.112972],[105.510024,21.113133],[105.509959,21.113298],[105.509906,21.113468],[105.509858,21.113638],[105.509831,21.113813],[105.509809,21.113988],[105.509804,21.114163],[105.509788,21.117316],[105.509793,21.117481],[105.509809,21.117646],[105.509836,21.117811],[105.509874,21.117977],[105.509922,21.118137],[105.509981,21.118297],[105.510051,21.118452],[105.510131,21.118602],[105.511193,21.120469],[105.511279,21.120634],[105.511354,21.120804],[105.511413,21.120974],[105.511467,21.121149],[105.511499,21.121329],[105.511526,21.121509],[105.511537,21.121695],[105.511531,21.121875],[105.511515,21.12206],[105.511488,21.12224],[105.511445,21.122415],[105.511392,21.12259],[105.511322,21.122765],[105.511247,21.122931],[105.511156,21.123091],[105.511054,21.123246],[105.510941,21.123396],[105.510818,21.123536],[105.510684,21.123671],[105.510539,21.123791],[105.508903,21.125127],[105.508763,21.125247],[105.508634,21.125378],[105.508511,21.125518],[105.508398,21.125663],[105.508302,21.125813],[105.508248,21.125898]],[[105.513124,21.022116],[105.506322,21.022031],[105.49856,21.02105],[105.498077,21.020975],[105.4976,21.020869],[105.495728,21.020399],[105.495379,21.020304],[105.495041,21.020193],[105.490294,21.018541]],[[105.531245,21.1046],[105.530033,21.105346],[105.529867,21.105436],[105.529701,21.105521],[105.529523,21.105591],[105.529346,21.105651],[105.529164,21.105701],[105.528982,21.105741],[105.528794,21.105766],[105.528601,21.105781],[105.528413,21.105786],[105.52822,21.105776],[105.528032,21.105756],[105.527844,21.105726],[105.527662,21.105681],[105.52748,21.105626],[105.527303,21.105561],[105.526219,21.10512],[105.526042,21.105055],[105.525865,21.105],[105.525683,21.10496],[105.5255,21.10493],[105.525318,21.104905],[105.52513,21.1049],[105.524942,21.1049],[105.52476,21.104915],[105.524572,21.10494],[105.52439,21.104975],[105.524213,21.10502],[105.517384,21.107012],[105.516885,21.107177],[105.516402,21.107372],[105.51593,21.107598],[105.515474,21.107853],[105.515045,21.108138],[105.512266,21.110745]],[[105.535097,21.102238],[105.530033,21.105346],[105.529931,21.105401]],[[105.526906,21.105401],[105.526219,21.10512],[105.526042,21.105055],[105.525865,21.105005],[105.525683,21.10496],[105.5255,21.10493],[105.525318,21.104905],[105.52513,21.1049],[105.524942,21.1049],[105.52476,21.104915],[105.524572,21.10494],[105.52439,21.104975],[105.524213,21.10502],[105.522909,21.105401]],[[105.535097,21.027078],[105.530494,21.026428],[105.530301,21.026393],[105.530108,21.026347],[105.52992,21.026287],[105.529738,21.026217],[105.521176,21.022582]],[[105.523065,21.023383],[105.520833,21.022437],[105.520645,21.022367],[105.520458,21.022307],[105.52027,21.022256],[105.520071,21.022226],[105.519878,21.022201],[105.51968,21.022196],[105.512266,21.022101]],[[105.55707,21.093024],[105.54434,21.098254],[105.544227,21.098299],[105.544104,21.098339],[105.538992,21.099956],[105.53882,21.100016],[105.538648,21.100086],[105.538487,21.100166],[105.538332,21.100256],[105.534239,21.102763]],[[105.55707,21.043877],[105.556903,21.043867],[105.556721,21.043842],[105.556544,21.043812],[105.556367,21.043767],[105.55619,21.043712],[105.556024,21.043651],[105.555857,21.043576],[105.555696,21.043491],[105.554983,21.043091]],[[105.55707,21.043877],[105.556903,21.043867],[105.556721,21.043842],[105.556544,21.043812],[105.556367,21.043767],[105.55619,21.043712],[105.556024,21.043651],[105.555857,21.043576],[105.555696,21.043491],[105.552827,21.041879],[105.552671,21.041784],[105.552526,21.041684],[105.552387,21.041574],[105.552258,21.041459],[105.552135,21.041333],[105.552016,21.041203],[105.544469,21.031965],[105.544351,21.03183],[105.544227,21.031705],[105.544093,21.03159],[105.543954,21.03148],[105.543804,21.031375],[105.543653,21.031284],[105.536926,21.027539],[105.536765,21.027454],[105.536599,21.027379],[105.536427,21.027319],[105.53625,21.027264],[105.536068,21.027224],[105.535886,21.027189],[105.534239,21.026958]],[[105.575561,21.227542],[105.579042,21.236382]],[[105.574295,21.207059],[105.574912,21.225902],[105.575877,21.228342]],[[105.57363,21.186573],[105.574322,21.207859]],[[105.572959,21.166084],[105.573651,21.187373]],[[105.577964,21.145592],[105.576054,21.15065],[105.572739,21.159435],[105.572981,21.166884]],[[105.575207,21.152891],[105.572739,21.159435]],[[105.579042,21.14273],[105.577658,21.146392]],[[105.571902,21.0841],[105.571897,21.084265],[105.571865,21.08457],[105.571811,21.084875],[105.571736,21.085176],[105.571634,21.085471],[105.571516,21.085756],[105.571377,21.086037],[105.571216,21.086307],[105.571039,21.086567],[105.57084,21.086813],[105.570626,21.087048],[105.57039,21.087263],[105.570143,21.087468],[105.56988,21.087653],[105.569606,21.087824],[105.569322,21.087979],[105.569027,21.088109],[105.556211,21.093379]],[[105.572594,21.0841],[105.579042,21.098384]],[[105.571484,21.081647],[105.5718,21.083034],[105.571859,21.083339],[105.571892,21.083644],[105.571908,21.083955],[105.571897,21.084265],[105.571865,21.08457],[105.571811,21.084875],[105.571806,21.084901]],[[105.571484,21.081647],[105.572396,21.083664],[105.572954,21.084901]],[[105.572122,21.076992],[105.572042,21.077097],[105.571849,21.077352],[105.571677,21.077623],[105.571522,21.077903],[105.571393,21.078193],[105.57128,21.078494],[105.571194,21.078799],[105.57113,21.079104],[105.571092,21.07942],[105.571071,21.07973],[105.571082,21.080045],[105.571108,21.080361],[105.571162,21.080671],[105.571237,21.080976],[105.571334,21.081277],[105.571452,21.081572],[105.571484,21.081647]],[[105.572122,21.076992],[105.57194,21.077237],[105.571774,21.077493],[105.571629,21.077753],[105.5715,21.078023],[105.571393,21.078303],[105.571307,21.078589],[105.571237,21.078879],[105.571189,21.079174],[105.571162,21.07947],[105.571157,21.079765],[105.571167,21.08006],[105.571205,21.080356],[105.571259,21.080651],[105.571484,21.081647]],[[105.579042,21.068357],[105.572122,21.076992]],[[105.579042,21.068357],[105.572122,21.076992]],[[105.579042,21.044943],[105.573469,21.043311],[105.573297,21.043266],[105.573125,21.043231],[105.572954,21.043206],[105.572782,21.043191],[105.572605,21.043186],[105.565047,21.043186],[105.557456,21.043867],[105.557268,21.043877],[105.557086,21.043877],[105.556903,21.043867],[105.556721,21.043842],[105.556544,21.043812],[105.556367,21.043767],[105.556211,21.043722]],[[105.575454,21.043892],[105.573469,21.043311],[105.573297,21.043266],[105.573125,21.043231],[105.572954,21.043206],[105.572782,21.043191],[105.572605,21.043186],[105.565047,21.043186],[105.557456,21.043867],[105.557268,21.043877],[105.557086,21.043877],[105.556903,21.043867],[105.556721,21.043842],[105.556544,21.043812],[105.556367,21.043767],[105.556211,21.043722]],[[105.582808,21.288974],[105.582122,21.298381]],[[105.584305,21.2685],[105.582755,21.289774]],[[105.578184,21.234202],[105.58394,21.248822]],[[105.583629,21.248022],[105.585458,21.252672],[105.584246,21.2693]],[[105.581848,21.1046],[105.583431,21.108098],[105.585142,21.125898]],[[105.585067,21.125097],[105.585195,21.126423],[105.578184,21.145007]],[[105.578184,21.096482],[105.582207,21.105401]],[[105.601015,21.045324],[105.581183,21.045434],[105.581006,21.045429],[105.580823,21.045419],[105.580652,21.045394],[105.580475,21.045359],[105.580303,21.045314],[105.578184,21.044693]],[[105.5871,21.058305],[105.582218,21.064398]],[[105.5871,21.058305],[105.582218,21.064398]],[[105.601015,21.046786],[105.600945,21.046921],[105.60087,21.047091],[105.600811,21.047261],[105.599395,21.051832],[105.599331,21.052007],[105.599261,21.052178],[105.599175,21.052338],[105.599079,21.052498],[105.598966,21.052653],[105.598848,21.052798],[105.598719,21.052933],[105.59858,21.053064],[105.59446,21.056633],[105.594315,21.056748],[105.594165,21.056858],[105.594004,21.056954],[105.593837,21.057044],[105.593666,21.057119],[105.593489,21.057189],[105.593312,21.057244],[105.593124,21.057289],[105.592936,21.057319],[105.592749,21.057344],[105.592561,21.057349],[105.592368,21.057349],[105.589541,21.057224],[105.589342,21.057224],[105.589138,21.057234],[105.58894,21.057259],[105.588747,21.057294],[105.588548,21.057344],[105.58836,21.057404],[105.588178,21.057479],[105.588001,21.057564],[105.587829,21.057664],[105.587663,21.05777],[105.587507,21.05789],[105.587363,21.05802],[105.587223,21.058155],[105.5871,21.058305]],[[105.582857,21.063597],[105.578184,21.069428]],[[105.582857,21.063597],[105.578184,21.069428]],[[105.603569,21.045314],[105.600157,21.045329]],[[105.603569,21.045314],[105.60337,21.045319],[105.603177,21.045339],[105.602984,21.045369],[105.602796,21.045414],[105.602614,21.045469],[105.602431,21.045539],[105.602254,21.045614],[105.602088,21.045704],[105.601922,21.045804],[105.601766,21.045914],[105.601621,21.046035],[105.601482,21.046165],[105.601353,21.0463],[105.601235,21.046445],[105.601128,21.046595],[105.601031,21.046756],[105.600945,21.046921],[105.60087,21.047091],[105.600811,21.047261],[105.600157,21.049374]],[[105.604218,21.045309],[105.603569,21.045314]],[[105.60432,21.045309],[105.603569,21.045314]],[[105.604218,21.045309],[105.603569,21.045314]],[[105.60432,21.045309],[105.604218,21.045309]],[[105.615333,21.045244],[105.604218,21.045309]],[[105.615333,21.045244],[105.60432,21.045309]],[[105.622988,21.045474],[105.615445,21.045249],[105.615333,21.045244]],[[105.64496,21.045619],[105.641554,21.046535],[105.641248,21.04661],[105.640932,21.04666],[105.640615,21.046695],[105.640299,21.04671],[105.633314,21.046801],[105.633035,21.046796],[105.632762,21.046776],[105.632483,21.046746],[105.624334,21.045514],[105.622129,21.045449]],[[105.666933,21.045654],[105.655947,21.043256],[105.655646,21.043201],[105.655346,21.043166],[105.65504,21.043146],[105.65474,21.043141],[105.654434,21.043156],[105.654128,21.043191],[105.653828,21.043246],[105.653533,21.043316],[105.644102,21.045849]],[[105.658854,21.043892],[105.655947,21.043256],[105.655646,21.043201],[105.655346,21.043166],[105.65504,21.043146],[105.65474,21.043141],[105.654434,21.043156],[105.654128,21.043191],[105.653828,21.043246],[105.653533,21.043316],[105.651387,21.043892]],[[105.688906,21.045894],[105.669293,21.04604],[105.669009,21.046035],[105.668725,21.046015],[105.668446,21.045974],[105.668167,21.045924],[105.666075,21.045464]],[[105.710878,21.046115],[105.691089,21.045879],[105.691025,21.045879],[105.688047,21.045899]],[[105.690091,21.045884],[105.690075,21.043091]],[[105.690081,21.043892],[105.690048,21.038469]],[[105.732851,21.04638],[105.71002,21.046105]],[[105.754824,21.046645],[105.731993,21.04637]],[[105.776796,21.04623],[105.776721,21.04623],[105.776426,21.04624],[105.776131,21.04627],[105.775841,21.046315],[105.775557,21.04638],[105.775273,21.04646],[105.774999,21.04656],[105.774731,21.04668],[105.774474,21.046811],[105.774227,21.046961],[105.766701,21.051877],[105.76654,21.051972],[105.766368,21.052062],[105.766196,21.052137],[105.766014,21.052208],[105.765831,21.052258],[105.765644,21.052303],[105.765456,21.052333],[105.765263,21.052353],[105.76507,21.052363],[105.764877,21.052358],[105.764689,21.052338],[105.764496,21.052313],[105.764308,21.052273],[105.764126,21.052218],[105.763943,21.052152],[105.763772,21.052077],[105.7636,21.051992],[105.763439,21.051897],[105.763278,21.051792],[105.763133,21.051677],[105.758321,21.047917],[105.757431,21.047221],[105.757281,21.047116],[105.757125,21.047026],[105.756959,21.046941],[105.756787,21.046871],[105.756615,21.046806],[105.756438,21.046756],[105.756256,21.04671],[105.756074,21.04668],[105.755886,21.04666],[105.755703,21.046655],[105.753965,21.046635]],[[105.768707,21.025005],[105.768723,21.025096],[105.768728,21.025151],[105.768723,21.025211],[105.768707,21.025271],[105.768685,21.025326],[105.768659,21.025376],[105.768621,21.025426],[105.768583,21.025471],[105.768535,21.025511],[105.768481,21.025541],[105.768428,21.025571],[105.768369,21.025591],[105.76831,21.025601],[105.768245,21.025611],[105.768181,21.025606],[105.768122,21.025601],[105.768058,21.025581],[105.768004,21.025561],[105.76795,21.025531],[105.767897,21.025496],[105.767854,21.025451],[105.767816,21.025406],[105.767784,21.025356],[105.767757,21.025301],[105.767741,21.025246],[105.76773,21.025186],[105.767725,21.025131],[105.76773,21.025071],[105.767747,21.025011],[105.767768,21.024955],[105.767795,21.024905],[105.767827,21.024855],[105.76787,21.02481],[105.767918,21.02477],[105.767967,21.02474],[105.768026,21.02471],[105.768085,21.02469],[105.768144,21.024675],[105.768208,21.02467],[105.768272,21.024675],[105.768331,21.02468],[105.76839,21.0247],[105.768449,21.02472],[105.768503,21.02475],[105.768557,21.024785],[105.7686,21.02483],[105.768637,21.024875],[105.768669,21.024925],[105.768707,21.025005]],[[105.775777,21.021716],[105.775793,21.021801],[105.775799,21.021861],[105.775793,21.021921],[105.775777,21.021976],[105.775756,21.022031],[105.775729,21.022086],[105.775697,21.022136],[105.775654,21.022176],[105.775605,21.022216],[105.775557,21.022251],[105.775498,21.022277],[105.775439,21.022302],[105.77538,21.022312],[105.775316,21.022317],[105.775251,21.022317],[105.775192,21.022307],[105.775133,21.022292],[105.775074,21.022266],[105.775021,21.022241],[105.774967,21.022201],[105.774924,21.022161],[105.774887,21.022116],[105.774854,21.022066],[105.774828,21.022011],[105.774812,21.021956],[105.774801,21.021896],[105.774795,21.021836],[105.774801,21.021781],[105.774817,21.021721],[105.774838,21.021666],[105.774865,21.021611],[105.774897,21.021565],[105.77494,21.02152],[105.774989,21.02148],[105.775042,21.021445],[105.775096,21.02142],[105.775155,21.0214],[105.775214,21.021385],[105.775278,21.02138],[105.775343,21.02138],[105.775402,21.02139],[105.775461,21.021405],[105.77552,21.02143],[105.775573,21.02146],[105.775627,21.021495],[105.77567,21.021535],[105.775707,21.02158],[105.77574,21.021636],[105.775777,21.021716]],[[105.798769,21.045799],[105.794681,21.046035],[105.794536,21.04604],[105.776721,21.04623],[105.776426,21.04624],[105.776131,21.04627],[105.775938,21.0463]],[[105.803602,21.022582],[105.803576,21.022647],[105.803517,21.022827],[105.803468,21.023008],[105.803436,21.023193],[105.803415,21.023383],[105.803409,21.023568],[105.803415,21.024269],[105.80342,21.024445],[105.803441,21.024615],[105.803474,21.02479],[105.803517,21.02496],[105.80357,21.025131],[105.803635,21.025291],[105.803919,21.025922],[105.803983,21.026092],[105.804042,21.026262],[105.804085,21.026438],[105.804117,21.026618],[105.804133,21.026798],[105.804139,21.026978],[105.804133,21.027159],[105.804112,21.027339],[105.80408,21.027514],[105.804037,21.027689],[105.803978,21.02786],[105.803908,21.02803],[105.803828,21.028195],[105.803736,21.02835],[105.803629,21.028501],[105.803517,21.028646],[105.803393,21.028786],[105.803259,21.028916],[105.803114,21.029036],[105.802964,21.029146],[105.801682,21.030038],[105.801526,21.030153],[105.801381,21.030273],[105.801247,21.030408],[105.801119,21.030553],[105.801001,21.030704],[105.800899,21.030859],[105.800802,21.031024],[105.800722,21.031194],[105.800657,21.03137],[105.800598,21.031545],[105.800555,21.031725],[105.800529,21.03191],[105.800512,21.032096],[105.800512,21.032281],[105.800523,21.032466],[105.80055,21.032651],[105.800588,21.032832],[105.800636,21.033012],[105.8007,21.033187],[105.802031,21.036427],[105.80209,21.036597],[105.802143,21.036767],[105.802181,21.036942],[105.802208,21.037123],[105.802218,21.037298],[105.802218,21.037478],[105.802154,21.039521],[105.802047,21.043141],[105.802031,21.043321],[105.802009,21.043501],[105.801966,21.043681],[105.801918,21.043857],[105.801907,21.043892]],[[105.802047,21.043091],[105.802047,21.043141],[105.802031,21.043321],[105.802009,21.043501],[105.801966,21.043681],[105.801918,21.043857],[105.801854,21.044027],[105.801778,21.044197],[105.801693,21.044362],[105.801591,21.044518],[105.801483,21.044668],[105.801365,21.044808],[105.801231,21.044943],[105.801092,21.045073],[105.800947,21.045188],[105.800786,21.045299],[105.800625,21.045394],[105.800453,21.045484],[105.800276,21.045559],[105.800094,21.045624],[105.799912,21.045679],[105.799724,21.045719],[105.799531,21.045749],[105.799338,21.045764],[105.797911,21.045849]],[[105.820742,21.016263],[105.820634,21.016248],[105.820436,21.016202],[105.820243,21.016152],[105.820071,21.016102],[105.819894,21.016062],[105.819712,21.016037],[105.819529,21.016017],[105.819352,21.016012],[105.81917,21.016017],[105.816268,21.016172],[105.816091,21.016187],[105.815919,21.016212],[105.815747,21.016248],[105.815576,21.016293],[105.815409,21.016343],[105.815248,21.016408],[105.815093,21.016478],[105.806349,21.020784],[105.805759,21.020889],[105.80556,21.020935],[105.805367,21.020985],[105.805179,21.021055],[105.805002,21.02113],[105.804825,21.02122],[105.804654,21.021325],[105.804493,21.021435],[105.804343,21.02156],[105.804198,21.021691],[105.804069,21.021831],[105.803946,21.021981],[105.803833,21.022136],[105.803736,21.022302],[105.803651,21.022472],[105.803576,21.022647],[105.803517,21.022827],[105.803468,21.023008],[105.803436,21.023198],[105.803415,21.023383]],[[105.840257,21.00207],[105.840241,21.002075],[105.84007,21.002166],[105.839909,21.002266],[105.839759,21.002371],[105.839614,21.002491],[105.839474,21.002616],[105.839351,21.002752],[105.839233,21.002897],[105.834067,21.009602],[105.83396,21.009733],[105.833842,21.009863],[105.833713,21.009978],[105.833579,21.010093],[105.833439,21.010193],[105.833294,21.010288],[105.833139,21.010379],[105.822399,21.016027],[105.822212,21.016102],[105.822024,21.016162],[105.821831,21.016212],[105.821632,21.016253],[105.821434,21.016278],[105.821235,21.016288],[105.821031,21.016288],[105.820833,21.016273],[105.820634,21.016248],[105.820436,21.016202],[105.820243,21.016152],[105.820071,21.016102],[105.819894,21.016062],[105.819883,21.016062]],[[105.842714,21.001825],[105.841722,21.001775],[105.841534,21.001775],[105.841341,21.00178],[105.841148,21.0018],[105.84096,21.001835],[105.840772,21.00188],[105.84059,21.001935],[105.840413,21.002],[105.840241,21.002075],[105.84007,21.002166],[105.839909,21.002266],[105.839759,21.002371],[105.839614,21.002491],[105.839474,21.002616],[105.839351,21.002752],[105.839249,21.002872]],[[105.864687,20.993872],[105.859253,20.995284],[105.859065,20.995324],[105.858877,20.995354],[105.85869,20.995375],[105.858496,20.99538],[105.855648,20.995395],[105.852258,20.995775],[105.85207,20.9958],[105.851877,20.99584],[105.851694,20.99589],[105.851512,20.995955],[105.851335,20.996026],[105.851163,20.996111],[105.851002,20.996206],[105.850847,20.996311],[105.850697,20.996426],[105.850552,20.996551],[105.850423,20.996687],[105.8503,20.996827],[105.850187,20.996972],[105.85009,20.997127],[105.849999,20.997288],[105.849919,20.997453],[105.849854,20.997623],[105.849801,20.997798],[105.849763,20.997974],[105.849731,20.998154],[105.849715,20.998334],[105.849715,20.99852],[105.849726,20.9987],[105.849747,20.99888],[105.84972,20.998725],[105.849747,20.998905],[105.849758,20.999091],[105.849752,20.999271],[105.849736,20.999456],[105.84971,20.999636],[105.849667,20.999817],[105.849608,20.999992],[105.849543,21.000162],[105.849463,21.000333],[105.849372,21.000493],[105.849264,21.000648],[105.849152,21.000798],[105.849028,21.000939],[105.848894,21.001074],[105.848749,21.001194],[105.848594,21.001309],[105.848433,21.001414],[105.848266,21.00151],[105.848089,21.001595],[105.847912,21.001665],[105.84773,21.001725],[105.847537,21.001775],[105.847349,21.00181],[105.847156,21.001835],[105.846958,21.001845],[105.844495,21.001915],[105.841856,21.001785]],[[105.88666,20.987071],[105.885705,20.988368],[105.885506,20.988618],[105.885286,20.988859],[105.885056,20.989079],[105.884804,20.989289],[105.884541,20.98948],[105.884262,20.98965],[105.883972,20.989805],[105.883672,20.98994],[105.883361,20.990056],[105.883044,20.990151],[105.872439,20.99293],[105.872256,20.992971],[105.872063,20.993001],[105.871875,20.993021],[105.871682,20.993031],[105.868244,20.993046],[105.86805,20.993056],[105.867863,20.993071],[105.867675,20.993101],[105.867487,20.993146],[105.863829,20.994092]],[[105.908632,20.974699],[105.900629,20.978175],[105.896198,20.982357]],[[105.897045,20.981556],[105.896101,20.982448],[105.892882,20.983129],[105.889159,20.984757],[105.888875,20.984892],[105.888602,20.985047],[105.888344,20.985212],[105.888092,20.985398],[105.887856,20.985598],[105.887636,20.985813],[105.887427,20.986044],[105.887239,20.986284],[105.885801,20.988238]],[[105.918122,20.972961],[105.918068,20.972951],[105.917875,20.972921],[105.917677,20.972901],[105.917478,20.972891],[105.91728,20.972896],[105.91257,20.973191],[105.912393,20.973206],[105.912221,20.973231],[105.912049,20.973266],[105.911878,20.973316],[105.911711,20.973372],[105.911551,20.973437],[105.907774,20.975075]],[[105.918084,20.972976],[105.918122,20.972961]],[[105.930605,20.975756],[105.927987,20.973812],[105.927832,20.973702],[105.927671,20.973607],[105.927499,20.973517],[105.927327,20.973442],[105.927145,20.973377],[105.926962,20.973321],[105.926775,20.973281],[105.926582,20.973251],[105.926389,20.973231],[105.926195,20.973226],[105.926002,20.973231],[105.925809,20.973251],[105.925621,20.973281],[105.925434,20.973326],[105.925246,20.973382],[105.925063,20.973447],[105.922998,20.974273],[105.922821,20.974338],[105.922639,20.974393],[105.922451,20.974438],[105.922263,20.974469],[105.92207,20.974489],[105.921882,20.974494],[105.92163,20.974494],[105.921432,20.974489],[105.921233,20.974469],[105.921035,20.974438],[105.920842,20.974393],[105.920649,20.974338],[105.920466,20.974268],[105.920284,20.974188],[105.920112,20.974098],[105.919946,20.973993],[105.919785,20.973877],[105.919302,20.973507],[105.919147,20.973397],[105.91898,20.973291],[105.918809,20.973201],[105.918632,20.973121],[105.918449,20.973051],[105.918261,20.972996],[105.918122,20.972961],[105.930605,20.967711]],[[105.918331,20.972796],[105.930605,20.967631]],[[105.952578,21.00821],[105.952014,21.007709],[105.95188,21.007599],[105.951741,21.007499],[105.947669,21.00469],[105.944842,21.003383],[105.94467,21.003297],[105.944504,21.003202],[105.944349,21.003092],[105.944198,21.002977],[105.944059,21.002852],[105.94393,21.002716],[105.943807,21.002576],[105.943694,21.002426],[105.943598,21.002271],[105.943506,21.002105],[105.94349,21.00207]],[[105.938491,20.982357],[105.937842,20.981346],[105.937745,20.98121],[105.937643,20.98108],[105.937536,20.980955],[105.937418,20.98084],[105.937294,20.98073],[105.93716,20.980624],[105.929747,20.975115]],[[105.929747,20.968072],[105.931233,20.967446],[105.931453,20.96727]],[[105.929747,20.967992],[105.931453,20.96727],[105.939365,20.961039]],[[105.931453,20.96727],[105.931479,20.96726],[105.939376,20.961039]],[[105.938346,20.96184],[105.942332,20.958704],[105.942369,20.958674],[105.952578,20.950338]],[[105.938357,20.96184],[105.942573,20.958519],[105.942611,20.958489],[105.952578,20.950358]],[[105.94408,21.002872],[105.944059,21.002852],[105.94393,21.002716],[105.943807,21.002576],[105.943694,21.002426],[105.943598,21.002271],[105.943506,21.002105],[105.943431,21.00194],[105.943367,21.001765],[105.943313,21.00159],[105.943276,21.001414],[105.943249,21.001234],[105.943233,21.001049],[105.943233,21.000868],[105.943244,21.000688],[105.94327,21.000503],[105.943308,21.000328],[105.943362,21.000152],[105.943426,20.999977],[105.943501,20.999812],[105.943587,20.999646],[105.943689,20.999491],[105.943796,20.999341],[105.943919,20.999196],[105.944778,20.998244],[105.945813,20.9958],[105.945877,20.995635],[105.945931,20.995465],[105.945969,20.995289],[105.946001,20.995109],[105.946012,20.994934],[105.946017,20.994753],[105.946006,20.994578],[105.945985,20.994398],[105.945953,20.994223],[105.945904,20.994052],[105.945845,20.993882],[105.945776,20.993717],[105.945695,20.993556],[105.945598,20.993396],[105.937976,20.981556]],[[105.97455,21.023473],[105.972142,21.022582]],[[105.974314,21.023383],[105.971385,21.022302],[105.964648,21.019542],[105.964347,21.019412],[105.964057,21.019257],[105.963778,21.019082],[105.96351,21.018891],[105.963264,21.018686],[105.963027,21.018461],[105.962808,21.01822],[105.960989,21.016082],[105.960791,21.015862],[105.960581,21.015657],[105.960356,21.015466],[105.956472,21.012352],[105.956241,21.012156],[105.956027,21.011941],[105.955823,21.011716],[105.955635,21.01148],[105.95475,21.010273],[105.9546,21.010078],[105.954439,21.009893],[105.954267,21.009718],[105.95409,21.009547],[105.952014,21.007709],[105.95188,21.007599],[105.951741,21.007499],[105.951719,21.007484]],[[105.951719,20.95104],[105.95349,20.949597],[105.953645,20.949477],[105.953693,20.949447]],[[105.951719,20.951055],[105.953693,20.949447],[105.953736,20.949412],[105.953887,20.949296],[105.954047,20.949186],[105.954219,20.949091],[105.954391,20.949006],[105.954573,20.948936],[105.954761,20.94887],[105.954949,20.94882],[105.955142,20.948785],[105.955335,20.94876],[105.955533,20.94875],[105.955732,20.94875],[105.955925,20.94876],[105.956118,20.948785],[105.956311,20.948825],[105.962813,20.950318],[105.962958,20.950348],[105.97455,20.952427]],[[105.953693,20.949447],[105.953806,20.949371],[105.953972,20.949276],[105.954149,20.949191],[105.954326,20.949116],[105.954514,20.949056],[105.954702,20.949006],[105.954895,20.948971],[105.955094,20.948946],[105.955287,20.948931],[105.955485,20.948931],[105.955678,20.948946],[105.955877,20.948971],[105.95607,20.949006],[105.962572,20.950504],[105.962711,20.950529],[105.97455,20.952653]],[[105.996523,21.026603],[105.993927,21.026007],[105.993669,21.025952],[105.993406,21.025912],[105.993143,21.025887],[105.99288,21.025877],[105.981261,21.025646],[105.980982,21.025636],[105.980698,21.025606],[105.980419,21.025561],[105.980145,21.025501],[105.979872,21.025426],[105.979604,21.025336],[105.973692,21.023153]],[[105.974314,21.023383],[105.973692,21.023153]],[[105.98912,20.961039],[105.989335,20.961109],[105.989705,20.961204],[105.99008,20.961274],[105.990466,20.961324],[105.990847,20.961349],[105.991234,20.961349],[105.99162,20.961324],[105.992001,20.961274],[105.992376,20.961204],[105.992752,20.961109],[105.992961,20.961039]],[[105.988385,20.961039],[105.988723,20.961174],[105.989088,20.961294],[105.989458,20.96139],[105.989839,20.96146],[105.99022,20.96151],[105.990606,20.96153],[105.990987,20.96153],[105.991373,20.96151],[105.991754,20.96146],[105.992135,20.96139],[105.992505,20.961289],[105.99287,20.961174],[105.993208,20.961039]],[[105.973692,20.952272],[105.97786,20.953019],[105.978037,20.953059],[105.978214,20.953109],[105.978391,20.953169],[105.978557,20.953234],[105.978724,20.953314],[105.978879,20.953404],[105.979035,20.953505],[105.97918,20.953615],[105.987318,20.960072],[105.987618,20.960297],[105.98794,20.960503],[105.988272,20.960683],[105.988616,20.960849],[105.98897,20.960989],[105.989335,20.961109],[105.989705,20.961204],[105.99008,20.961274],[105.990466,20.961324],[105.990847,20.961349],[105.991234,20.961349],[105.99162,20.961324],[105.992001,20.961274],[105.992376,20.961204],[105.992752,20.961109],[105.993111,20.960989],[105.993471,20.960849],[105.993814,20.960683],[105.994146,20.960498],[105.996523,20.959075]],[[105.973692,20.952503],[105.977613,20.953204],[105.97779,20.953244],[105.977973,20.953289],[105.978144,20.953349],[105.978316,20.953419],[105.978477,20.953499],[105.978638,20.95359],[105.978788,20.95369],[105.978933,20.953795],[105.987071,20.960257],[105.987377,20.960478],[105.987693,20.960683],[105.988026,20.960869],[105.988369,20.961034],[105.988723,20.961174],[105.989088,20.961294],[105.989458,20.96139],[105.989839,20.96146],[105.99022,20.96151],[105.990606,20.96153],[105.990987,20.96153],[105.991373,20.96151],[105.991754,20.96146],[105.992135,20.96139],[105.992505,20.961289],[105.99287,20.961174],[105.993224,20.961034],[105.993567,20.960869],[105.9939,20.960683],[105.996523,20.95911]],[[106.000868,21.027604],[105.995665,21.026408]],[[106.000895,21.027609],[106.018496,21.031665]],[[105.995665,20.959591],[106.01812,20.946125],[106.018496,20.94601]],[[105.995665,20.959626],[106.017873,20.94631],[106.018496,20.946115]],[[106.017637,21.031465],[106.019456,21.031885],[106.036016,21.033598],[106.040468,21.03487]],[[106.017637,20.946416],[106.01812,20.946125],[106.035479,20.940699],[106.036075,20.940519]],[[106.017637,20.946456],[106.017873,20.94631],[106.035233,20.94088],[106.03645,20.940519]],[[106.033489,20.94132],[106.035479,20.940699],[106.040468,20.939206]],[[106.033832,20.94132],[106.035233,20.94088],[106.040468,20.939316]],[[106.03961,21.034624],[106.046712,21.036652],[106.047018,21.036727],[106.047324,21.036787],[106.047635,21.036827],[106.047952,21.036847],[106.048263,21.036847],[106.048579,21.036827],[106.062441,21.035565]],[[106.03961,20.939462],[106.054459,20.935023],[106.062441,20.932823]],[[106.03961,20.939572],[106.054217,20.935203],[106.062441,20.932938]]]}},{"type":"Feature","properties":{"name":"Tuyến metro số 9","line":"M9","color":"#3949AB","status":"planned"},"geometry":{"type":"MultiLineString","coordinates":[[[105.666799,21.208904],[105.666933,21.208604]],[[105.666799,21.208904],[105.66704,21.208354],[105.667319,21.207824],[105.66763,21.207309],[105.667807,21.207059]],[[105.667303,21.207859],[105.667319,21.207824],[105.66763,21.207309],[105.667974,21.206814],[105.668355,21.206338],[105.668762,21.205888],[105.669197,21.205463],[105.66983,21.204883],[105.682544,21.193245],[105.688734,21.187583],[105.688906,21.187418]],[[105.688047,21.188208],[105.688734,21.187583],[105.689802,21.186573]],[[105.702317,21.186573],[105.702392,21.186623],[105.702564,21.186718],[105.702741,21.186803],[105.702923,21.186873],[105.703116,21.186938],[105.703304,21.186983],[105.703502,21.187018],[105.703701,21.187043],[105.703899,21.187053],[105.704098,21.187048],[105.704296,21.187033],[105.704495,21.187008],[105.704688,21.186963],[105.704876,21.186913],[105.705063,21.186843],[105.705761,21.186573]],[[105.688954,21.187373],[105.69272,21.183812],[105.69287,21.183686],[105.69302,21.183566],[105.693187,21.183456],[105.693353,21.183361],[105.69353,21.183276],[105.693712,21.183201],[105.6939,21.183136],[105.694093,21.183086],[105.694292,21.183051],[105.694485,21.183026],[105.694683,21.183011],[105.69522,21.183011],[105.695756,21.183046],[105.696293,21.183111],[105.696818,21.183206],[105.697339,21.183336],[105.697848,21.183491],[105.698342,21.183681],[105.69883,21.183902],[105.699297,21.184147],[105.699747,21.184422],[105.700176,21.184722],[105.700268,21.184787],[105.700906,21.185332],[105.701925,21.186272],[105.702075,21.186398],[105.702231,21.186518],[105.702392,21.186623],[105.702564,21.186718],[105.702741,21.186803],[105.702923,21.186873],[105.703116,21.186938],[105.703304,21.186983],[105.703502,21.187018],[105.703701,21.187043],[105.703899,21.187053],[105.704098,21.187048],[105.704296,21.187033],[105.704495,21.187008],[105.704688,21.186963],[105.704876,21.186913],[105.705063,21.186843],[105.710878,21.184577]],[[105.71002,21.184912],[105.713233,21.183661],[105.713759,21.183436],[105.714274,21.183176],[105.714768,21.182891],[105.715245,21.182576],[105.715696,21.182231],[105.716119,21.181861],[105.716591,21.181421],[105.718083,21.18005],[105.730088,21.169],[105.730362,21.16877],[105.730646,21.168555],[105.730947,21.16836],[105.731258,21.168185],[105.731585,21.16803],[105.731918,21.167895],[105.732266,21.16778],[105.732615,21.167689],[105.732851,21.167644]],[[105.731993,21.16787],[105.732266,21.16778],[105.732615,21.167689],[105.732974,21.167619],[105.733339,21.167574],[105.733704,21.167554],[105.734069,21.167554],[105.74668,21.167975],[105.754824,21.16825]],[[105.753965,21.16822],[105.770321,21.168765],[105.772569,21.16884],[105.774661,21.16891],[105.774989,21.168935],[105.77531,21.168975],[105.775627,21.169035],[105.775943,21.16912],[105.776249,21.16922],[105.77655,21.169345],[105.776796,21.16946]],[[105.775938,21.16912],[105.775943,21.16912],[105.776249,21.16922],[105.77655,21.169345],[105.776839,21.169485],[105.777118,21.16964],[105.777386,21.16982],[105.777644,21.170011],[105.77788,21.170221],[105.778105,21.170441],[105.778314,21.170681],[105.778502,21.170926],[105.778674,21.171191],[105.778824,21.171461],[105.778958,21.171741],[105.779071,21.172027],[105.779157,21.172322],[105.779226,21.172622],[105.779275,21.172927],[105.779575,21.175443],[105.779602,21.175628],[105.779645,21.175808],[105.779698,21.175988],[105.779768,21.176163],[105.779849,21.176333],[105.77994,21.176494],[105.780047,21.176654],[105.78016,21.176804],[105.780289,21.176949],[105.780428,21.177084],[105.780573,21.177209],[105.780728,21.177324],[105.780889,21.177429],[105.781061,21.177524],[105.781238,21.177604],[105.78142,21.177679],[105.781608,21.177739],[105.781801,21.177784],[105.781994,21.177819],[105.782193,21.177844],[105.782391,21.177854],[105.78259,21.177849],[105.782783,21.177834],[105.782982,21.177804],[105.783175,21.177764],[105.783362,21.177714],[105.798769,21.172862]],[[105.797911,21.173132],[105.803731,21.171296],[105.804031,21.171191],[105.804321,21.171071],[105.804605,21.170931],[105.804879,21.170771],[105.805137,21.170596],[105.805383,21.170406],[105.805614,21.170201],[105.805834,21.169981],[105.806032,21.169745],[105.80622,21.1695],[105.806386,21.169245],[105.806537,21.16898],[105.806665,21.168705],[105.806773,21.168425],[105.806864,21.168135],[105.807422,21.166084]],[[105.807207,21.166884],[105.809053,21.160106],[105.809149,21.159805],[105.809262,21.15951],[105.809401,21.15922],[105.809562,21.158945],[105.809739,21.15868],[105.809938,21.158425],[105.810158,21.158184],[105.810388,21.157959],[105.81064,21.157749],[105.810909,21.157559],[105.811188,21.157384],[105.811477,21.157229],[105.811778,21.157089],[105.812089,21.156974],[105.819266,21.154557],[105.820742,21.154062]],[[105.819883,21.154352],[105.824803,21.152696],[105.825039,21.152621],[105.82528,21.152561],[105.825527,21.152516],[105.82675,21.152326],[105.833053,21.15135],[105.833284,21.151305],[105.833509,21.15125],[105.833734,21.15118],[105.833949,21.151095],[105.834163,21.150995],[105.834367,21.15088],[105.83456,21.15076],[105.834748,21.15062],[105.834925,21.150475],[105.835091,21.150315],[105.835939,21.149449],[105.838385,21.146913],[105.838632,21.146683],[105.838895,21.146467],[105.839174,21.146272],[105.839469,21.146097],[105.839775,21.145937],[105.840086,21.145797],[105.840413,21.145682],[105.840719,21.145592]],[[105.839007,21.146392],[105.839174,21.146272],[105.839469,21.146097],[105.839775,21.145937],[105.840086,21.145797],[105.840413,21.145682],[105.840746,21.145582],[105.841084,21.145507],[105.841427,21.145457],[105.842714,21.145297]],[[105.841856,21.145402],[105.845375,21.144967],[105.849339,21.144476],[105.849581,21.144456],[105.849828,21.144446],[105.850074,21.144451],[105.850316,21.144466],[105.850557,21.144496],[105.850798,21.144541],[105.851474,21.144686],[105.85531,21.145507],[105.855439,21.145532],[105.855567,21.145547],[105.855702,21.145557],[105.855836,21.145557],[105.85597,21.145552],[105.856099,21.145537],[105.856233,21.145512],[105.860782,21.144411],[105.861066,21.144331],[105.86135,21.144236],[105.861629,21.144121],[105.861897,21.143991],[105.862155,21.143851],[105.862407,21.143691],[105.862643,21.143516],[105.862868,21.14333],[105.863083,21.14313],[105.864687,21.141529]],[[105.863829,21.142385],[105.869885,21.136341],[105.871108,21.13513],[105.872701,21.133544],[105.873608,21.132643],[105.873721,21.132538],[105.873839,21.132438],[105.873962,21.132343],[105.874096,21.132253],[105.874718,21.131857],[105.874869,21.131757],[105.875019,21.131642],[105.875153,21.131522],[105.876102,21.130627],[105.876435,21.130296],[105.877283,21.129481],[105.877438,21.129341],[105.87761,21.129205],[105.877782,21.129085],[105.877969,21.12898],[105.883194,21.126133],[105.883484,21.125963],[105.883763,21.125778],[105.884026,21.125573],[105.884278,21.125358],[105.884514,21.125127],[105.884541,21.125097]],[[105.88358,21.125898],[105.883763,21.125778],[105.884026,21.125573],[105.884278,21.125358],[105.884514,21.125127],[105.884734,21.124882],[105.884938,21.124627],[105.885093,21.124402],[105.885249,21.124147],[105.885394,21.123886],[105.885517,21.123616],[105.88563,21.123341],[105.885721,21.123061],[105.886171,21.121535],[105.886289,21.121179],[105.886429,21.120834],[105.886595,21.120499],[105.88666,21.120384]],[[105.901353,21.105401],[105.902141,21.10463],[105.906578,21.100296],[105.908632,21.098289]],[[105.885801,21.122786],[105.886171,21.121535],[105.886289,21.121179],[105.886429,21.120834],[105.886595,21.120499],[105.886783,21.120168],[105.886992,21.119858],[105.887223,21.119553],[105.887475,21.119268],[105.887749,21.118997],[105.889004,21.117826],[105.889041,21.117781],[105.889084,21.117741],[105.889117,21.117696],[105.889154,21.117646],[105.889181,21.117596],[105.889208,21.117546],[105.889272,21.117426],[105.889315,21.117346],[105.889363,21.117266],[105.889417,21.117191],[105.889481,21.117121],[105.889546,21.117051],[105.890608,21.115915],[105.895082,21.111506],[105.897399,21.109219],[105.897624,21.109009],[105.898365,21.108363],[105.900124,21.106592],[105.900312,21.106417],[105.902141,21.10463],[105.902174,21.1046]],[[105.907774,21.099125],[105.914142,21.092904],[105.914281,21.092779],[105.914426,21.092663],[105.914576,21.092558],[105.914737,21.092463],[105.914903,21.092378],[105.91508,21.092303],[105.915257,21.092243],[105.91544,21.092193],[105.915622,21.092153],[105.918342,21.091682],[105.918471,21.091657],[105.918594,21.091622],[105.918717,21.091582],[105.918835,21.091537],[105.918948,21.091482],[105.919061,21.091422],[105.919168,21.091352],[105.91927,21.091282],[105.919372,21.091202],[105.9214,21.089445],[105.925305,21.086072],[105.925546,21.085846],[105.925777,21.085606],[105.925986,21.085356],[105.926185,21.085091],[105.926362,21.084815],[105.926517,21.08453],[105.926743,21.0841]],[[105.926308,21.084901],[105.926362,21.084815],[105.926517,21.08453],[105.929006,21.07968],[105.929044,21.079615],[105.929087,21.07955],[105.92913,21.079485],[105.929183,21.079425],[105.930605,21.077838]],[[105.929747,21.078794],[105.937005,21.07069],[105.938507,21.069113],[105.940121,21.067636],[105.941833,21.066265],[105.945191,21.063802],[105.945454,21.063627],[105.945497,21.063597]],[[105.944381,21.064398],[105.945191,21.063802],[105.945454,21.063627],[105.945727,21.063461],[105.946012,21.063311],[105.946307,21.063181],[105.946607,21.063071],[105.946913,21.062976],[105.947229,21.062901],[105.947546,21.062841],[105.947868,21.062801],[105.949729,21.06268],[105.952578,21.0625]],[[105.951719,21.062555],[105.953876,21.062415],[105.953999,21.06241],[105.956606,21.06217],[105.957035,21.06214],[105.957379,21.062115],[105.970141,21.061299],[105.970312,21.061284],[105.970484,21.061254],[105.970656,21.061214],[105.970822,21.061164],[105.970983,21.061104],[105.971138,21.061034],[105.971294,21.060953],[105.971439,21.060863],[105.971578,21.060763],[105.971707,21.060658],[105.97183,21.060543],[105.971949,21.060418],[105.97205,21.060288],[105.972147,21.060147],[105.972233,21.060007],[105.972308,21.059857],[105.972372,21.059707],[105.972421,21.059547],[105.972463,21.059392],[105.97249,21.059226],[105.972512,21.059066],[105.972517,21.058901],[105.972506,21.058736],[105.972115,21.053654],[105.972061,21.053179],[105.971986,21.052708],[105.971256,21.048993],[105.971171,21.048473],[105.971117,21.047947],[105.97109,21.047416],[105.971037,21.043091]],[[105.971047,21.043892],[105.971004,21.040958],[105.971015,21.040372],[105.971069,21.039791],[105.971155,21.039215],[105.973043,21.029161],[105.973901,21.024935],[105.973917,21.024835],[105.973928,21.024735],[105.973928,21.02463],[105.973923,21.02453],[105.973912,21.02443],[105.97389,21.024325],[105.973864,21.024229],[105.973826,21.024129],[105.973783,21.024034],[105.973735,21.023944],[105.973681,21.023859],[105.973617,21.023774],[105.973547,21.023694],[105.973477,21.023618],[105.973397,21.023543],[105.973311,21.023478],[105.973225,21.023418],[105.973129,21.023368],[105.973032,21.023318],[105.972936,21.023278],[105.972834,21.023243],[105.9727,21.023203],[105.971342,21.022582]],[[105.973161,21.023383],[105.973129,21.023368],[105.973032,21.023318],[105.972936,21.023278],[105.972834,21.023243],[105.9727,21.023203],[105.971337,21.022582],[105.969765,21.021971],[105.969663,21.021931],[105.969561,21.021901],[105.969454,21.021876],[105.968054,21.02156],[105.967877,21.021515],[105.967705,21.02146],[105.967534,21.02139],[105.967367,21.02131],[105.967212,21.021225],[105.967062,21.021125],[105.966917,21.02102],[105.966412,21.020619],[105.965066,21.019738],[105.964798,21.019743],[105.964615,21.019743],[105.964433,21.019728],[105.964256,21.019703],[105.964079,21.019668],[105.963907,21.019618],[105.963736,21.019562],[105.963569,21.019492],[105.963408,21.019417],[105.963253,21.019327],[105.963103,21.019232],[105.962963,21.019122],[105.962829,21.019007],[105.962706,21.018886],[105.962588,21.018756],[105.96248,21.018616],[105.962389,21.018481],[105.962287,21.018371],[105.96218,21.018271],[105.962062,21.01817],[105.961939,21.018085],[105.96181,21.018],[105.961676,21.01793],[105.961536,21.017865],[105.961397,21.01781],[105.961246,21.01777],[105.961096,21.01773],[105.960946,21.017705],[105.960791,21.01769],[105.960635,21.017685],[105.960485,21.01769],[105.960329,21.017705],[105.960174,21.017725],[105.960023,21.01776],[105.959879,21.017805],[105.959734,21.017855],[105.959594,21.01792],[105.95946,21.01799],[105.959331,21.01807]],[[105.973692,21.025972],[105.973901,21.024935],[105.973917,21.024835],[105.973928,21.024735],[105.973928,21.02463],[105.973923,21.02453],[105.973912,21.02443],[105.97389,21.024325],[105.973864,21.024229],[105.973826,21.024129],[105.973783,21.024034],[105.973735,21.023944],[105.973692,21.023879]]]}}]}