{
  "type": "FeatureCollection",
  "features": [
    {
      "type": "Feature",
      "id": "qhc_1",
      "properties": {
        "name": "Khu dân cư hiện trạng chỉnh trang ODT-0-15",
        "district": "Huyện Sóc Sơn",
        "code": "ODT",
        "land_use": "Đất ở tại đô thị, phục vụ cải tạo chỉnh trang và xây mới nhà ở.",
        "area_ha": 629,
        "density": "55%",
        "height_limit": "3-7 tầng",
        "notes": "Quy hoạch chung xây dựng Thủ đô đến năm 2030 và tầm nhìn đến năm 2050."
      },
      "geometry": {
        "type": "Polygon",
        "coordinates": [
          [
            [
              105.28556068427318,
              21.168181219264003
            ],
            [
              105.285956,
              21.161184
            ],
            [
              105.294737,
              21.147799
            ],
            [
              105.30703048670986,
              21.134664193764742
            ],
            [
              105.31237772588146,
              21.16846139342368
            ],
            [
              105.28556068427318,
              21.168181219264003
            ]
          ]
        ]
      }
    },
    {
      "type": "Feature",
      "id": "qhc_2",
      "properties": {
        "name": "Tổ hợp dịch vụ, trung tâm thương mại TMDV-1-12",
        "district": "Huyện Ba Vì",
        "code": "TMDV",
        "land_use": "Đất thương mại dịch vụ cao tầng, văn phòng, siêu thị, khách sạn.",
        "area_ha": 1289.8,
        "density": "45%",
        "height_limit": "5-9 tầng",
        "notes": "Quy hoạch chung xây dựng Thủ đô đến năm 2030 và tầm nhìn đến năm 2050."
      },
      "geometry": {
        "type": "Polygon",
        "coordinates": [
          [
            [
              105.30704009538933,
              21.022010330034956
            ],
            [
              105.33495162245667,
              21.02840451839185
            ],
            [
              105.34328643646143,
              21.065984673993285
            ],
            [
              105.30798246559446,
              21.05735559389476
            ],
            [
              105.30704009538933,
              21.022010330034956
            ]
          ]
        ]
      }
    },
    {
      "type": "Feature",
      "id": "qhc_3",
      "properties": {
        "name": "Khu dân cư hiện trạng chỉnh trang ODT-1-13",
        "district": "Huyện Ba Vì",
        "code": "ODT",
        "land_use": "Đất ở tại đô thị, phục vụ cải tạo chỉnh trang và xây mới nhà ở.",
        "area_ha": 1206.3,
        "density": "55%",
        "height_limit": "3-7 tầng",
        "notes": "Quy hoạch chung xây dựng Thủ đô đến năm 2030 và tầm nhìn đến năm 2050."
      },
      "geometry": {
        "type": "Polygon",
        "coordinates": [
          [
            [
              105.30798246559446,
              21.05735559389476
            ],
            [
              105.34328643646143,
              21.065984673993285
            ],
            [
              105.34301923383369,
              21.098093998041012
            ],
            [
              105.31687127763784,
              21.093186560293088
            ],
            [
              105.316845,
              21.093092
            ],
            [
              105.314378,
              21.088365
            ],
            [
              105.31373139330711,
              21.087661216914483
            ],
            [
              105.30798246559446,
              21.05735559389476
            ]
          ]
        ]
      }
    },
    {
      "type": "Feature",
      "id": "qhc_4",
      "properties": {
        "name": "Khu hành chính công sở, liên cơ quan HCTH-1-14",
        "district": "Huyện Ba Vì",
        "code": "HCTH",
        "land_use": "Đất hành chính công sở, cơ quan đầu não nhà nước địa phương.",
        "area_ha": 856.3,
        "density": "25%",
        "height_limit": "5-9 tầng",
        "notes": "Quy hoạch chung xây dựng Thủ đô đến năm 2030 và tầm nhìn đến năm 2050."
      },
      "geometry": {
        "type": "Polygon",
        "coordinates": [
          [
            [
              105.31168688588531,
              21.12627268515735
            ],
            [
              105.318998,
              21.114966
            ],
            [
              105.320036,
              21.111425
            ],
            [
              105.319124,
              21.101293
            ],
            [
              105.31687127763784,
              21.093186560293088
            ],
            [
              105.34301923383369,
              21.098093998041012
            ],
            [
              105.33743170764266,
              21.12938720040332
            ],
            [
              105.31168688588531,
              21.12627268515735
            ]
          ]
        ]
      }
    },
    {
      "type": "Feature",
      "id": "qhc_5",
      "properties": {
        "name": "Khu dân cư hiện trạng chỉnh trang ODT-1-15",
        "district": "Huyện Ba Vì",
        "code": "ODT",
        "land_use": "Đất ở tại đô thị, phục vụ cải tạo chỉnh trang và xây mới nhà ở.",
        "area_ha": 1346.3,
        "density": "55%",
        "height_limit": "3-7 tầng",
        "notes": "Quy hoạch chung xây dựng Thủ đô đến năm 2030 và tầm nhìn đến năm 2050."
      },
      "geometry": {
        "type": "Polygon",
        "coordinates": [
          [
            [
              105.30703048670986,
              21.134664193764742
            ],
            [
              105.307245,
              21.134435
            ],
            [
              105.31001,
              21.128866
            ],
            [
              105.31168688588531,
              21.12627268515735
            ],
            [
              105.33743170764266,
              21.12938720040332
            ],
            [
              105.3384136485622,
              21.16965456090802
            ],
            [
              105.31237772588146,
              21.16846139342368
            ],
            [
              105.30703048670986,
              21.134664193764742
            ]
          ]
        ]
      }
    },
    {
      "type": "Feature",
      "id": "qhc_6",
      "properties": {
        "name": "Tổ hợp dịch vụ, trung tâm thương mại TMDV-1-16",
        "district": "Huyện Sóc Sơn",
        "code": "TMDV",
        "land_use": "Đất thương mại dịch vụ cao tầng, văn phòng, siêu thị, khách sạn.",
        "area_ha": 1177.9,
        "density": "45%",
        "height_limit": "5-9 tầng",
        "notes": "Quy hoạch chung xây dựng Thủ đô đến năm 2030 và tầm nhìn đến năm 2050."
      },
      "geometry": {
        "type": "Polygon",
        "coordinates": [
          [
            [
              105.3077880706968,
              21.19355191980517
            ],
            [
              105.31237772588146,
              21.16846139342368
            ],
            [
              105.3384136485622,
              21.16965456090802
            ],
            [
              105.34856211166701,
              21.200779331421227
            ],
            [
              105.3198985323299,
              21.200332428964654
            ],
            [
              105.3077880706968,
              21.19355191980517
            ]
          ]
        ]
      }
    },
    {
      "type": "Feature",
      "id": "qhc_7",
      "properties": {
        "name": "Khu dân cư hiện trạng chỉnh trang ODT-2-12",
        "district": "Huyện Ba Vì",
        "code": "ODT",
        "land_use": "Đất ở tại đô thị, phục vụ cải tạo chỉnh trang và xây mới nhà ở.",
        "area_ha": 1518.4,
        "density": "55%",
        "height_limit": "3-7 tầng",
        "notes": "Quy hoạch chung xây dựng Thủ đô đến năm 2030 và tầm nhìn đến năm 2050."
      },
      "geometry": {
        "type": "Polygon",
        "coordinates": [
          [
            [
              105.33495162245667,
              21.02840451839185
            ],
            [
              105.37203391666381,
              21.01713100273949
            ],
            [
              105.36823343651442,
              21.06338848166987
            ],
            [
              105.34328643646143,
              21.065984673993285
            ],
            [
              105.33495162245667,
              21.02840451839185
            ]
          ]
        ]
      }
    },
    {
      "type": "Feature",
      "id": "qhc_8",
      "properties": {
        "name": "Khu hành chính công sở, liên cơ quan HCTH-2-13",
        "district": "Huyện Ba Vì",
        "code": "HCTH",
        "land_use": "Đất hành chính công sở, cơ quan đầu não nhà nước địa phương.",
        "area_ha": 990.4,
        "density": "25%",
        "height_limit": "5-9 tầng",
        "notes": "Quy hoạch chung xây dựng Thủ đô đến năm 2030 và tầm nhìn đến năm 2050."
      },
      "geometry": {
        "type": "Polygon",
        "coordinates": [
          [
            [
              105.34301923383369,
              21.098093998041012
            ],
            [
              105.34328643646143,
              21.065984673993285
            ],
            [
              105.36823343651442,
              21.06338848166987
            ],
            [
              105.37426741149227,
              21.091431739910995
            ],
            [
              105.34301923383369,
              21.098093998041012
            ]
          ]
        ]
      }
    },
    {
      "type": "Feature",
      "id": "qhc_9",
      "properties": {
        "name": "Khu đô thị hỗn hợp cao tầng HHT-2-14",
        "district": "Huyện Ba Vì",
        "code": "HHT",
        "land_use": "Đất hỗn hợp đa chức năng kết hợp nhà ở và trung tâm thương mại.",
        "area_ha": 1572.6,
        "density": "45%",
        "height_limit": "18-35 tầng",
        "notes": "Quy hoạch chung xây dựng Thủ đô đến năm 2030 và tầm nhìn đến năm 2050."
      },
      "geometry": {
        "type": "Polygon",
        "coordinates": [
          [
            [
              105.33743170764266,
              21.12938720040332
            ],
            [
              105.34301923383369,
              21.098093998041012
            ],
            [
              105.37426741149227,
              21.091431739910995
            ],
            [
              105.37920963949696,
              21.13482819221414
            ],
            [
              105.33743170764266,
              21.12938720040332
            ]
          ]
        ]
      }
    },
    {
      "type": "Feature",
      "id": "qhc_10",
      "properties": {
        "name": "Khu hành chính công sở, liên cơ quan HCTH-2-15",
        "district": "Huyện Sóc Sơn",
        "code": "HCTH",
        "land_use": "Đất hành chính công sở, cơ quan đầu não nhà nước địa phương.",
        "area_ha": 1765,
        "density": "25%",
        "height_limit": "5-9 tầng",
        "notes": "Quy hoạch chung xây dựng Thủ đô đến năm 2030 và tầm nhìn đến năm 2050."
      },
      "geometry": {
        "type": "Polygon",
        "coordinates": [
          [
            [
              105.33743170764266,
              21.12938720040332
            ],
            [
              105.37920963949696,
              21.13482819221414
            ],
            [
              105.37942663574046,
              21.168575584986492
            ],
            [
              105.3384136485622,
              21.16965456090802
            ],
            [
              105.33743170764266,
              21.12938720040332
            ]
          ]
        ]
      }
    },
    {
      "type": "Feature",
      "id": "qhc_11",
      "properties": {
        "name": "Tổ hợp dịch vụ, trung tâm thương mại TMDV-2-16",
        "district": "Huyện Sóc Sơn",
        "code": "TMDV",
        "land_use": "Đất thương mại dịch vụ cao tầng, văn phòng, siêu thị, khách sạn.",
        "area_ha": 1304.8,
        "density": "45%",
        "height_limit": "5-9 tầng",
        "notes": "Quy hoạch chung xây dựng Thủ đô đến năm 2030 và tầm nhìn đến năm 2050."
      },
      "geometry": {
        "type": "Polygon",
        "coordinates": [
          [
            [
              105.3384136485622,
              21.16965456090802
            ],
            [
              105.37942663574046,
              21.168575584986492
            ],
            [
              105.3695354754262,
              21.21052072763872
            ],
            [
              105.34856211166701,
              21.200779331421227
            ],
            [
              105.3384136485622,
              21.16965456090802
            ]
          ]
        ]
      }
    },
    {
      "type": "Feature",
      "id": "qhc_12",
      "properties": {
        "name": "Tổ hợp dịch vụ, trung tâm thương mại TMDV-2-17",
        "district": "Huyện Sóc Sơn",
        "code": "TMDV",
        "land_use": "Đất thương mại dịch vụ cao tầng, văn phòng, siêu thị, khách sạn.",
        "area_ha": 998.2,
        "density": "45%",
        "height_limit": "5-9 tầng",
        "notes": "Quy hoạch chung xây dựng Thủ đô đến năm 2030 và tầm nhìn đến năm 2050."
      },
      "geometry": {
        "type": "Polygon",
        "coordinates": [
          [
            [
              105.3467560625997,
              21.225401424602943
            ],
            [
              105.34856211166701,
              21.200779331421227
            ],
            [
              105.3695354754262,
              21.21052072763872
            ],
            [
              105.37531519727229,
              21.238104913792355
            ],
            [
              105.35338624835316,
              21.245424743734397
            ],
            [
              105.353352,
              21.245105
            ],
            [
              105.347143,
              21.226195
            ],
            [
              105.3467560625997,
              21.225401424602943
            ]
          ]
        ]
      }
    },
    {
      "type": "Feature",
      "id": "qhc_13",
      "properties": {
        "name": "Khu hành chính công sở, liên cơ quan HCTH-2-18",
        "district": "Huyện Sóc Sơn",
        "code": "HCTH",
        "land_use": "Đất hành chính công sở, cơ quan đầu não nhà nước địa phương.",
        "area_ha": 838.6,
        "density": "25%",
        "height_limit": "5-9 tầng",
        "notes": "Quy hoạch chung xây dựng Thủ đô đến năm 2030 và tầm nhìn đến năm 2050."
      },
      "geometry": {
        "type": "Polygon",
        "coordinates": [
          [
            [
              105.352353,
              21.270062
            ],
            [
              105.352493,
              21.259537
            ],
            [
              105.354093,
              21.252023
            ],
            [
              105.35338624835316,
              21.245424743734397
            ],
            [
              105.37531519727229,
              21.238104913792355
            ],
            [
              105.3694827085232,
              21.280353106692946
            ],
            [
              105.3538244027562,
              21.279564082489507
            ],
            [
              105.352353,
              21.270062
            ]
          ]
        ]
      }
    },
    {
      "type": "Feature",
      "id": "qhc_14",
      "properties": {
        "name": "Khu dân cư hiện trạng chỉnh trang ODT-3-12",
        "district": "Huyện Ba Vì",
        "code": "ODT",
        "land_use": "Đất ở tại đô thị, phục vụ cải tạo chỉnh trang và xây mới nhà ở.",
        "area_ha": 1377.3,
        "density": "55%",
        "height_limit": "3-7 tầng",
        "notes": "Quy hoạch chung xây dựng Thủ đô đến năm 2030 và tầm nhìn đến năm 2050."
      },
      "geometry": {
        "type": "Polygon",
        "coordinates": [
          [
            [
              105.36823343651442,
              21.06338848166987
            ],
            [
              105.37203391666381,
              21.01713100273949
            ],
            [
              105.3795955231808,
              21.019558601372523
            ],
            [
              105.387251,
              21.024316
            ],
            [
              105.38765,
              21.022611
            ],
            [
              105.38744315712569,
              21.02207802702558
            ],
            [
              105.4015663112825,
              21.026612162681563
            ],
            [
              105.40551638556815,
              21.052361559334134
            ],
            [
              105.36823343651442,
              21.06338848166987
            ]
          ]
        ]
      }
    },
    {
      "type": "Feature",
      "id": "qhc_15",
      "properties": {
        "name": "Khu dân cư hiện trạng chỉnh trang ODT-3-13",
        "district": "Huyện Ba Vì",
        "code": "ODT",
        "land_use": "Đất ở tại đô thị, phục vụ cải tạo chỉnh trang và xây mới nhà ở.",
        "area_ha": 1238.6,
        "density": "55%",
        "height_limit": "3-7 tầng",
        "notes": "Quy hoạch chung xây dựng Thủ đô đến năm 2030 và tầm nhìn đến năm 2050."
      },
      "geometry": {
        "type": "Polygon",
        "coordinates": [
          [
            [
              105.36823343651442,
              21.06338848166987
            ],
            [
              105.40551638556815,
              21.052361559334134
            ],
            [
              105.40171728397691,
              21.090234503301126
            ],
            [
              105.37426741149227,
              21.091431739910995
            ],
            [
              105.36823343651442,
              21.06338848166987
            ]
          ]
        ]
      }
    },
    {
      "type": "Feature",
      "id": "qhc_16",
      "properties": {
        "name": "Cụm công nghiệp tập trung, kho vận CN-3-14",
        "district": "Huyện Ba Vì",
        "code": "CN",
        "land_use": "Đất công nghiệp phi nông nghiệp, sản xuất sạch, kho bãi tập trung.",
        "area_ha": 1357.3,
        "density": "65%",
        "height_limit": "5-9 tầng",
        "notes": "Quy hoạch chung xây dựng Thủ đô đến năm 2030 và tầm nhìn đến năm 2050."
      },
      "geometry": {
        "type": "Polygon",
        "coordinates": [
          [
            [
              105.37426741149227,
              21.091431739910995
            ],
            [
              105.40171728397691,
              21.090234503301126
            ],
            [
              105.40229816122223,
              21.14045667315443
            ],
            [
              105.37920963949696,
              21.13482819221414
            ],
            [
              105.37426741149227,
              21.091431739910995
            ]
          ]
        ]
      }
    },
    {
      "type": "Feature",
      "id": "qhc_17",
      "properties": {
        "name": "Tổ hợp dịch vụ, trung tâm thương mại TMDV-3-15",
        "district": "Huyện Sóc Sơn",
        "code": "TMDV",
        "land_use": "Đất thương mại dịch vụ cao tầng, văn phòng, siêu thị, khách sạn.",
        "area_ha": 766.8,
        "density": "45%",
        "height_limit": "5-9 tầng",
        "notes": "Quy hoạch chung xây dựng Thủ đô đến năm 2030 và tầm nhìn đến năm 2050."
      },
      "geometry": {
        "type": "Polygon",
        "coordinates": [
          [
            [
              105.37920963949696,
              21.13482819221414
            ],
            [
              105.40229816122223,
              21.14045667315443
            ],
            [
              105.39836744522547,
              21.169425942846907
            ],
            [
              105.37942663574046,
              21.168575584986492
            ],
            [
              105.37920963949696,
              21.13482819221414
            ]
          ]
        ]
      }
    },
    {
      "type": "Feature",
      "id": "qhc_18",
      "properties": {
        "name": "Khu dân cư hiện trạng chỉnh trang ODT-3-16",
        "district": "Huyện Sóc Sơn",
        "code": "ODT",
        "land_use": "Đất ở tại đô thị, phục vụ cải tạo chỉnh trang và xây mới nhà ở.",
        "area_ha": 1002.8,
        "density": "55%",
        "height_limit": "3-7 tầng",
        "notes": "Quy hoạch chung xây dựng Thủ đô đến năm 2030 và tầm nhìn đến năm 2050."
      },
      "geometry": {
        "type": "Polygon",
        "coordinates": [
          [
            [
              105.3695354754262,
              21.21052072763872
            ],
            [
              105.37942663574046,
              21.168575584986492
            ],
            [
              105.39836744522547,
              21.169425942846907
            ],
            [
              105.39646003880911,
              21.204633863759256
            ],
            [
              105.3695354754262,
              21.21052072763872
            ]
          ]
        ]
      }
    },
    {
      "type": "Feature",
      "id": "qhc_19",
      "properties": {
        "name": "Tổ hợp dịch vụ, trung tâm thương mại TMDV-3-17",
        "district": "Huyện Sóc Sơn",
        "code": "TMDV",
        "land_use": "Đất thương mại dịch vụ cao tầng, văn phòng, siêu thị, khách sạn.",
        "area_ha": 1187.9,
        "density": "45%",
        "height_limit": "5-9 tầng",
        "notes": "Quy hoạch chung xây dựng Thủ đô đến năm 2030 và tầm nhìn đến năm 2050."
      },
      "geometry": {
        "type": "Polygon",
        "coordinates": [
          [
            [
              105.3695354754262,
              21.21052072763872
            ],
            [
              105.39646003880911,
              21.204633863759256
            ],
            [
              105.40952641054007,
              21.24470520000704
            ],
            [
              105.37531519727229,
              21.238104913792355
            ],
            [
              105.3695354754262,
              21.21052072763872
            ]
          ]
        ]
      }
    },
    {
      "type": "Feature",
      "id": "qhc_20",
      "properties": {
        "name": "Khu dân cư hiện trạng chỉnh trang ODT-3-18",
        "district": "Huyện Sóc Sơn",
        "code": "ODT",
        "land_use": "Đất ở tại đô thị, phục vụ cải tạo chỉnh trang và xây mới nhà ở.",
        "area_ha": 1362.5,
        "density": "55%",
        "height_limit": "3-7 tầng",
        "notes": "Quy hoạch chung xây dựng Thủ đô đến năm 2030 và tầm nhìn đến năm 2050."
      },
      "geometry": {
        "type": "Polygon",
        "coordinates": [
          [
            [
              105.3694827085232,
              21.280353106692946
            ],
            [
              105.37531519727229,
              21.238104913792355
            ],
            [
              105.40952641054007,
              21.24470520000704
            ],
            [
              105.4001384775555,
              21.27506427556396
            ],
            [
              105.3694827085232,
              21.280353106692946
            ]
          ]
        ]
      }
    },
    {
      "type": "Feature",
      "id": "qhc_21",
      "properties": {
        "name": "Khu dân cư hiện trạng chỉnh trang ODT-3-19",
        "district": "Huyện Sóc Sơn",
        "code": "ODT",
        "land_use": "Đất ở tại đô thị, phục vụ cải tạo chỉnh trang và xây mới nhà ở.",
        "area_ha": 776.3,
        "density": "55%",
        "height_limit": "3-7 tầng",
        "notes": "Quy hoạch chung xây dựng Thủ đô đến năm 2030 và tầm nhìn đến năm 2050."
      },
      "geometry": {
        "type": "Polygon",
        "coordinates": [
          [
            [
              105.3694827085232,
              21.280353106692946
            ],
            [
              105.4001384775555,
              21.27506427556396
            ],
            [
              105.40049424465548,
              21.302125872573804
            ],
            [
              105.391958,
              21.305671
            ],
            [
              105.37516,
              21.295456
            ],
            [
              105.374277,
              21.292172
            ],
            [
              105.37092244643667,
              21.290165305116822
            ],
            [
              105.3694827085232,
              21.280353106692946
            ]
          ]
        ]
      }
    },
    {
      "type": "Feature",
      "id": "qhc_22",
      "properties": {
        "name": "Tổ hợp dịch vụ, trung tâm thương mại TMDV-4-11",
        "district": "Huyện Ba Vì",
        "code": "TMDV",
        "land_use": "Đất thương mại dịch vụ cao tầng, văn phòng, siêu thị, khách sạn.",
        "area_ha": 1121.6,
        "density": "45%",
        "height_limit": "5-9 tầng",
        "notes": "Quy hoạch chung xây dựng Thủ đô đến năm 2030 và tầm nhìn đến năm 2050."
      },
      "geometry": {
        "type": "Polygon",
        "coordinates": [
          [
            [
              105.4015663112825,
              21.026612162681563
            ],
            [
              105.40435266403134,
              20.99806943676236
            ],
            [
              105.41223,
              20.998734
            ],
            [
              105.413358,
              20.997079
            ],
            [
              105.416518,
              20.998348
            ],
            [
              105.418684,
              20.994327
            ],
            [
              105.417949,
              20.992545
            ],
            [
              105.421307,
              20.987585
            ],
            [
              105.42132084311093,
              20.9863650758491
            ],
            [
              105.42840816913693,
              20.984414608764084
            ],
            [
              105.4329295970208,
              21.029148409879685
            ],
            [
              105.4015663112825,
              21.026612162681563
            ]
          ]
        ]
      }
    },
    {
      "type": "Feature",
      "id": "qhc_23",
      "properties": {
        "name": "Khu dân cư hiện trạng chỉnh trang ODT-4-12",
        "district": "Huyện Ba Vì",
        "code": "ODT",
        "land_use": "Đất ở tại đô thị, phục vụ cải tạo chỉnh trang và xây mới nhà ở.",
        "area_ha": 1001.6,
        "density": "55%",
        "height_limit": "3-7 tầng",
        "notes": "Quy hoạch chung xây dựng Thủ đô đến năm 2030 và tầm nhìn đến năm 2050."
      },
      "geometry": {
        "type": "Polygon",
        "coordinates": [
          [
            [
              105.4015663112825,
              21.026612162681563
            ],
            [
              105.4329295970208,
              21.029148409879685
            ],
            [
              105.43044080397097,
              21.065483229720844
            ],
            [
              105.40551638556815,
              21.052361559334134
            ],
            [
              105.4015663112825,
              21.026612162681563
            ]
          ]
        ]
      }
    },
    {
      "type": "Feature",
      "id": "qhc_24",
      "properties": {
        "name": "Khu đô thị hỗn hợp cao tầng HHT-4-13",
        "district": "Huyện Ba Vì",
        "code": "HHT",
        "land_use": "Đất hỗn hợp đa chức năng kết hợp nhà ở và trung tâm thương mại.",
        "area_ha": 1174.7,
        "density": "45%",
        "height_limit": "18-35 tầng",
        "notes": "Quy hoạch chung xây dựng Thủ đô đến năm 2030 và tầm nhìn đến năm 2050."
      },
      "geometry": {
        "type": "Polygon",
        "coordinates": [
          [
            [
              105.40171728397691,
              21.090234503301126
            ],
            [
              105.40551638556815,
              21.052361559334134
            ],
            [
              105.43044080397097,
              21.065483229720844
            ],
            [
              105.43793301466195,
              21.09532311035431
            ],
            [
              105.40171728397691,
              21.090234503301126
            ]
          ]
        ]
      }
    },
    {
      "type": "Feature",
      "id": "qhc_25",
      "properties": {
        "name": "Cụm công nghiệp tập trung, kho vận CN-4-14",
        "district": "Huyện Ba Vì",
        "code": "CN",
        "land_use": "Đất công nghiệp phi nông nghiệp, sản xuất sạch, kho bãi tập trung.",
        "area_ha": 1554.1,
        "density": "65%",
        "height_limit": "5-9 tầng",
        "notes": "Quy hoạch chung xây dựng Thủ đô đến năm 2030 và tầm nhìn đến năm 2050."
      },
      "geometry": {
        "type": "Polygon",
        "coordinates": [
          [
            [
              105.40171728397691,
              21.090234503301126
            ],
            [
              105.43793301466195,
              21.09532311035431
            ],
            [
              105.42819652325066,
              21.132320628767086
            ],
            [
              105.40229816122223,
              21.14045667315443
            ],
            [
              105.40171728397691,
              21.090234503301126
            ]
          ]
        ]
      }
    },
    {
      "type": "Feature",
      "id": "qhc_26",
      "properties": {
        "name": "Tổ hợp dịch vụ, trung tâm thương mại TMDV-4-15",
        "district": "Huyện Sóc Sơn",
        "code": "TMDV",
        "land_use": "Đất thương mại dịch vụ cao tầng, văn phòng, siêu thị, khách sạn.",
        "area_ha": 1414.2,
        "density": "45%",
        "height_limit": "5-9 tầng",
        "notes": "Quy hoạch chung xây dựng Thủ đô đến năm 2030 và tầm nhìn đến năm 2050."
      },
      "geometry": {
        "type": "Polygon",
        "coordinates": [
          [
            [
              105.39836744522547,
              21.169425942846907
            ],
            [
              105.40229816122223,
              21.14045667315443
            ],
            [
              105.42819652325066,
              21.132320628767086
            ],
            [
              105.43997779693764,
              21.17581525972183
            ],
            [
              105.39836744522547,
              21.169425942846907
            ]
          ]
        ]
      }
    },
    {
      "type": "Feature",
      "id": "qhc_27",
      "properties": {
        "name": "Tổ hợp dịch vụ, trung tâm thương mại TMDV-4-16",
        "district": "Huyện Sóc Sơn",
        "code": "TMDV",
        "land_use": "Đất thương mại dịch vụ cao tầng, văn phòng, siêu thị, khách sạn.",
        "area_ha": 1650.4,
        "density": "45%",
        "height_limit": "5-9 tầng",
        "notes": "Quy hoạch chung xây dựng Thủ đô đến năm 2030 và tầm nhìn đến năm 2050."
      },
      "geometry": {
        "type": "Polygon",
        "coordinates": [
          [
            [
              105.39646003880911,
              21.204633863759256
            ],
            [
              105.39836744522547,
              21.169425942846907
            ],
            [
              105.43997779693764,
              21.17581525972183
            ],
            [
              105.43731529378768,
              21.209427982292777
            ],
            [
              105.39646003880911,
              21.204633863759256
            ]
          ]
        ]
      }
    },
    {
      "type": "Feature",
      "id": "qhc_28",
      "properties": {
        "name": "Khu dân cư hiện trạng chỉnh trang ODT-4-17",
        "district": "Huyện Sóc Sơn",
        "code": "ODT",
        "land_use": "Đất ở tại đô thị, phục vụ cải tạo chỉnh trang và xây mới nhà ở.",
        "area_ha": 1320,
        "density": "55%",
        "height_limit": "3-7 tầng",
        "notes": "Quy hoạch chung xây dựng Thủ đô đến năm 2030 và tầm nhìn đến năm 2050."
      },
      "geometry": {
        "type": "Polygon",
        "coordinates": [
          [
            [
              105.39646003880911,
              21.204633863759256
            ],
            [
              105.43731529378768,
              21.209427982292777
            ],
            [
              105.43570781894284,
              21.237238528050785
            ],
            [
              105.40952641054007,
              21.24470520000704
            ],
            [
              105.39646003880911,
              21.204633863759256
            ]
          ]
        ]
      }
    },
    {
      "type": "Feature",
      "id": "qhc_29",
      "properties": {
        "name": "Cụm công nghiệp tập trung, kho vận CN-4-18",
        "district": "Huyện Sóc Sơn",
        "code": "CN",
        "land_use": "Đất công nghiệp phi nông nghiệp, sản xuất sạch, kho bãi tập trung.",
        "area_ha": 1080,
        "density": "65%",
        "height_limit": "5-9 tầng",
        "notes": "Quy hoạch chung xây dựng Thủ đô đến năm 2030 và tầm nhìn đến năm 2050."
      },
      "geometry": {
        "type": "Polygon",
        "coordinates": [
          [
            [
              105.4001384775555,
              21.27506427556396
            ],
            [
              105.40952641054007,
              21.24470520000704
            ],
            [
              105.43570781894284,
              21.237238528050785
            ],
            [
              105.43120813163958,
              21.274349808559553
            ],
            [
              105.4001384775555,
              21.27506427556396
            ]
          ]
        ]
      }
    },
    {
      "type": "Feature",
      "id": "qhc_30",
      "properties": {
        "name": "Khu dân cư hiện trạng chỉnh trang ODT-5-10",
        "district": "Huyện Ba Vì",
        "code": "ODT",
        "land_use": "Đất ở tại đô thị, phục vụ cải tạo chỉnh trang và xây mới nhà ở.",
        "area_ha": 779.3,
        "density": "55%",
        "height_limit": "3-7 tầng",
        "notes": "Quy hoạch chung xây dựng Thủ đô đến năm 2030 và tầm nhìn đến năm 2050."
      },
      "geometry": {
        "type": "Polygon",
        "coordinates": [
          [
            [
              105.42840816913693,
              20.984414608764084
            ],
            [
              105.42942833194648,
              20.979777353237257
            ],
            [
              105.435665,
              20.9744
            ],
            [
              105.440094,
              20.96654
            ],
            [
              105.442263,
              20.964191
            ],
            [
              105.44432,
              20.956232
            ],
            [
              105.445637,
              20.955184
            ],
            [
              105.452425,
              20.953616
            ],
            [
              105.461092,
              20.946675
            ],
            [
              105.46178121725917,
              20.946616393090206
            ],
            [
              105.4595361455188,
              20.981532359895805
            ],
            [
              105.42840816913693,
              20.984414608764084
            ]
          ]
        ]
      }
    },
    {
      "type": "Feature",
      "id": "qhc_31",
      "properties": {
        "name": "Khu dân cư hiện trạng chỉnh trang ODT-5-11",
        "district": "Huyện Ba Vì",
        "code": "ODT",
        "land_use": "Đất ở tại đô thị, phục vụ cải tạo chỉnh trang và xây mới nhà ở.",
        "area_ha": 1720.4,
        "density": "55%",
        "height_limit": "3-7 tầng",
        "notes": "Quy hoạch chung xây dựng Thủ đô đến năm 2030 và tầm nhìn đến năm 2050."
      },
      "geometry": {
        "type": "Polygon",
        "coordinates": [
          [
            [
              105.42840816913693,
              20.984414608764084
            ],
            [
              105.4595361455188,
              20.981532359895805
            ],
            [
              105.46756313939635,
              21.026380586049054
            ],
            [
              105.4329295970208,
              21.029148409879685
            ],
            [
              105.42840816913693,
              20.984414608764084
            ]
          ]
        ]
      }
    },
    {
      "type": "Feature",
      "id": "qhc_32",
      "properties": {
        "name": "Tổ hợp dịch vụ, trung tâm thương mại TMDV-5-12",
        "district": "Huyện Ba Vì",
        "code": "TMDV",
        "land_use": "Đất thương mại dịch vụ cao tầng, văn phòng, siêu thị, khách sạn.",
        "area_ha": 1077.6,
        "density": "45%",
        "height_limit": "5-9 tầng",
        "notes": "Quy hoạch chung xây dựng Thủ đô đến năm 2030 và tầm nhìn đến năm 2050."
      },
      "geometry": {
        "type": "Polygon",
        "coordinates": [
          [
            [
              105.43044080397097,
              21.065483229720844
            ],
            [
              105.4329295970208,
              21.029148409879685
            ],
            [
              105.46756313939635,
              21.026380586049054
            ],
            [
              105.45875512856551,
              21.05225618352565
            ],
            [
              105.43044080397097,
              21.065483229720844
            ]
          ]
        ]
      }
    },
    {
      "type": "Feature",
      "id": "qhc_33",
      "properties": {
        "name": "Khu đô thị hỗn hợp cao tầng HHT-5-13",
        "district": "Huyện Ba Vì",
        "code": "HHT",
        "land_use": "Đất hỗn hợp đa chức năng kết hợp nhà ở và trung tâm thương mại.",
        "area_ha": 1066.4,
        "density": "45%",
        "height_limit": "18-35 tầng",
        "notes": "Quy hoạch chung xây dựng Thủ đô đến năm 2030 và tầm nhìn đến năm 2050."
      },
      "geometry": {
        "type": "Polygon",
        "coordinates": [
          [
            [
              105.43044080397097,
              21.065483229720844
            ],
            [
              105.45875512856551,
              21.05225618352565
            ],
            [
              105.45926190255989,
              21.094657569528326
            ],
            [
              105.43793301466195,
              21.09532311035431
            ],
            [
              105.43044080397097,
              21.065483229720844
            ]
          ]
        ]
      }
    },
    {
      "type": "Feature",
      "id": "qhc_34",
      "properties": {
        "name": "Khu dân cư hiện trạng chỉnh trang ODT-5-14",
        "district": "Huyện Ba Vì",
        "code": "ODT",
        "land_use": "Đất ở tại đô thị, phục vụ cải tạo chỉnh trang và xây mới nhà ở.",
        "area_ha": 1404.9,
        "density": "55%",
        "height_limit": "3-7 tầng",
        "notes": "Quy hoạch chung xây dựng Thủ đô đến năm 2030 và tầm nhìn đến năm 2050."
      },
      "geometry": {
        "type": "Polygon",
        "coordinates": [
          [
            [
              105.42819652325066,
              21.132320628767086
            ],
            [
              105.43793301466195,
              21.09532311035431
            ],
            [
              105.45926190255989,
              21.094657569528326
            ],
            [
              105.47126761761481,
              21.13332713633871
            ],
            [
              105.42819652325066,
              21.132320628767086
            ]
          ]
        ]
      }
    },
    {
      "type": "Feature",
      "id": "qhc_35",
      "properties": {
        "name": "Khu hành chính công sở, liên cơ quan HCTH-5-15",
        "district": "Huyện Sóc Sơn",
        "code": "HCTH",
        "land_use": "Đất hành chính công sở, cơ quan đầu não nhà nước địa phương.",
        "area_ha": 1811.6,
        "density": "25%",
        "height_limit": "5-9 tầng",
        "notes": "Quy hoạch chung xây dựng Thủ đô đến năm 2030 và tầm nhìn đến năm 2050."
      },
      "geometry": {
        "type": "Polygon",
        "coordinates": [
          [
            [
              105.42819652325066,
              21.132320628767086
            ],
            [
              105.47126761761481,
              21.13332713633871
            ],
            [
              105.47031145315476,
              21.175552937385646
            ],
            [
              105.43997779693764,
              21.17581525972183
            ],
            [
              105.42819652325066,
              21.132320628767086
            ]
          ]
        ]
      }
    },
    {
      "type": "Feature",
      "id": "qhc_36",
      "properties": {
        "name": "Khu đô thị hỗn hợp cao tầng HHT-5-16",
        "district": "Huyện Sóc Sơn",
        "code": "HHT",
        "land_use": "Đất hỗn hợp đa chức năng kết hợp nhà ở và trung tâm thương mại.",
        "area_ha": 1093.5,
        "density": "45%",
        "height_limit": "18-35 tầng",
        "notes": "Quy hoạch chung xây dựng Thủ đô đến năm 2030 và tầm nhìn đến năm 2050."
      },
      "geometry": {
        "type": "Polygon",
        "coordinates": [
          [
            [
              105.43731529378768,
              21.209427982292777
            ],
            [
              105.43997779693764,
              21.17581525972183
            ],
            [
              105.47031145315476,
              21.175552937385646
            ],
            [
              105.4701998280449,
              21.17601369508101
            ],
            [
              105.467738,
              21.177982
            ],
            [
              105.46707880729996,
              21.188896408722623
            ],
            [
              105.46408044898615,
              21.20127280564796
            ],
            [
              105.463893,
              21.201297
            ],
            [
              105.463033,
              21.203141
            ],
            [
              105.46360009632744,
              21.20325556906253
            ],
            [
              105.46289025948923,
              21.206185579936008
            ],
            [
              105.462347,
              21.20609
            ],
            [
              105.461432,
              21.208144
            ],
            [
              105.46234717290191,
              21.20842729172156
            ],
            [
              105.46143181513307,
              21.212205636365617
            ],
            [
              105.43731529378768,
              21.209427982292777
            ]
          ]
        ]
      }
    },
    {
      "type": "Feature",
      "id": "qhc_37",
      "properties": {
        "name": "Khu dân cư hiện trạng chỉnh trang ODT-5-17",
        "district": "Huyện Sóc Sơn",
        "code": "ODT",
        "land_use": "Đất ở tại đô thị, phục vụ cải tạo chỉnh trang và xây mới nhà ở.",
        "area_ha": 718.1,
        "density": "55%",
        "height_limit": "3-7 tầng",
        "notes": "Quy hoạch chung xây dựng Thủ đô đến năm 2030 và tầm nhìn đến năm 2050."
      },
      "geometry": {
        "type": "Polygon",
        "coordinates": [
          [
            [
              105.43570781894284,
              21.237238528050785
            ],
            [
              105.43731529378768,
              21.209427982292777
            ],
            [
              105.46143181513307,
              21.212205636365617
            ],
            [
              105.46152473193906,
              21.217012356898806
            ],
            [
              105.458549,
              21.225839
            ],
            [
              105.451623,
              21.237873
            ],
            [
              105.44756956038269,
              21.242825322752502
            ],
            [
              105.43570781894284,
              21.237238528050785
            ]
          ]
        ]
      }
    },
    {
      "type": "Feature",
      "id": "qhc_38",
      "properties": {
        "name": "Cụm công nghiệp tập trung, kho vận CN-6-10",
        "district": "Huyện Ba Vì",
        "code": "CN",
        "land_use": "Đất công nghiệp phi nông nghiệp, sản xuất sạch, kho bãi tập trung.",
        "area_ha": 1350.3,
        "density": "65%",
        "height_limit": "5-9 tầng",
        "notes": "Quy hoạch chung xây dựng Thủ đô đến năm 2030 và tầm nhìn đến năm 2050."
      },
      "geometry": {
        "type": "Polygon",
        "coordinates": [
          [
            [
              105.4595361455188,
              20.981532359895805
            ],
            [
              105.46178121725917,
              20.946616393090206
            ],
            [
              105.465796,
              20.946275
            ],
            [
              105.471053,
              20.94897
            ],
            [
              105.478308,
              20.94882
            ],
            [
              105.480785,
              20.946855
            ],
            [
              105.48167065579842,
              20.945745973984145
            ],
            [
              105.49636681204373,
              20.94594040658163
            ],
            [
              105.4959916310726,
              20.978378905274443
            ],
            [
              105.4595361455188,
              20.981532359895805
            ]
          ]
        ]
      }
    },
    {
      "type": "Feature",
      "id": "qhc_39",
      "properties": {
        "name": "Tổ hợp dịch vụ, trung tâm thương mại TMDV-6-11",
        "district": "Huyện Ba Vì",
        "code": "TMDV",
        "land_use": "Đất thương mại dịch vụ cao tầng, văn phòng, siêu thị, khách sạn.",
        "area_ha": 1983.9,
        "density": "45%",
        "height_limit": "5-9 tầng",
        "notes": "Quy hoạch chung xây dựng Thủ đô đến năm 2030 và tầm nhìn đến năm 2050."
      },
      "geometry": {
        "type": "Polygon",
        "coordinates": [
          [
            [
              105.4595361455188,
              20.981532359895805
            ],
            [
              105.4959916310726,
              20.978378905274443
            ],
            [
              105.50263371003594,
              21.029680221808356
            ],
            [
              105.46756313939635,
              21.026380586049054
            ],
            [
              105.4595361455188,
              20.981532359895805
            ]
          ]
        ]
      }
    },
    {
      "type": "Feature",
      "id": "qhc_40",
      "properties": {
        "name": "Tổ hợp dịch vụ, trung tâm thương mại TMDV-6-12",
        "district": "Huyện Ba Vì",
        "code": "TMDV",
        "land_use": "Đất thương mại dịch vụ cao tầng, văn phòng, siêu thị, khách sạn.",
        "area_ha": 1339.3,
        "density": "45%",
        "height_limit": "5-9 tầng",
        "notes": "Quy hoạch chung xây dựng Thủ đô đến năm 2030 và tầm nhìn đến năm 2050."
      },
      "geometry": {
        "type": "Polygon",
        "coordinates": [
          [
            [
              105.45875512856551,
              21.05225618352565
            ],
            [
              105.46756313939635,
              21.026380586049054
            ],
            [
              105.50263371003594,
              21.029680221808356
            ],
            [
              105.50036447244614,
              21.062403166509178
            ],
            [
              105.45875512856551,
              21.05225618352565
            ]
          ]
        ]
      }
    },
    {
      "type": "Feature",
      "id": "qhc_41",
      "properties": {
        "name": "Khu dân cư hiện trạng chỉnh trang ODT-6-13",
        "district": "Huyện Ba Vì",
        "code": "ODT",
        "land_use": "Đất ở tại đô thị, phục vụ cải tạo chỉnh trang và xây mới nhà ở.",
        "area_ha": 1795.6,
        "density": "55%",
        "height_limit": "3-7 tầng",
        "notes": "Quy hoạch chung xây dựng Thủ đô đến năm 2030 và tầm nhìn đến năm 2050."
      },
      "geometry": {
        "type": "Polygon",
        "coordinates": [
          [
            [
              105.45875512856551,
              21.05225618352565
            ],
            [
              105.50036447244614,
              21.062403166509178
            ],
            [
              105.50007593506791,
              21.095560980525903
            ],
            [
              105.45926190255989,
              21.094657569528326
            ],
            [
              105.45875512856551,
              21.05225618352565
            ]
          ]
        ]
      }
    },
    {
      "type": "Feature",
      "id": "qhc_42",
      "properties": {
        "name": "Khu dân cư hiện trạng chỉnh trang ODT-6-14",
        "district": "Huyện Ba Vì",
        "code": "ODT",
        "land_use": "Đất ở tại đô thị, phục vụ cải tạo chỉnh trang và xây mới nhà ở.",
        "area_ha": 1423.7,
        "density": "55%",
        "height_limit": "3-7 tầng",
        "notes": "Quy hoạch chung xây dựng Thủ đô đến năm 2030 và tầm nhìn đến năm 2050."
      },
      "geometry": {
        "type": "Polygon",
        "coordinates": [
          [
            [
              105.45926190255989,
              21.094657569528326
            ],
            [
              105.50007593506791,
              21.095560980525903
            ],
            [
              105.4898991132799,
              21.140188357724853
            ],
            [
              105.47126761761481,
              21.13332713633871
            ],
            [
              105.45926190255989,
              21.094657569528326
            ]
          ]
        ]
      }
    },
    {
      "type": "Feature",
      "id": "qhc_43",
      "properties": {
        "name": "Khu dân cư hiện trạng chỉnh trang ODT-6-15",
        "district": "Huyện Sóc Sơn",
        "code": "ODT",
        "land_use": "Đất ở tại đô thị, phục vụ cải tạo chỉnh trang và xây mới nhà ở.",
        "area_ha": 764.3,
        "density": "55%",
        "height_limit": "3-7 tầng",
        "notes": "Quy hoạch chung xây dựng Thủ đô đến năm 2030 và tầm nhìn đến năm 2050."
      },
      "geometry": {
        "type": "Polygon",
        "coordinates": [
          [
            [
              105.47031145315476,
              21.175552937385646
            ],
            [
              105.47126761761481,
              21.13332713633871
            ],
            [
              105.4898991132799,
              21.140188357724853
            ],
            [
              105.49584817201854,
              21.15937547944465
            ],
            [
              105.495622,
              21.159405
            ],
            [
              105.486454,
              21.163018
            ],
            [
              105.47117117438852,
              21.1752370747195
            ],
            [
              105.47031145315476,
              21.175552937385646
            ]
          ]
        ]
      }
    },
    {
      "type": "Feature",
      "id": "qhc_44",
      "properties": {
        "name": "Khu dân cư hiện trạng chỉnh trang ODT-7-9",
        "district": "Quận Hai Bà Trưng",
        "code": "ODT",
        "land_use": "Đất ở tại đô thị, phục vụ cải tạo chỉnh trang và xây mới nhà ở.",
        "area_ha": 763.7,
        "density": "55%",
        "height_limit": "3-7 tầng",
        "notes": "Quy hoạch chung xây dựng Thủ đô đến năm 2030 và tầm nhìn đến năm 2050."
      },
      "geometry": {
        "type": "Polygon",
        "coordinates": [
          [
            [
              105.49403702887818,
              20.93344726399287
            ],
            [
              105.499097,
              20.9303
            ],
            [
              105.502246,
              20.931055
            ],
            [
              105.505515,
              20.926577
            ],
            [
              105.51083,
              20.923174
            ],
            [
              105.513289,
              20.922115
            ],
            [
              105.52172,
              20.922086
            ],
            [
              105.525463,
              20.918956
            ],
            [
              105.52652296700751,
              20.91945430309997
            ],
            [
              105.53156239541133,
              20.941976382635254
            ],
            [
              105.49636681204373,
              20.94594040658163
            ],
            [
              105.49403702887818,
              20.93344726399287
            ]
          ]
        ]
      }
    },
    {
      "type": "Feature",
      "id": "qhc_45",
      "properties": {
        "name": "Tổ hợp dịch vụ, trung tâm thương mại TMDV-7-10",
        "district": "Huyện Thạch Thất",
        "code": "TMDV",
        "land_use": "Đất thương mại dịch vụ cao tầng, văn phòng, siêu thị, khách sạn.",
        "area_ha": 1463.6,
        "density": "45%",
        "height_limit": "5-9 tầng",
        "notes": "Quy hoạch chung xây dựng Thủ đô đến năm 2030 và tầm nhìn đến năm 2050."
      },
      "geometry": {
        "type": "Polygon",
        "coordinates": [
          [
            [
              105.4959916310726,
              20.978378905274443
            ],
            [
              105.49636681204373,
              20.94594040658163
            ],
            [
              105.53156239541133,
              20.941976382635254
            ],
            [
              105.5279482387354,
              20.984893765890817
            ],
            [
              105.4959916310726,
              20.978378905274443
            ]
          ]
        ]
      }
    },
    {
      "type": "Feature",
      "id": "qhc_46",
      "properties": {
        "name": "Khu dân cư hiện trạng chỉnh trang ODT-7-11",
        "district": "Huyện Thạch Thất",
        "code": "ODT",
        "land_use": "Đất ở tại đô thị, phục vụ cải tạo chỉnh trang và xây mới nhà ở.",
        "area_ha": 1247.9,
        "density": "55%",
        "height_limit": "3-7 tầng",
        "notes": "Quy hoạch chung xây dựng Thủ đô đến năm 2030 và tầm nhìn đến năm 2050."
      },
      "geometry": {
        "type": "Polygon",
        "coordinates": [
          [
            [
              105.4959916310726,
              20.978378905274443
            ],
            [
              105.5279482387354,
              20.984893765890817
            ],
            [
              105.52067047446178,
              21.02013259429325
            ],
            [
              105.50263371003594,
              21.029680221808356
            ],
            [
              105.4959916310726,
              20.978378905274443
            ]
          ]
        ]
      }
    },
    {
      "type": "Feature",
      "id": "qhc_47",
      "properties": {
        "name": "Khu hành chính công sở, liên cơ quan HCTH-7-12",
        "district": "Huyện Thạch Thất",
        "code": "HCTH",
        "land_use": "Đất hành chính công sở, cơ quan đầu não nhà nước địa phương.",
        "area_ha": 1016.9,
        "density": "25%",
        "height_limit": "5-9 tầng",
        "notes": "Quy hoạch chung xây dựng Thủ đô đến năm 2030 và tầm nhìn đến năm 2050."
      },
      "geometry": {
        "type": "Polygon",
        "coordinates": [
          [
            [
              105.50036447244614,
              21.062403166509178
            ],
            [
              105.50263371003594,
              21.029680221808356
            ],
            [
              105.52067047446178,
              21.02013259429325
            ],
            [
              105.53041775558415,
              21.058634899848396
            ],
            [
              105.50036447244614,
              21.062403166509178
            ]
          ]
        ]
      }
    },
    {
      "type": "Feature",
      "id": "qhc_48",
      "properties": {
        "name": "Khu dân cư hiện trạng chỉnh trang ODT-7-13",
        "district": "Huyện Thạch Thất",
        "code": "ODT",
        "land_use": "Đất ở tại đô thị, phục vụ cải tạo chỉnh trang và xây mới nhà ở.",
        "area_ha": 1100,
        "density": "55%",
        "height_limit": "3-7 tầng",
        "notes": "Quy hoạch chung xây dựng Thủ đô đến năm 2030 và tầm nhìn đến năm 2050."
      },
      "geometry": {
        "type": "Polygon",
        "coordinates": [
          [
            [
              105.50007593506791,
              21.095560980525903
            ],
            [
              105.50036447244614,
              21.062403166509178
            ],
            [
              105.53041775558415,
              21.058634899848396
            ],
            [
              105.52946059609478,
              21.089838672488842
            ],
            [
              105.50007593506791,
              21.095560980525903
            ]
          ]
        ]
      }
    },
    {
      "type": "Feature",
      "id": "qhc_49",
      "properties": {
        "name": "Khu dân cư hiện trạng chỉnh trang ODT-7-14",
        "district": "Huyện Thạch Thất",
        "code": "ODT",
        "land_use": "Đất ở tại đô thị, phục vụ cải tạo chỉnh trang và xây mới nhà ở.",
        "area_ha": 1736.3,
        "density": "55%",
        "height_limit": "3-7 tầng",
        "notes": "Quy hoạch chung xây dựng Thủ đô đến năm 2030 và tầm nhìn đến năm 2050."
      },
      "geometry": {
        "type": "Polygon",
        "coordinates": [
          [
            [
              105.4898991132799,
              21.140188357724853
            ],
            [
              105.50007593506791,
              21.095560980525903
            ],
            [
              105.52946059609478,
              21.089838672488842
            ],
            [
              105.52694456688111,
              21.1374668638818
            ],
            [
              105.4898991132799,
              21.140188357724853
            ]
          ]
        ]
      }
    },
    {
      "type": "Feature",
      "id": "qhc_50",
      "properties": {
        "name": "Khu dân cư hiện trạng chỉnh trang ODT-7-15",
        "district": "Huyện Sóc Sơn",
        "code": "ODT",
        "land_use": "Đất ở tại đô thị, phục vụ cải tạo chỉnh trang và xây mới nhà ở.",
        "area_ha": 744.9,
        "density": "55%",
        "height_limit": "3-7 tầng",
        "notes": "Quy hoạch chung xây dựng Thủ đô đến năm 2030 và tầm nhìn đến năm 2050."
      },
      "geometry": {
        "type": "Polygon",
        "coordinates": [
          [
            [
              105.4898991132799,
              21.140188357724853
            ],
            [
              105.52694456688111,
              21.1374668638818
            ],
            [
              105.52749835043576,
              21.155244416504743
            ],
            [
              105.49584817201854,
              21.15937547944465
            ],
            [
              105.4898991132799,
              21.140188357724853
            ]
          ]
        ]
      }
    },
    {
      "type": "Feature",
      "id": "qhc_51",
      "properties": {
        "name": "Khu dân cư hiện trạng chỉnh trang ODT-8-9",
        "district": "Quận Nam Từ Liêm",
        "code": "ODT",
        "land_use": "Đất ở tại đô thị, phục vụ cải tạo chỉnh trang và xây mới nhà ở.",
        "area_ha": 746.9,
        "density": "55%",
        "height_limit": "3-7 tầng",
        "notes": "Quy hoạch chung xây dựng Thủ đô đến năm 2030 và tầm nhìn đến năm 2050."
      },
      "geometry": {
        "type": "Polygon",
        "coordinates": [
          [
            [
              105.52652296700751,
              20.91945430309997
            ],
            [
              105.532255,
              20.922149
            ],
            [
              105.537687,
              20.92624
            ],
            [
              105.538345,
              20.927823
            ],
            [
              105.541541,
              20.924998
            ],
            [
              105.545885,
              20.923153
            ],
            [
              105.551331,
              20.926018
            ],
            [
              105.551825,
              20.9273
            ],
            [
              105.556546628113,
              20.926845396962676
            ],
            [
              105.5614871439069,
              20.953037723257523
            ],
            [
              105.53156239541133,
              20.941976382635254
            ],
            [
              105.52652296700751,
              20.91945430309997
            ]
          ]
        ]
      }
    },
    {
      "type": "Feature",
      "id": "qhc_52",
      "properties": {
        "name": "Khu đô thị hỗn hợp cao tầng HHT-8-10",
        "district": "Huyện Thạch Thất",
        "code": "HHT",
        "land_use": "Đất hỗn hợp đa chức năng kết hợp nhà ở và trung tâm thương mại.",
        "area_ha": 1390,
        "density": "45%",
        "height_limit": "18-35 tầng",
        "notes": "Quy hoạch chung xây dựng Thủ đô đến năm 2030 và tầm nhìn đến năm 2050."
      },
      "geometry": {
        "type": "Polygon",
        "coordinates": [
          [
            [
              105.5279482387354,
              20.984893765890817
            ],
            [
              105.53156239541133,
              20.941976382635254
            ],
            [
              105.5614871439069,
              20.953037723257523
            ],
            [
              105.5538566726151,
              20.992591544512333
            ],
            [
              105.5279482387354,
              20.984893765890817
            ]
          ]
        ]
      }
    },
    {
      "type": "Feature",
      "id": "qhc_53",
      "properties": {
        "name": "Cụm công nghiệp tập trung, kho vận CN-8-11",
        "district": "Huyện Thạch Thất",
        "code": "CN",
        "land_use": "Đất công nghiệp phi nông nghiệp, sản xuất sạch, kho bãi tập trung.",
        "area_ha": 1389.2,
        "density": "65%",
        "height_limit": "5-9 tầng",
        "notes": "Quy hoạch chung xây dựng Thủ đô đến năm 2030 và tầm nhìn đến năm 2050."
      },
      "geometry": {
        "type": "Polygon",
        "coordinates": [
          [
            [
              105.52067047446178,
              21.02013259429325
            ],
            [
              105.5279482387354,
              20.984893765890817
            ],
            [
              105.5538566726151,
              20.992591544512333
            ],
            [
              105.564312387938,
              21.027249212370386
            ],
            [
              105.52067047446178,
              21.02013259429325
            ]
          ]
        ]
      }
    },
    {
      "type": "Feature",
      "id": "qhc_54",
      "properties": {
        "name": "Khu dân cư hiện trạng chỉnh trang ODT-8-12",
        "district": "Huyện Thạch Thất",
        "code": "ODT",
        "land_use": "Đất ở tại đô thị, phục vụ cải tạo chỉnh trang và xây mới nhà ở.",
        "area_ha": 1550.7,
        "density": "55%",
        "height_limit": "3-7 tầng",
        "notes": "Quy hoạch chung xây dựng Thủ đô đến năm 2030 và tầm nhìn đến năm 2050."
      },
      "geometry": {
        "type": "Polygon",
        "coordinates": [
          [
            [
              105.52067047446178,
              21.02013259429325
            ],
            [
              105.564312387938,
              21.027249212370386
            ],
            [
              105.56286830426805,
              21.060350504335556
            ],
            [
              105.53041775558415,
              21.058634899848396
            ],
            [
              105.52067047446178,
              21.02013259429325
            ]
          ]
        ]
      }
    },
    {
      "type": "Feature",
      "id": "qhc_55",
      "properties": {
        "name": "Cụm công nghiệp tập trung, kho vận CN-8-13",
        "district": "Huyện Thạch Thất",
        "code": "CN",
        "land_use": "Đất công nghiệp phi nông nghiệp, sản xuất sạch, kho bãi tập trung.",
        "area_ha": 1204.8,
        "density": "65%",
        "height_limit": "5-9 tầng",
        "notes": "Quy hoạch chung xây dựng Thủ đô đến năm 2030 và tầm nhìn đến năm 2050."
      },
      "geometry": {
        "type": "Polygon",
        "coordinates": [
          [
            [
              105.52946059609478,
              21.089838672488842
            ],
            [
              105.53041775558415,
              21.058634899848396
            ],
            [
              105.56286830426805,
              21.060350504335556
            ],
            [
              105.55350742783126,
              21.10077018907107
            ],
            [
              105.52946059609478,
              21.089838672488842
            ]
          ]
        ]
      }
    },
    {
      "type": "Feature",
      "id": "qhc_56",
      "properties": {
        "name": "Khu hành chính công sở, liên cơ quan HCTH-8-14",
        "district": "Huyện Thạch Thất",
        "code": "HCTH",
        "land_use": "Đất hành chính công sở, cơ quan đầu não nhà nước địa phương.",
        "area_ha": 1237.4,
        "density": "25%",
        "height_limit": "5-9 tầng",
        "notes": "Quy hoạch chung xây dựng Thủ đô đến năm 2030 và tầm nhìn đến năm 2050."
      },
      "geometry": {
        "type": "Polygon",
        "coordinates": [
          [
            [
              105.52694456688111,
              21.1374668638818
            ],
            [
              105.52946059609478,
              21.089838672488842
            ],
            [
              105.55350742783126,
              21.10077018907107
            ],
            [
              105.56174413751526,
              21.1260129346198
            ],
            [
              105.52694456688111,
              21.1374668638818
            ]
          ]
        ]
      }
    },
    {
      "type": "Feature",
      "id": "qhc_57",
      "properties": {
        "name": "Công viên cây xanh, hồ điều hòa CX-8-15",
        "district": "Huyện Sóc Sơn",
        "code": "CX",
        "land_use": "Đất cây xanh công viên, mặt nước cảnh quan điều hòa khí hậu đô thị.",
        "area_ha": 928.8,
        "density": "45%",
        "height_limit": "5-9 tầng",
        "notes": "Quy hoạch chung xây dựng Thủ đô đến năm 2030 và tầm nhìn đến năm 2050."
      },
      "geometry": {
        "type": "Polygon",
        "coordinates": [
          [
            [
              105.52694456688111,
              21.1374668638818
            ],
            [
              105.56174413751526,
              21.1260129346198
            ],
            [
              105.5565353083772,
              21.159275645666163
            ],
            [
              105.553808,
              21.159067
            ],
            [
              105.528306,
              21.155139
            ],
            [
              105.52749835043576,
              21.155244416504743
            ],
            [
              105.52694456688111,
              21.1374668638818
            ]
          ]
        ]
      }
    },
    {
      "type": "Feature",
      "id": "qhc_58",
      "properties": {
        "name": "Khu dân cư hiện trạng chỉnh trang ODT-9-6",
        "district": "Quận Hai Bà Trưng",
        "code": "ODT",
        "land_use": "Đất ở tại đô thị, phục vụ cải tạo chỉnh trang và xây mới nhà ở.",
        "area_ha": 549.7,
        "density": "55%",
        "height_limit": "3-7 tầng",
        "notes": "Quy hoạch chung xây dựng Thủ đô đến năm 2030 và tầm nhìn đến năm 2050."
      },
      "geometry": {
        "type": "Polygon",
        "coordinates": [
          [
            [
              105.55514575893393,
              20.806197561969313
            ],
            [
              105.555724,
              20.80605
            ],
            [
              105.559058,
              20.808203
            ],
            [
              105.564271,
              20.809459
            ],
            [
              105.566273,
              20.808432
            ],
            [
              105.571369,
              20.808687
            ],
            [
              105.575212,
              20.807943
            ],
            [
              105.582803,
              20.81186
            ],
            [
              105.583594,
              20.817147
            ],
            [
              105.584625,
              20.818821
            ],
            [
              105.58765,
              20.820206
            ],
            [
              105.587835,
              20.822736
            ],
            [
              105.586619,
              20.826169
            ],
            [
              105.588114,
              20.831345
            ],
            [
              105.59298909491915,
              20.8307707442834
            ],
            [
              105.59332544212523,
              20.837354504529532
            ],
            [
              105.58084484176828,
              20.834538774621436
            ],
            [
              105.57908,
              20.827873
            ],
            [
              105.579566,
              20.826916
            ],
            [
              105.575343,
              20.822525
            ],
            [
              105.566166,
              20.821662
            ],
            [
              105.562492,
              20.822914
            ],
            [
              105.559921,
              20.81787
            ],
            [
              105.559195,
              20.812431
            ],
            [
              105.55569582301898,
              20.810096152304066
            ],
            [
              105.55514575893393,
              20.806197561969313
            ]
          ]
        ]
      }
    },
    {
      "type": "Feature",
      "id": "qhc_59",
      "properties": {
        "name": "Khu dân cư hiện trạng chỉnh trang ODT-9-8",
        "district": "Quận Long Biên",
        "code": "ODT",
        "land_use": "Đất ở tại đô thị, phục vụ cải tạo chỉnh trang và xây mới nhà ở.",
        "area_ha": 1222.6,
        "density": "55%",
        "height_limit": "3-7 tầng",
        "notes": "Quy hoạch chung xây dựng Thủ đô đến năm 2030 và tầm nhìn đến năm 2050."
      },
      "geometry": {
        "type": "Polygon",
        "coordinates": [
          [
            [
              105.55580442427231,
              20.8877339917569
            ],
            [
              105.55744944054314,
              20.880138456958573
            ],
            [
              105.55939,
              20.88043
            ],
            [
              105.559628,
              20.877354
            ],
            [
              105.560667,
              20.877085
            ],
            [
              105.561354,
              20.875493
            ],
            [
              105.563404,
              20.876056
            ],
            [
              105.563042,
              20.873806
            ],
            [
              105.563583,
              20.873247
            ],
            [
              105.567972,
              20.872543
            ],
            [
              105.56886910213714,
              20.871627079341017
            ],
            [
              105.59148181224703,
              20.87156632419167
            ],
            [
              105.5910784991986,
              20.905598132978987
            ],
            [
              105.55596030285102,
              20.904251002632037
            ],
            [
              105.556183,
              20.904028
            ],
            [
              105.563168,
              20.89863
            ],
            [
              105.560909,
              20.897561
            ],
            [
              105.559358,
              20.890592
            ],
            [
              105.557347,
              20.889772
            ],
            [
              105.55580442427231,
              20.8877339917569
            ]
          ]
        ]
      }
    },
    {
      "type": "Feature",
      "id": "qhc_60",
      "properties": {
        "name": "Khu dân cư hiện trạng chỉnh trang ODT-9-10",
        "district": "Huyện Thạch Thất",
        "code": "ODT",
        "land_use": "Đất ở tại đô thị, phục vụ cải tạo chỉnh trang và xây mới nhà ở.",
        "area_ha": 1394.1,
        "density": "55%",
        "height_limit": "3-7 tầng",
        "notes": "Quy hoạch chung xây dựng Thủ đô đến năm 2030 và tầm nhìn đến năm 2050."
      },
      "geometry": {
        "type": "Polygon",
        "coordinates": [
          [
            [
              105.5538566726151,
              20.992591544512333
            ],
            [
              105.5614871439069,
              20.953037723257523
            ],
            [
              105.58854548088593,
              20.944950460773715
            ],
            [
              105.58753435920424,
              20.986884560515094
            ],
            [
              105.5538566726151,
              20.992591544512333
            ]
          ]
        ]
      }
    },
    {
      "type": "Feature",
      "id": "qhc_61",
      "properties": {
        "name": "Khu hành chính công sở, liên cơ quan HCTH-9-11",
        "district": "Huyện Thạch Thất",
        "code": "HCTH",
        "land_use": "Đất hành chính công sở, cơ quan đầu não nhà nước địa phương.",
        "area_ha": 1182,
        "density": "25%",
        "height_limit": "5-9 tầng",
        "notes": "Quy hoạch chung xây dựng Thủ đô đến năm 2030 và tầm nhìn đến năm 2050."
      },
      "geometry": {
        "type": "Polygon",
        "coordinates": [
          [
            [
              105.5538566726151,
              20.992591544512333
            ],
            [
              105.58753435920424,
              20.986884560515094
            ],
            [
              105.58729279616593,
              21.022664507042958
            ],
            [
              105.564312387938,
              21.027249212370386
            ],
            [
              105.5538566726151,
              20.992591544512333
            ]
          ]
        ]
      }
    },
    {
      "type": "Feature",
      "id": "qhc_62",
      "properties": {
        "name": "Tổ hợp dịch vụ, trung tâm thương mại TMDV-9-12",
        "district": "Huyện Thạch Thất",
        "code": "TMDV",
        "land_use": "Đất thương mại dịch vụ cao tầng, văn phòng, siêu thị, khách sạn.",
        "area_ha": 1037.5,
        "density": "45%",
        "height_limit": "5-9 tầng",
        "notes": "Quy hoạch chung xây dựng Thủ đô đến năm 2030 và tầm nhìn đến năm 2050."
      },
      "geometry": {
        "type": "Polygon",
        "coordinates": [
          [
            [
              105.56286830426805,
              21.060350504335556
            ],
            [
              105.564312387938,
              21.027249212370386
            ],
            [
              105.58729279616593,
              21.022664507042958
            ],
            [
              105.59503535271901,
              21.053463036012026
            ],
            [
              105.56286830426805,
              21.060350504335556
            ]
          ]
        ]
      }
    },
    {
      "type": "Feature",
      "id": "qhc_63",
      "properties": {
        "name": "Tổ hợp dịch vụ, trung tâm thương mại TMDV-9-13",
        "district": "Huyện Thạch Thất",
        "code": "TMDV",
        "land_use": "Đất thương mại dịch vụ cao tầng, văn phòng, siêu thị, khách sạn.",
        "area_ha": 1180.4,
        "density": "45%",
        "height_limit": "5-9 tầng",
        "notes": "Quy hoạch chung xây dựng Thủ đô đến năm 2030 và tầm nhìn đến năm 2050."
      },
      "geometry": {
        "type": "Polygon",
        "coordinates": [
          [
            [
              105.55350742783126,
              21.10077018907107
            ],
            [
              105.56286830426805,
              21.060350504335556
            ],
            [
              105.59503535271901,
              21.053463036012026
            ],
            [
              105.58140712504944,
              21.08850472289748
            ],
            [
              105.55350742783126,
              21.10077018907107
            ]
          ]
        ]
      }
    },
    {
      "type": "Feature",
      "id": "qhc_64",
      "properties": {
        "name": "Công viên cây xanh, hồ điều hòa CX-9-14",
        "district": "Huyện Thạch Thất",
        "code": "CX",
        "land_use": "Đất cây xanh công viên, mặt nước cảnh quan điều hòa khí hậu đô thị.",
        "area_ha": 1070.1,
        "density": "45%",
        "height_limit": "5-9 tầng",
        "notes": "Quy hoạch chung xây dựng Thủ đô đến năm 2030 và tầm nhìn đến năm 2050."
      },
      "geometry": {
        "type": "Polygon",
        "coordinates": [
          [
            [
              105.55350742783126,
              21.10077018907107
            ],
            [
              105.58140712504944,
              21.08850472289748
            ],
            [
              105.58224358782265,
              21.140320667410116
            ],
            [
              105.56174413751526,
              21.1260129346198
            ],
            [
              105.55350742783126,
              21.10077018907107
            ]
          ]
        ]
      }
    },
    {
      "type": "Feature",
      "id": "qhc_65",
      "properties": {
        "name": "Công viên cây xanh, hồ điều hòa CX-9-15",
        "district": "Huyện Sóc Sơn",
        "code": "CX",
        "land_use": "Đất cây xanh công viên, mặt nước cảnh quan điều hòa khí hậu đô thị.",
        "area_ha": 828.1,
        "density": "45%",
        "height_limit": "5-9 tầng",
        "notes": "Quy hoạch chung xây dựng Thủ đô đến năm 2030 và tầm nhìn đến năm 2050."
      },
      "geometry": {
        "type": "Polygon",
        "coordinates": [
          [
            [
              105.5565353083772,
              21.159275645666163
            ],
            [
              105.56174413751526,
              21.1260129346198
            ],
            [
              105.58224358782265,
              21.140320667410116
            ],
            [
              105.58530986422473,
              21.16624290792778
            ],
            [
              105.575143,
              21.164304
            ],
            [
              105.574615,
              21.161162
            ],
            [
              105.570892,
              21.161217
            ],
            [
              105.570814,
              21.160368
            ],
            [
              105.5565353083772,
              21.159275645666163
            ]
          ]
        ]
      }
    },
    {
      "type": "Feature",
      "id": "qhc_66",
      "properties": {
        "name": "Khu dân cư hiện trạng chỉnh trang ODT-10-7",
        "district": "Quận Long Biên",
        "code": "ODT",
        "land_use": "Đất ở tại đô thị, phục vụ cải tạo chỉnh trang và xây mới nhà ở.",
        "area_ha": 1176.1,
        "density": "55%",
        "height_limit": "3-7 tầng",
        "notes": "Quy hoạch chung xây dựng Thủ đô đến năm 2030 và tầm nhìn đến năm 2050."
      },
      "geometry": {
        "type": "Polygon",
        "coordinates": [
          [
            [
              105.59148181224703,
              20.87156632419167
            ],
            [
              105.59332544212523,
              20.837354504529532
            ],
            [
              105.59665166041492,
              20.836423659215004
            ],
            [
              105.596764,
              20.838008
            ],
            [
              105.597579,
              20.838997
            ],
            [
              105.596374,
              20.840945
            ],
            [
              105.596859,
              20.841756
            ],
            [
              105.600086,
              20.841099
            ],
            [
              105.602802,
              20.838093
            ],
            [
              105.609991,
              20.837997
            ],
            [
              105.611673,
              20.835801
            ],
            [
              105.614311,
              20.835239
            ],
            [
              105.616169,
              20.831694
            ],
            [
              105.618869,
              20.831793
            ],
            [
              105.6181,
              20.830488
            ],
            [
              105.62045023401883,
              20.831374773736794
            ],
            [
              105.61881372815344,
              20.87676883281002
            ],
            [
              105.59148181224703,
              20.87156632419167
            ]
          ]
        ]
      }
    },
    {
      "type": "Feature",
      "id": "qhc_67",
      "properties": {
        "name": "Cụm công nghiệp tập trung, kho vận CN-10-8",
        "district": "Quận Cầu Giấy",
        "code": "CN",
        "land_use": "Đất công nghiệp phi nông nghiệp, sản xuất sạch, kho bãi tập trung.",
        "area_ha": 996.3,
        "density": "65%",
        "height_limit": "5-9 tầng",
        "notes": "Quy hoạch chung xây dựng Thủ đô đến năm 2030 và tầm nhìn đến năm 2050."
      },
      "geometry": {
        "type": "Polygon",
        "coordinates": [
          [
            [
              105.5910784991986,
              20.905598132978987
            ],
            [
              105.59148181224703,
              20.87156632419167
            ],
            [
              105.61881372815344,
              20.87676883281002
            ],
            [
              105.61929313429374,
              20.904853192516814
            ],
            [
              105.5910784991986,
              20.905598132978987
            ]
          ]
        ]
      }
    },
    {
      "type": "Feature",
      "id": "qhc_68",
      "properties": {
        "name": "Khu dân cư hiện trạng chỉnh trang ODT-10-9",
        "district": "Quận Long Biên",
        "code": "ODT",
        "land_use": "Đất ở tại đô thị, phục vụ cải tạo chỉnh trang và xây mới nhà ở.",
        "area_ha": 1439.5,
        "density": "55%",
        "height_limit": "3-7 tầng",
        "notes": "Quy hoạch chung xây dựng Thủ đô đến năm 2030 và tầm nhìn đến năm 2050."
      },
      "geometry": {
        "type": "Polygon",
        "coordinates": [
          [
            [
              105.58854548088593,
              20.944950460773715
            ],
            [
              105.5910784991986,
              20.905598132978987
            ],
            [
              105.61929313429374,
              20.904853192516814
            ],
            [
              105.61681741437027,
              20.95311107473657
            ],
            [
              105.58854548088593,
              20.944950460773715
            ]
          ]
        ]
      }
    },
    {
      "type": "Feature",
      "id": "qhc_69",
      "properties": {
        "name": "Cụm công nghiệp tập trung, kho vận CN-10-10",
        "district": "Huyện Thạch Thất",
        "code": "CN",
        "land_use": "Đất công nghiệp phi nông nghiệp, sản xuất sạch, kho bãi tập trung.",
        "area_ha": 1507,
        "density": "65%",
        "height_limit": "5-9 tầng",
        "notes": "Quy hoạch chung xây dựng Thủ đô đến năm 2030 và tầm nhìn đến năm 2050."
      },
      "geometry": {
        "type": "Polygon",
        "coordinates": [
          [
            [
              105.58753435920424,
              20.986884560515094
            ],
            [
              105.58854548088593,
              20.944950460773715
            ],
            [
              105.61681741437027,
              20.95311107473657
            ],
            [
              105.62520210143367,
              20.99182282272932
            ],
            [
              105.58753435920424,
              20.986884560515094
            ]
          ]
        ]
      }
    },
    {
      "type": "Feature",
      "id": "qhc_70",
      "properties": {
        "name": "Tổ hợp dịch vụ, trung tâm thương mại TMDV-10-11",
        "district": "Huyện Thạch Thất",
        "code": "TMDV",
        "land_use": "Đất thương mại dịch vụ cao tầng, văn phòng, siêu thị, khách sạn.",
        "area_ha": 1314.4,
        "density": "45%",
        "height_limit": "5-9 tầng",
        "notes": "Quy hoạch chung xây dựng Thủ đô đến năm 2030 và tầm nhìn đến năm 2050."
      },
      "geometry": {
        "type": "Polygon",
        "coordinates": [
          [
            [
              105.58729279616593,
              21.022664507042958
            ],
            [
              105.58753435920424,
              20.986884560515094
            ],
            [
              105.62520210143367,
              20.99182282272932
            ],
            [
              105.62075422610464,
              21.019933839989843
            ],
            [
              105.58729279616593,
              21.022664507042958
            ]
          ]
        ]
      }
    },
    {
      "type": "Feature",
      "id": "qhc_71",
      "properties": {
        "name": "Khu dân cư hiện trạng chỉnh trang ODT-10-12",
        "district": "Huyện Thạch Thất",
        "code": "ODT",
        "land_use": "Đất ở tại đô thị, phục vụ cải tạo chỉnh trang và xây mới nhà ở.",
        "area_ha": 1154.5,
        "density": "55%",
        "height_limit": "3-7 tầng",
        "notes": "Quy hoạch chung xây dựng Thủ đô đến năm 2030 và tầm nhìn đến năm 2050."
      },
      "geometry": {
        "type": "Polygon",
        "coordinates": [
          [
            [
              105.58729279616593,
              21.022664507042958
            ],
            [
              105.62075422610464,
              21.019933839989843
            ],
            [
              105.61643092222401,
              21.06247222919848
            ],
            [
              105.59503535271901,
              21.053463036012026
            ],
            [
              105.58729279616593,
              21.022664507042958
            ]
          ]
        ]
      }
    },
    {
      "type": "Feature",
      "id": "qhc_72",
      "properties": {
        "name": "Cụm công nghiệp tập trung, kho vận CN-10-13",
        "district": "Huyện Thạch Thất",
        "code": "CN",
        "land_use": "Đất công nghiệp phi nông nghiệp, sản xuất sạch, kho bãi tập trung.",
        "area_ha": 1271.3,
        "density": "65%",
        "height_limit": "5-9 tầng",
        "notes": "Quy hoạch chung xây dựng Thủ đô đến năm 2030 và tầm nhìn đến năm 2050."
      },
      "geometry": {
        "type": "Polygon",
        "coordinates": [
          [
            [
              105.58140712504944,
              21.08850472289748
            ],
            [
              105.59503535271901,
              21.053463036012026
            ],
            [
              105.61643092222401,
              21.06247222919848
            ],
            [
              105.61825881916934,
              21.09912693126836
            ],
            [
              105.58140712504944,
              21.08850472289748
            ]
          ]
        ]
      }
    },
    {
      "type": "Feature",
      "id": "qhc_73",
      "properties": {
        "name": "Cụm công nghiệp tập trung, kho vận CN-10-14",
        "district": "Huyện Thạch Thất",
        "code": "CN",
        "land_use": "Đất công nghiệp phi nông nghiệp, sản xuất sạch, kho bãi tập trung.",
        "area_ha": 1870.6,
        "density": "65%",
        "height_limit": "5-9 tầng",
        "notes": "Quy hoạch chung xây dựng Thủ đô đến năm 2030 và tầm nhìn đến năm 2050."
      },
      "geometry": {
        "type": "Polygon",
        "coordinates": [
          [
            [
              105.58140712504944,
              21.08850472289748
            ],
            [
              105.61825881916934,
              21.09912693126836
            ],
            [
              105.62284400307371,
              21.131169300934
            ],
            [
              105.58224358782265,
              21.140320667410116
            ],
            [
              105.58140712504944,
              21.08850472289748
            ]
          ]
        ]
      }
    },
    {
      "type": "Feature",
      "id": "qhc_74",
      "properties": {
        "name": "Cụm công nghiệp tập trung, kho vận CN-10-15",
        "district": "Huyện Sóc Sơn",
        "code": "CN",
        "land_use": "Đất công nghiệp phi nông nghiệp, sản xuất sạch, kho bãi tập trung.",
        "area_ha": 1213.3,
        "density": "65%",
        "height_limit": "5-9 tầng",
        "notes": "Quy hoạch chung xây dựng Thủ đô đến năm 2030 và tầm nhìn đến năm 2050."
      },
      "geometry": {
        "type": "Polygon",
        "coordinates": [
          [
            [
              105.58224358782265,
              21.140320667410116
            ],
            [
              105.62284400307371,
              21.131169300934
            ],
            [
              105.61505605024115,
              21.16196492934033
            ],
            [
              105.59949206606007,
              21.16894757506645
            ],
            [
              105.58530986422473,
              21.16624290792778
            ],
            [
              105.58224358782265,
              21.140320667410116
            ]
          ]
        ]
      }
    },
    {
      "type": "Feature",
      "id": "qhc_75",
      "properties": {
        "name": "Tổ hợp dịch vụ, trung tâm thương mại TMDV-11-6",
        "district": "Quận Hai Bà Trưng",
        "code": "TMDV",
        "land_use": "Đất thương mại dịch vụ cao tầng, văn phòng, siêu thị, khách sạn.",
        "area_ha": 810.9,
        "density": "45%",
        "height_limit": "5-9 tầng",
        "notes": "Quy hoạch chung xây dựng Thủ đô đến năm 2030 và tầm nhìn đến năm 2050."
      },
      "geometry": {
        "type": "Polygon",
        "coordinates": [
          [
            [
              105.626055,
              20.814626
            ],
            [
              105.628034,
              20.81444
            ],
            [
              105.628302,
              20.815442
            ],
            [
              105.630542,
              20.815867
            ],
            [
              105.630978,
              20.813879
            ],
            [
              105.632192,
              20.813629
            ],
            [
              105.631118,
              20.811186
            ],
            [
              105.632244,
              20.809676
            ],
            [
              105.632996,
              20.805778
            ],
            [
              105.632502,
              20.803403
            ],
            [
              105.634257,
              20.802204
            ],
            [
              105.634659,
              20.800576
            ],
            [
              105.633173,
              20.796162
            ],
            [
              105.630621,
              20.793834
            ],
            [
              105.6306766527458,
              20.793818866512066
            ],
            [
              105.6344883644094,
              20.793785320716367
            ],
            [
              105.635772,
              20.795312
            ],
            [
              105.63717633099961,
              20.793761664683057
            ],
            [
              105.64413454790834,
              20.793700427385108
            ],
            [
              105.645779,
              20.796458
            ],
            [
              105.64618300571588,
              20.793682399487626
            ],
            [
              105.65225819638476,
              20.79362893345373
            ],
            [
              105.65017264942905,
              20.838620955496882
            ],
            [
              105.63597410538274,
              20.83437352682812
            ],
            [
              105.635659,
              20.832744
            ],
            [
              105.636408,
              20.831973
            ],
            [
              105.641676,
              20.833027
            ],
            [
              105.641877,
              20.832484
            ],
            [
              105.642055,
              20.830971
            ],
            [
              105.640537,
              20.829935
            ],
            [
              105.642106,
              20.827483
            ],
            [
              105.641071,
              20.824032
            ],
            [
              105.639856,
              20.824015
            ],
            [
              105.636133,
              20.821438
            ],
            [
              105.633511,
              20.822146
            ],
            [
              105.632681,
              20.820796
            ],
            [
              105.630664,
              20.820861
            ],
            [
              105.630496,
              20.819876
            ],
            [
              105.632206,
              20.820014
            ],
            [
              105.63121,
              20.817347
            ],
            [
              105.629105,
              20.816166
            ],
            [
              105.627485,
              20.816435
            ],
            [
              105.627018,
              20.814711
            ],
            [
              105.626055,
              20.814626
            ]
          ]
        ]
      }
    },
    {
      "type": "Feature",
      "id": "qhc_76",
      "properties": {
        "name": "Khu dân cư hiện trạng chỉnh trang ODT-11-7",
        "district": "Quận Cầu Giấy",
        "code": "ODT",
        "land_use": "Đất ở tại đô thị, phục vụ cải tạo chỉnh trang và xây mới nhà ở.",
        "area_ha": 1463.4,
        "density": "55%",
        "height_limit": "3-7 tầng",
        "notes": "Quy hoạch chung xây dựng Thủ đô đến năm 2030 và tầm nhìn đến năm 2050."
      },
      "geometry": {
        "type": "Polygon",
        "coordinates": [
          [
            [
              105.61881372815344,
              20.87676883281002
            ],
            [
              105.62045023401883,
              20.831374773736794
            ],
            [
              105.621829,
              20.831895
            ],
            [
              105.624091,
              20.831814
            ],
            [
              105.62822,
              20.834199
            ],
            [
              105.632134,
              20.835375
            ],
            [
              105.633823,
              20.837232
            ],
            [
              105.633781,
              20.838522
            ],
            [
              105.636664,
              20.839283
            ],
            [
              105.635281,
              20.835778
            ],
            [
              105.636155,
              20.835309
            ],
            [
              105.63597410538274,
              20.83437352682812
            ],
            [
              105.65017264942905,
              20.838620955496882
            ],
            [
              105.65054947918004,
              20.876230679958034
            ],
            [
              105.61881372815344,
              20.87676883281002
            ]
          ]
        ]
      }
    },
    {
      "type": "Feature",
      "id": "qhc_77",
      "properties": {
        "name": "Khu dân cư hiện trạng chỉnh trang ODT-11-8",
        "district": "Quận Long Biên",
        "code": "ODT",
        "land_use": "Đất ở tại đô thị, phục vụ cải tạo chỉnh trang và xây mới nhà ở.",
        "area_ha": 1051.4,
        "density": "55%",
        "height_limit": "3-7 tầng",
        "notes": "Quy hoạch chung xây dựng Thủ đô đến năm 2030 và tầm nhìn đến năm 2050."
      },
      "geometry": {
        "type": "Polygon",
        "coordinates": [
          [
            [
              105.61881372815344,
              20.87676883281002
            ],
            [
              105.65054947918004,
              20.876230679958034
            ],
            [
              105.65235847770228,
              20.904292537884952
            ],
            [
              105.61929313429374,
              20.904853192516814
            ],
            [
              105.61881372815344,
              20.87676883281002
            ]
          ]
        ]
      }
    },
    {
      "type": "Feature",
      "id": "qhc_78",
      "properties": {
        "name": "Công viên cây xanh, hồ điều hòa CX-11-9",
        "district": "Quận Hai Bà Trưng",
        "code": "CX",
        "land_use": "Đất cây xanh công viên, mặt nước cảnh quan điều hòa khí hậu đô thị.",
        "area_ha": 1513,
        "density": "45%",
        "height_limit": "5-9 tầng",
        "notes": "Quy hoạch chung xây dựng Thủ đô đến năm 2030 và tầm nhìn đến năm 2050."
      },
      "geometry": {
        "type": "Polygon",
        "coordinates": [
          [
            [
              105.61681741437027,
              20.95311107473657
            ],
            [
              105.61929313429374,
              20.904853192516814
            ],
            [
              105.65235847770228,
              20.904292537884952
            ],
            [
              105.64716384318747,
              20.94029473907608
            ],
            [
              105.61681741437027,
              20.95311107473657
            ]
          ]
        ]
      }
    },
    {
      "type": "Feature",
      "id": "qhc_79",
      "properties": {
        "name": "Khu dân cư hiện trạng chỉnh trang ODT-11-10",
        "district": "Huyện Thạch Thất",
        "code": "ODT",
        "land_use": "Đất ở tại đô thị, phục vụ cải tạo chỉnh trang và xây mới nhà ở.",
        "area_ha": 1604.6,
        "density": "55%",
        "height_limit": "3-7 tầng",
        "notes": "Quy hoạch chung xây dựng Thủ đô đến năm 2030 và tầm nhìn đến năm 2050."
      },
      "geometry": {
        "type": "Polygon",
        "coordinates": [
          [
            [
              105.61681741437027,
              20.95311107473657
            ],
            [
              105.64716384318747,
              20.94029473907608
            ],
            [
              105.65604104881987,
              20.987648552072592
            ],
            [
              105.62520210143367,
              20.99182282272932
            ],
            [
              105.61681741437027,
              20.95311107473657
            ]
          ]
        ]
      }
    },
    {
      "type": "Feature",
      "id": "qhc_80",
      "properties": {
        "name": "Tổ hợp dịch vụ, trung tâm thương mại TMDV-11-11",
        "district": "Huyện Thạch Thất",
        "code": "TMDV",
        "land_use": "Đất thương mại dịch vụ cao tầng, văn phòng, siêu thị, khách sạn.",
        "area_ha": 1231.7,
        "density": "45%",
        "height_limit": "5-9 tầng",
        "notes": "Quy hoạch chung xây dựng Thủ đô đến năm 2030 và tầm nhìn đến năm 2050."
      },
      "geometry": {
        "type": "Polygon",
        "coordinates": [
          [
            [
              105.62075422610464,
              21.019933839989843
            ],
            [
              105.62520210143367,
              20.99182282272932
            ],
            [
              105.65604104881987,
              20.987648552072592
            ],
            [
              105.65045054627272,
              21.029205563793706
            ],
            [
              105.62075422610464,
              21.019933839989843
            ]
          ]
        ]
      }
    },
    {
      "type": "Feature",
      "id": "qhc_81",
      "properties": {
        "name": "Khu dân cư hiện trạng chỉnh trang ODT-11-12",
        "district": "Huyện Thạch Thất",
        "code": "ODT",
        "land_use": "Đất ở tại đô thị, phục vụ cải tạo chỉnh trang và xây mới nhà ở.",
        "area_ha": 1387.9,
        "density": "55%",
        "height_limit": "3-7 tầng",
        "notes": "Quy hoạch chung xây dựng Thủ đô đến năm 2030 và tầm nhìn đến năm 2050."
      },
      "geometry": {
        "type": "Polygon",
        "coordinates": [
          [
            [
              105.61643092222401,
              21.06247222919848
            ],
            [
              105.62075422610464,
              21.019933839989843
            ],
            [
              105.65045054627272,
              21.029205563793706
            ],
            [
              105.65528009292869,
              21.056877926080322
            ],
            [
              105.61643092222401,
              21.06247222919848
            ]
          ]
        ]
      }
    },
    {
      "type": "Feature",
      "id": "qhc_82",
      "properties": {
        "name": "Cụm công nghiệp tập trung, kho vận CN-11-13",
        "district": "Huyện Thạch Thất",
        "code": "CN",
        "land_use": "Đất công nghiệp phi nông nghiệp, sản xuất sạch, kho bãi tập trung.",
        "area_ha": 1658.7,
        "density": "65%",
        "height_limit": "5-9 tầng",
        "notes": "Quy hoạch chung xây dựng Thủ đô đến năm 2030 và tầm nhìn đến năm 2050."
      },
      "geometry": {
        "type": "Polygon",
        "coordinates": [
          [
            [
              105.61643092222401,
              21.06247222919848
            ],
            [
              105.65528009292869,
              21.056877926080322
            ],
            [
              105.65658095006832,
              21.09432188962839
            ],
            [
              105.61825881916934,
              21.09912693126836
            ],
            [
              105.61643092222401,
              21.06247222919848
            ]
          ]
        ]
      }
    },
    {
      "type": "Feature",
      "id": "qhc_83",
      "properties": {
        "name": "Khu dân cư hiện trạng chỉnh trang ODT-11-14",
        "district": "Huyện Thạch Thất",
        "code": "ODT",
        "land_use": "Đất ở tại đô thị, phục vụ cải tạo chỉnh trang và xây mới nhà ở.",
        "area_ha": 1471.3,
        "density": "55%",
        "height_limit": "3-7 tầng",
        "notes": "Quy hoạch chung xây dựng Thủ đô đến năm 2030 và tầm nhìn đến năm 2050."
      },
      "geometry": {
        "type": "Polygon",
        "coordinates": [
          [
            [
              105.61825881916934,
              21.09912693126836
            ],
            [
              105.65658095006832,
              21.09432188962839
            ],
            [
              105.65012051764403,
              21.139947270808914
            ],
            [
              105.62284400307371,
              21.131169300934
            ],
            [
              105.61825881916934,
              21.09912693126836
            ]
          ]
        ]
      }
    },
    {
      "type": "Feature",
      "id": "qhc_84",
      "properties": {
        "name": "Tổ hợp dịch vụ, trung tâm thương mại TMDV-11-15",
        "district": "Huyện Sóc Sơn",
        "code": "TMDV",
        "land_use": "Đất thương mại dịch vụ cao tầng, văn phòng, siêu thị, khách sạn.",
        "area_ha": 1168.8,
        "density": "45%",
        "height_limit": "5-9 tầng",
        "notes": "Quy hoạch chung xây dựng Thủ đô đến năm 2030 và tầm nhìn đến năm 2050."
      },
      "geometry": {
        "type": "Polygon",
        "coordinates": [
          [
            [
              105.61505605024115,
              21.16196492934033
            ],
            [
              105.62284400307371,
              21.131169300934
            ],
            [
              105.65012051764403,
              21.139947270808914
            ],
            [
              105.65472086250763,
              21.168965618578657
            ],
            [
              105.61505605024115,
              21.16196492934033
            ]
          ]
        ]
      }
    },
    {
      "type": "Feature",
      "id": "qhc_85",
      "properties": {
        "name": "Khu đô thị hỗn hợp cao tầng HHT-11-16",
        "district": "Huyện Sóc Sơn",
        "code": "HHT",
        "land_use": "Đất hỗn hợp đa chức năng kết hợp nhà ở và trung tâm thương mại.",
        "area_ha": 1354,
        "density": "45%",
        "height_limit": "18-35 tầng",
        "notes": "Quy hoạch chung xây dựng Thủ đô đến năm 2030 và tầm nhìn đến năm 2050."
      },
      "geometry": {
        "type": "Polygon",
        "coordinates": [
          [
            [
              105.61505605024115,
              21.16196492934033
            ],
            [
              105.65472086250763,
              21.168965618578657
            ],
            [
              105.65418361697284,
              21.201007471752554
            ],
            [
              105.62336734249283,
              21.205312724362777
            ],
            [
              105.62245385346182,
              21.200548394813033
            ],
            [
              105.622656,
              21.200483
            ],
            [
              105.6221134241785,
              21.19877287563421
            ],
            [
              105.62170985610865,
              21.196668054213053
            ],
            [
              105.622044,
              21.194962
            ],
            [
              105.621449,
              21.19496
            ],
            [
              105.62456,
              21.193485
            ],
            [
              105.624921,
              21.187653
            ],
            [
              105.628969,
              21.1847
            ],
            [
              105.62725,
              21.182665
            ],
            [
              105.628437,
              21.181734
            ],
            [
              105.627886,
              21.180747
            ],
            [
              105.62521,
              21.181716
            ],
            [
              105.624215,
              21.180474
            ],
            [
              105.626534,
              21.178028
            ],
            [
              105.626617,
              21.170604
            ],
            [
              105.624328,
              21.173684
            ],
            [
              105.61703638535236,
              21.172293426748098
            ],
            [
              105.61505605024115,
              21.16196492934033
            ]
          ]
        ]
      }
    },
    {
      "type": "Feature",
      "id": "qhc_86",
      "properties": {
        "name": "Khu dân cư hiện trạng chỉnh trang ODT-12-4",
        "district": "Huyện Mỹ Đức",
        "code": "ODT",
        "land_use": "Đất ở tại đô thị, phục vụ cải tạo chỉnh trang và xây mới nhà ở.",
        "area_ha": 976.8,
        "density": "55%",
        "height_limit": "3-7 tầng",
        "notes": "Quy hoạch chung xây dựng Thủ đô đến năm 2030 và tầm nhìn đến năm 2050."
      },
      "geometry": {
        "type": "Polygon",
        "coordinates": [
          [
            [
              105.65365862720621,
              20.752631068363296
            ],
            [
              105.654396,
              20.74761
            ],
            [
              105.657142,
              20.743518
            ],
            [
              105.657839,
              20.740851
            ],
            [
              105.661188,
              20.739486
            ],
            [
              105.663606,
              20.736293
            ],
            [
              105.667058,
              20.735052
            ],
            [
              105.662832,
              20.727381
            ],
            [
              105.66287,
              20.725674
            ],
            [
              105.660819,
              20.723292
            ],
            [
              105.66278191845275,
              20.72090123156074
            ],
            [
              105.67575579089004,
              20.71977376711498
            ],
            [
              105.67905071931351,
              20.768945796095608
            ],
            [
              105.65604685273638,
              20.763166661311303
            ],
            [
              105.65365862720621,
              20.752631068363296
            ]
          ]
        ]
      }
    },
    {
      "type": "Feature",
      "id": "qhc_87",
      "properties": {
        "name": "Khu dân cư hiện trạng chỉnh trang ODT-12-5",
        "district": "Quận Long Biên",
        "code": "ODT",
        "land_use": "Đất ở tại đô thị, phục vụ cải tạo chỉnh trang và xây mới nhà ở.",
        "area_ha": 1092,
        "density": "55%",
        "height_limit": "3-7 tầng",
        "notes": "Quy hoạch chung xây dựng Thủ đô đến năm 2030 và tầm nhìn đến năm 2050."
      },
      "geometry": {
        "type": "Polygon",
        "coordinates": [
          [
            [
              105.65225819638476,
              20.79362893345373
            ],
            [
              105.65604685273638,
              20.763166661311303
            ],
            [
              105.67905071931351,
              20.768945796095608
            ],
            [
              105.68597812287258,
              20.806110990151996
            ],
            [
              105.65225819638476,
              20.79362893345373
            ]
          ]
        ]
      }
    },
    {
      "type": "Feature",
      "id": "qhc_88",
      "properties": {
        "name": "Khu dân cư hiện trạng chỉnh trang ODT-12-6",
        "district": "Quận Hai Bà Trưng",
        "code": "ODT",
        "land_use": "Đất ở tại đô thị, phục vụ cải tạo chỉnh trang và xây mới nhà ở.",
        "area_ha": 1725.7,
        "density": "55%",
        "height_limit": "3-7 tầng",
        "notes": "Quy hoạch chung xây dựng Thủ đô đến năm 2030 và tầm nhìn đến năm 2050."
      },
      "geometry": {
        "type": "Polygon",
        "coordinates": [
          [
            [
              105.65017264942905,
              20.838620955496882
            ],
            [
              105.65225819638476,
              20.79362893345373
            ],
            [
              105.68597812287258,
              20.806110990151996
            ],
            [
              105.68720645714119,
              20.845306176337175
            ],
            [
              105.65017264942905,
              20.838620955496882
            ]
          ]
        ]
      }
    },
    {
      "type": "Feature",
      "id": "qhc_89",
      "properties": {
        "name": "Công viên cây xanh, hồ điều hòa CX-12-7",
        "district": "Quận Tây Hồ",
        "code": "CX",
        "land_use": "Đất cây xanh công viên, mặt nước cảnh quan điều hòa khí hậu đô thị.",
        "area_ha": 1221.8,
        "density": "45%",
        "height_limit": "5-9 tầng",
        "notes": "Quy hoạch chung xây dựng Thủ đô đến năm 2030 và tầm nhìn đến năm 2050."
      },
      "geometry": {
        "type": "Polygon",
        "coordinates": [
          [
            [
              105.65017264942905,
              20.838620955496882
            ],
            [
              105.68720645714119,
              20.845306176337175
            ],
            [
              105.68020056714131,
              20.870984900223675
            ],
            [
              105.65054947918004,
              20.876230679958034
            ],
            [
              105.65017264942905,
              20.838620955496882
            ]
          ]
        ]
      }
    },
    {
      "type": "Feature",
      "id": "qhc_90",
      "properties": {
        "name": "Cụm công nghiệp tập trung, kho vận CN-12-8",
        "district": "Quận Ba Đình",
        "code": "CN",
        "land_use": "Đất công nghiệp phi nông nghiệp, sản xuất sạch, kho bãi tập trung.",
        "area_ha": 1166.8,
        "density": "65%",
        "height_limit": "5-9 tầng",
        "notes": "Quy hoạch chung xây dựng Thủ đô đến năm 2030 và tầm nhìn đến năm 2050."
      },
      "geometry": {
        "type": "Polygon",
        "coordinates": [
          [
            [
              105.65054947918004,
              20.876230679958034
            ],
            [
              105.68020056714131,
              20.870984900223675
            ],
            [
              105.68296026332357,
              20.910012987996822
            ],
            [
              105.65235847770228,
              20.904292537884952
            ],
            [
              105.65054947918004,
              20.876230679958034
            ]
          ]
        ]
      }
    },
    {
      "type": "Feature",
      "id": "qhc_91",
      "properties": {
        "name": "Công viên cây xanh, hồ điều hòa CX-12-9",
        "district": "Quận Nam Từ Liêm",
        "code": "CX",
        "land_use": "Đất cây xanh công viên, mặt nước cảnh quan điều hòa khí hậu đô thị.",
        "area_ha": 1426.5,
        "density": "45%",
        "height_limit": "5-9 tầng",
        "notes": "Quy hoạch chung xây dựng Thủ đô đến năm 2030 và tầm nhìn đến năm 2050."
      },
      "geometry": {
        "type": "Polygon",
        "coordinates": [
          [
            [
              105.64716384318747,
              20.94029473907608
            ],
            [
              105.65235847770228,
              20.904292537884952
            ],
            [
              105.68296026332357,
              20.910012987996822
            ],
            [
              105.6865652152263,
              20.94436680031183
            ],
            [
              105.64716384318747,
              20.94029473907608
            ]
          ]
        ]
      }
    },
    {
      "type": "Feature",
      "id": "qhc_92",
      "properties": {
        "name": "Khu đô thị hỗn hợp cao tầng HHT-12-10",
        "district": "Quận Nam Từ Liêm",
        "code": "HHT",
        "land_use": "Đất hỗn hợp đa chức năng kết hợp nhà ở và trung tâm thương mại.",
        "area_ha": 1671,
        "density": "45%",
        "height_limit": "18-35 tầng",
        "notes": "Quy hoạch chung xây dựng Thủ đô đến năm 2030 và tầm nhìn đến năm 2050."
      },
      "geometry": {
        "type": "Polygon",
        "coordinates": [
          [
            [
              105.64716384318747,
              20.94029473907608
            ],
            [
              105.6865652152263,
              20.94436680031183
            ],
            [
              105.68697181393051,
              20.978676042196863
            ],
            [
              105.65604104881987,
              20.987648552072592
            ],
            [
              105.64716384318747,
              20.94029473907608
            ]
          ]
        ]
      }
    },
    {
      "type": "Feature",
      "id": "qhc_93",
      "properties": {
        "name": "Khu dân cư hiện trạng chỉnh trang ODT-12-11",
        "district": "Quận Long Biên",
        "code": "ODT",
        "land_use": "Đất ở tại đô thị, phục vụ cải tạo chỉnh trang và xây mới nhà ở.",
        "area_ha": 1361.9,
        "density": "55%",
        "height_limit": "3-7 tầng",
        "notes": "Quy hoạch chung xây dựng Thủ đô đến năm 2030 và tầm nhìn đến năm 2050."
      },
      "geometry": {
        "type": "Polygon",
        "coordinates": [
          [
            [
              105.65045054627272,
              21.029205563793706
            ],
            [
              105.65604104881987,
              20.987648552072592
            ],
            [
              105.68697181393051,
              20.978676042196863
            ],
            [
              105.6743383305602,
              21.026948150730412
            ],
            [
              105.65045054627272,
              21.029205563793706
            ]
          ]
        ]
      }
    },
    {
      "type": "Feature",
      "id": "qhc_94",
      "properties": {
        "name": "Khu dân cư hiện trạng chỉnh trang ODT-12-12",
        "district": "Quận Đống Đa",
        "code": "ODT",
        "land_use": "Đất ở tại đô thị, phục vụ cải tạo chỉnh trang và xây mới nhà ở.",
        "area_ha": 951.6,
        "density": "55%",
        "height_limit": "3-7 tầng",
        "notes": "Quy hoạch chung xây dựng Thủ đô đến năm 2030 và tầm nhìn đến năm 2050."
      },
      "geometry": {
        "type": "Polygon",
        "coordinates": [
          [
            [
              105.65045054627272,
              21.029205563793706
            ],
            [
              105.6743383305602,
              21.026948150730412
            ],
            [
              105.68414614062655,
              21.06282901994894
            ],
            [
              105.65528009292869,
              21.056877926080322
            ],
            [
              105.65045054627272,
              21.029205563793706
            ]
          ]
        ]
      }
    },
    {
      "type": "Feature",
      "id": "qhc_95",
      "properties": {
        "name": "Tổ hợp dịch vụ, trung tâm thương mại TMDV-12-13",
        "district": "Quận Long Biên",
        "code": "TMDV",
        "land_use": "Đất thương mại dịch vụ cao tầng, văn phòng, siêu thị, khách sạn.",
        "area_ha": 1096.1,
        "density": "45%",
        "height_limit": "5-9 tầng",
        "notes": "Quy hoạch chung xây dựng Thủ đô đến năm 2030 và tầm nhìn đến năm 2050."
      },
      "geometry": {
        "type": "Polygon",
        "coordinates": [
          [
            [
              105.65528009292869,
              21.056877926080322
            ],
            [
              105.68414614062655,
              21.06282901994894
            ],
            [
              105.68174663834452,
              21.095569893789776
            ],
            [
              105.65658095006832,
              21.09432188962839
            ],
            [
              105.65528009292869,
              21.056877926080322
            ]
          ]
        ]
      }
    },
    {
      "type": "Feature",
      "id": "qhc_96",
      "properties": {
        "name": "Công viên cây xanh, hồ điều hòa CX-12-14",
        "district": "Quận Tây Hồ",
        "code": "CX",
        "land_use": "Đất cây xanh công viên, mặt nước cảnh quan điều hòa khí hậu đô thị.",
        "area_ha": 1521.4,
        "density": "45%",
        "height_limit": "5-9 tầng",
        "notes": "Quy hoạch chung xây dựng Thủ đô đến năm 2030 và tầm nhìn đến năm 2050."
      },
      "geometry": {
        "type": "Polygon",
        "coordinates": [
          [
            [
              105.65012051764403,
              21.139947270808914
            ],
            [
              105.65658095006832,
              21.09432188962839
            ],
            [
              105.68174663834452,
              21.095569893789776
            ],
            [
              105.68352400106214,
              21.139929579353385
            ],
            [
              105.65012051764403,
              21.139947270808914
            ]
          ]
        ]
      }
    },
    {
      "type": "Feature",
      "id": "qhc_97",
      "properties": {
        "name": "Công viên cây xanh, hồ điều hòa CX-12-15",
        "district": "Huyện Sóc Sơn",
        "code": "CX",
        "land_use": "Đất cây xanh công viên, mặt nước cảnh quan điều hòa khí hậu đô thị.",
        "area_ha": 1242.3,
        "density": "45%",
        "height_limit": "5-9 tầng",
        "notes": "Quy hoạch chung xây dựng Thủ đô đến năm 2030 và tầm nhìn đến năm 2050."
      },
      "geometry": {
        "type": "Polygon",
        "coordinates": [
          [
            [
              105.65012051764403,
              21.139947270808914
            ],
            [
              105.68352400106214,
              21.139929579353385
            ],
            [
              105.68739781962528,
              21.17717617835805
            ],
            [
              105.65472086250763,
              21.168965618578657
            ],
            [
              105.65012051764403,
              21.139947270808914
            ]
          ]
        ]
      }
    },
    {
      "type": "Feature",
      "id": "qhc_98",
      "properties": {
        "name": "Công viên cây xanh, hồ điều hòa CX-12-16",
        "district": "Huyện Sóc Sơn",
        "code": "CX",
        "land_use": "Đất cây xanh công viên, mặt nước cảnh quan điều hòa khí hậu đô thị.",
        "area_ha": 934.8,
        "density": "45%",
        "height_limit": "5-9 tầng",
        "notes": "Quy hoạch chung xây dựng Thủ đô đến năm 2030 và tầm nhìn đến năm 2050."
      },
      "geometry": {
        "type": "Polygon",
        "coordinates": [
          [
            [
              105.65418361697284,
              21.201007471752554
            ],
            [
              105.65472086250763,
              21.168965618578657
            ],
            [
              105.68739781962528,
              21.17717617835805
            ],
            [
              105.67422695340257,
              21.203797621771784
            ],
            [
              105.65418361697284,
              21.201007471752554
            ]
          ]
        ]
      }
    },
    {
      "type": "Feature",
      "id": "qhc_99",
      "properties": {
        "name": "Khu dân cư hiện trạng chỉnh trang ODT-12-17",
        "district": "Huyện Sóc Sơn",
        "code": "ODT",
        "land_use": "Đất ở tại đô thị, phục vụ cải tạo chỉnh trang và xây mới nhà ở.",
        "area_ha": 921.1,
        "density": "55%",
        "height_limit": "3-7 tầng",
        "notes": "Quy hoạch chung xây dựng Thủ đô đến năm 2030 và tầm nhìn đến năm 2050."
      },
      "geometry": {
        "type": "Polygon",
        "coordinates": [
          [
            [
              105.644804471108,
              21.234176302086517
            ],
            [
              105.64678688335746,
              21.227165610867758
            ],
            [
              105.649008,
              21.227089
            ],
            [
              105.651863,
              21.225934
            ],
            [
              105.654711,
              21.227536
            ],
            [
              105.65907,
              21.223128
            ],
            [
              105.658129,
              21.220236
            ],
            [
              105.653133,
              21.217714
            ],
            [
              105.64971712837017,
              21.216802961532267
            ],
            [
              105.65418361697284,
              21.201007471752554
            ],
            [
              105.67422695340257,
              21.203797621771784
            ],
            [
              105.67774315447734,
              21.227918159646936
            ],
            [
              105.676368,
              21.226974
            ],
            [
              105.671365,
              21.230384
            ],
            [
              105.675438,
              21.234239
            ],
            [
              105.675007,
              21.235738
            ],
            [
              105.673355,
              21.236073
            ],
            [
              105.671178,
              21.232966
            ],
            [
              105.668847,
              21.233181
            ],
            [
              105.668545,
              21.236197
            ],
            [
              105.667078,
              21.239427
            ],
            [
              105.661445,
              21.234966
            ],
            [
              105.656639,
              21.234828
            ],
            [
              105.652676,
              21.238046
            ],
            [
              105.647568,
              21.236527
            ],
            [
              105.644804471108,
              21.234176302086517
            ]
          ]
        ]
      }
    },
    {
      "type": "Feature",
      "id": "qhc_100",
      "properties": {
        "name": "Khu dân cư hiện trạng chỉnh trang ODT-13-1",
        "district": "Huyện Mỹ Đức",
        "code": "ODT",
        "land_use": "Đất ở tại đô thị, phục vụ cải tạo chỉnh trang và xây mới nhà ở.",
        "area_ha": 1624.3,
        "density": "55%",
        "height_limit": "3-7 tầng",
        "notes": "Quy hoạch chung xây dựng Thủ đô đến năm 2030 và tầm nhìn đến năm 2050."
      },
      "geometry": {
        "type": "Polygon",
        "coordinates": [
          [
            [
              105.67437599497842,
              20.62490756830682
            ],
            [
              105.68914036014417,
              20.61982049291624
            ],
            [
              105.689319,
              20.620136
            ],
            [
              105.691994,
              20.622095
            ],
            [
              105.696467,
              20.619807
            ],
            [
              105.697887,
              20.620611
            ],
            [
              105.698663,
              20.622281
            ],
            [
              105.701068,
              20.621459
            ],
            [
              105.70453075636198,
              20.61451771795964
            ],
            [
              105.71662095632728,
              20.610352028610976
            ],
            [
              105.7120949017804,
              20.65880875429107
            ],
            [
              105.67902909865042,
              20.66088239185122
            ],
            [
              105.678629,
              20.659894
            ],
            [
              105.680542,
              20.655757
            ],
            [
              105.679624,
              20.65434
            ],
            [
              105.681232,
              20.652204
            ],
            [
              105.67894,
              20.647383
            ],
            [
              105.679233,
              20.645339
            ],
            [
              105.680917,
              20.641923
            ],
            [
              105.686832,
              20.637931
            ],
            [
              105.683383,
              20.635477
            ],
            [
              105.684504,
              20.633122
            ],
            [
              105.680812,
              20.629563
            ],
            [
              105.678184,
              20.628743
            ],
            [
              105.676909,
              20.63029
            ],
            [
              105.67443918536281,
              20.629504459839303
            ],
            [
              105.67437599497842,
              20.62490756830682
            ]
          ]
        ]
      }
    },
    {
      "type": "Feature",
      "id": "qhc_101",
      "properties": {
        "name": "Khu dân cư hiện trạng chỉnh trang ODT-13-2",
        "district": "Huyện Mỹ Đức",
        "code": "ODT",
        "land_use": "Đất ở tại đô thị, phục vụ cải tạo chỉnh trang và xây mới nhà ở.",
        "area_ha": 1162.7,
        "density": "55%",
        "height_limit": "3-7 tầng",
        "notes": "Quy hoạch chung xây dựng Thủ đô đến năm 2030 và tầm nhìn đến năm 2050."
      },
      "geometry": {
        "type": "Polygon",
        "coordinates": [
          [
            [
              105.67420603857325,
              20.681659578064078
            ],
            [
              105.6747711196786,
              20.664305521486643
            ],
            [
              105.675462,
              20.663805
            ],
            [
              105.676978,
              20.66468
            ],
            [
              105.677467,
              20.665897
            ],
            [
              105.677025,
              20.667572
            ],
            [
              105.676265,
              20.667661
            ],
            [
              105.676478,
              20.670226
            ],
            [
              105.679182,
              20.668319
            ],
            [
              105.679249,
              20.665338
            ],
            [
              105.681859,
              20.662342
            ],
            [
              105.679169,
              20.661228
            ],
            [
              105.67902909865042,
              20.66088239185122
            ],
            [
              105.7120949017804,
              20.65880875429107
            ],
            [
              105.71405908364945,
              20.690295352169613
            ],
            [
              105.67913006756451,
              20.684649957404265
            ],
            [
              105.678963,
              20.684066
            ],
            [
              105.677621,
              20.683653
            ],
            [
              105.677221,
              20.682233
            ],
            [
              105.674675,
              20.682048
            ],
            [
              105.67420603857325,
              20.681659578064078
            ]
          ]
        ]
      }
    },
    {
      "type": "Feature",
      "id": "qhc_102",
      "properties": {
        "name": "Cụm công nghiệp tập trung, kho vận CN-13-3",
        "district": "Huyện Mỹ Đức",
        "code": "CN",
        "land_use": "Đất công nghiệp phi nông nghiệp, sản xuất sạch, kho bãi tập trung.",
        "area_ha": 1328.4,
        "density": "65%",
        "height_limit": "5-9 tầng",
        "notes": "Quy hoạch chung xây dựng Thủ đô đến năm 2030 và tầm nhìn đến năm 2050."
      },
      "geometry": {
        "type": "Polygon",
        "coordinates": [
          [
            [
              105.67502937579714,
              20.70367039926827
            ],
            [
              105.67654,
              20.703329
            ],
            [
              105.679643,
              20.70091
            ],
            [
              105.680127,
              20.699414
            ],
            [
              105.68175,
              20.699065
            ],
            [
              105.681057,
              20.697447
            ],
            [
              105.682068,
              20.695331
            ],
            [
              105.680832,
              20.69169
            ],
            [
              105.678866,
              20.690497
            ],
            [
              105.679696,
              20.689737
            ],
            [
              105.679928,
              20.687439
            ],
            [
              105.67913006756451,
              20.684649957404265
            ],
            [
              105.71405908364945,
              20.690295352169613
            ],
            [
              105.71302252754828,
              20.719482441988706
            ],
            [
              105.67575579089004,
              20.71977376711498
            ],
            [
              105.67502937579714,
              20.70367039926827
            ]
          ]
        ]
      }
    },
    {
      "type": "Feature",
      "id": "qhc_103",
      "properties": {
        "name": "Khu hành chính công sở, liên cơ quan HCTH-13-4",
        "district": "Huyện Mỹ Đức",
        "code": "HCTH",
        "land_use": "Đất hành chính công sở, cơ quan đầu não nhà nước địa phương.",
        "area_ha": 2016.5,
        "density": "25%",
        "height_limit": "5-9 tầng",
        "notes": "Quy hoạch chung xây dựng Thủ đô đến năm 2030 và tầm nhìn đến năm 2050."
      },
      "geometry": {
        "type": "Polygon",
        "coordinates": [
          [
            [
              105.67575579089004,
              20.71977376711498
            ],
            [
              105.71302252754828,
              20.719482441988706
            ],
            [
              105.71153110889288,
              20.77035697976489
            ],
            [
              105.67905071931351,
              20.768945796095608
            ],
            [
              105.67575579089004,
              20.71977376711498
            ]
          ]
        ]
      }
    },
    {
      "type": "Feature",
      "id": "qhc_104",
      "properties": {
        "name": "Khu dân cư hiện trạng chỉnh trang ODT-13-5",
        "district": "Quận Cầu Giấy",
        "code": "ODT",
        "land_use": "Đất ở tại đô thị, phục vụ cải tạo chỉnh trang và xây mới nhà ở.",
        "area_ha": 1206.7,
        "density": "55%",
        "height_limit": "3-7 tầng",
        "notes": "Quy hoạch chung xây dựng Thủ đô đến năm 2030 và tầm nhìn đến năm 2050."
      },
      "geometry": {
        "type": "Polygon",
        "coordinates": [
          [
            [
              105.67905071931351,
              20.768945796095608
            ],
            [
              105.71153110889288,
              20.77035697976489
            ],
            [
              105.71457343083675,
              20.800943776960597
            ],
            [
              105.68597812287258,
              20.806110990151996
            ],
            [
              105.67905071931351,
              20.768945796095608
            ]
          ]
        ]
      }
    },
    {
      "type": "Feature",
      "id": "qhc_105",
      "properties": {
        "name": "Công viên cây xanh, hồ điều hòa CX-13-6",
        "district": "Quận Ba Đình",
        "code": "CX",
        "land_use": "Đất cây xanh công viên, mặt nước cảnh quan điều hòa khí hậu đô thị.",
        "area_ha": 995.2,
        "density": "45%",
        "height_limit": "5-9 tầng",
        "notes": "Quy hoạch chung xây dựng Thủ đô đến năm 2030 và tầm nhìn đến năm 2050."
      },
      "geometry": {
        "type": "Polygon",
        "coordinates": [
          [
            [
              105.68597812287258,
              20.806110990151996
            ],
            [
              105.71457343083675,
              20.800943776960597
            ],
            [
              105.70912738561705,
              20.83151632369687
            ],
            [
              105.68720645714119,
              20.845306176337175
            ],
            [
              105.68597812287258,
              20.806110990151996
            ]
          ]
        ]
      }
    },
    {
      "type": "Feature",
      "id": "qhc_106",
      "properties": {
        "name": "Tổ hợp dịch vụ, trung tâm thương mại TMDV-13-7",
        "district": "Quận Nam Từ Liêm",
        "code": "TMDV",
        "land_use": "Đất thương mại dịch vụ cao tầng, văn phòng, siêu thị, khách sạn.",
        "area_ha": 1152.5,
        "density": "45%",
        "height_limit": "5-9 tầng",
        "notes": "Quy hoạch chung xây dựng Thủ đô đến năm 2030 và tầm nhìn đến năm 2050."
      },
      "geometry": {
        "type": "Polygon",
        "coordinates": [
          [
            [
              105.68020056714131,
              20.870984900223675
            ],
            [
              105.68720645714119,
              20.845306176337175
            ],
            [
              105.70912738561705,
              20.83151632369687
            ],
            [
              105.71655673637763,
              20.8742226660493
            ],
            [
              105.68020056714131,
              20.870984900223675
            ]
          ]
        ]
      }
    },
    {
      "type": "Feature",
      "id": "qhc_107",
      "properties": {
        "name": "Tổ hợp dịch vụ, trung tâm thương mại TMDV-13-8",
        "district": "Quận Cầu Giấy",
        "code": "TMDV",
        "land_use": "Đất thương mại dịch vụ cao tầng, văn phòng, siêu thị, khách sạn.",
        "area_ha": 1294.5,
        "density": "45%",
        "height_limit": "5-9 tầng",
        "notes": "Quy hoạch chung xây dựng Thủ đô đến năm 2030 và tầm nhìn đến năm 2050."
      },
      "geometry": {
        "type": "Polygon",
        "coordinates": [
          [
            [
              105.68020056714131,
              20.870984900223675
            ],
            [
              105.71655673637763,
              20.8742226660493
            ],
            [
              105.70762278862281,
              20.90848120508364
            ],
            [
              105.68296026332357,
              20.910012987996822
            ],
            [
              105.68020056714131,
              20.870984900223675
            ]
          ]
        ]
      }
    },
    {
      "type": "Feature",
      "id": "qhc_108",
      "properties": {
        "name": "Khu đô thị hỗn hợp cao tầng HHT-13-9",
        "district": "Quận Long Biên",
        "code": "HHT",
        "land_use": "Đất hỗn hợp đa chức năng kết hợp nhà ở và trung tâm thương mại.",
        "area_ha": 1209.6,
        "density": "45%",
        "height_limit": "18-35 tầng",
        "notes": "Quy hoạch chung xây dựng Thủ đô đến năm 2030 và tầm nhìn đến năm 2050."
      },
      "geometry": {
        "type": "Polygon",
        "coordinates": [
          [
            [
              105.68296026332357,
              20.910012987996822
            ],
            [
              105.70762278862281,
              20.90848120508364
            ],
            [
              105.7143302384462,
              20.95603028144385
            ],
            [
              105.6865652152263,
              20.94436680031183
            ],
            [
              105.68296026332357,
              20.910012987996822
            ]
          ]
        ]
      }
    },
    {
      "type": "Feature",
      "id": "qhc_109",
      "properties": {
        "name": "Khu dân cư hiện trạng chỉnh trang ODT-13-10",
        "district": "Quận Long Biên",
        "code": "ODT",
        "land_use": "Đất ở tại đô thị, phục vụ cải tạo chỉnh trang và xây mới nhà ở.",
        "area_ha": 799.2,
        "density": "55%",
        "height_limit": "3-7 tầng",
        "notes": "Quy hoạch chung xây dựng Thủ đô đến năm 2030 và tầm nhìn đến năm 2050."
      },
      "geometry": {
        "type": "Polygon",
        "coordinates": [
          [
            [
              105.6865652152263,
              20.94436680031183
            ],
            [
              105.7143302384462,
              20.95603028144385
            ],
            [
              105.70476262318067,
              20.979907661581812
            ],
            [
              105.68697181393051,
              20.978676042196863
            ],
            [
              105.6865652152263,
              20.94436680031183
            ]
          ]
        ]
      }
    },
    {
      "type": "Feature",
      "id": "qhc_110",
      "properties": {
        "name": "Công viên cây xanh, hồ điều hòa CX-13-11",
        "district": "Quận Tây Hồ",
        "code": "CX",
        "land_use": "Đất cây xanh công viên, mặt nước cảnh quan điều hòa khí hậu đô thị.",
        "area_ha": 1326.8,
        "density": "45%",
        "height_limit": "5-9 tầng",
        "notes": "Quy hoạch chung xây dựng Thủ đô đến năm 2030 và tầm nhìn đến năm 2050."
      },
      "geometry": {
        "type": "Polygon",
        "coordinates": [
          [
            [
              105.6743383305602,
              21.026948150730412
            ],
            [
              105.68697181393051,
              20.978676042196863
            ],
            [
              105.70476262318067,
              20.979907661581812
            ],
            [
              105.71276102287536,
              21.014362222032506
            ],
            [
              105.6743383305602,
              21.026948150730412
            ]
          ]
        ]
      }
    },
    {
      "type": "Feature",
      "id": "qhc_111",
      "properties": {
        "name": "Tổ hợp dịch vụ, trung tâm thương mại TMDV-13-12",
        "district": "Quận Đống Đa",
        "code": "TMDV",
        "land_use": "Đất thương mại dịch vụ cao tầng, văn phòng, siêu thị, khách sạn.",
        "area_ha": 1517.6,
        "density": "45%",
        "height_limit": "5-9 tầng",
        "notes": "Quy hoạch chung xây dựng Thủ đô đến năm 2030 và tầm nhìn đến năm 2050."
      },
      "geometry": {
        "type": "Polygon",
        "coordinates": [
          [
            [
              105.6743383305602,
              21.026948150730412
            ],
            [
              105.71276102287536,
              21.014362222032506
            ],
            [
              105.71186018987821,
              21.05530925991478
            ],
            [
              105.68414614062655,
              21.06282901994894
            ],
            [
              105.6743383305602,
              21.026948150730412
            ]
          ]
        ]
      }
    },
    {
      "type": "Feature",
      "id": "qhc_112",
      "properties": {
        "name": "Công viên cây xanh, hồ điều hòa CX-13-13",
        "district": "Quận Cầu Giấy",
        "code": "CX",
        "land_use": "Đất cây xanh công viên, mặt nước cảnh quan điều hòa khí hậu đô thị.",
        "area_ha": 1179.5,
        "density": "45%",
        "height_limit": "5-9 tầng",
        "notes": "Quy hoạch chung xây dựng Thủ đô đến năm 2030 và tầm nhìn đến năm 2050."
      },
      "geometry": {
        "type": "Polygon",
        "coordinates": [
          [
            [
              105.68174663834452,
              21.095569893789776
            ],
            [
              105.68414614062655,
              21.06282901994894
            ],
            [
              105.71186018987821,
              21.05530925991478
            ],
            [
              105.70700997640175,
              21.100161994793726
            ],
            [
              105.68174663834452,
              21.095569893789776
            ]
          ]
        ]
      }
    },
    {
      "type": "Feature",
      "id": "qhc_113",
      "properties": {
        "name": "Khu hành chính công sở, liên cơ quan HCTH-13-14",
        "district": "Quận Hai Bà Trưng",
        "code": "HCTH",
        "land_use": "Đất hành chính công sở, cơ quan đầu não nhà nước địa phương.",
        "area_ha": 1109.6,
        "density": "25%",
        "height_limit": "5-9 tầng",
        "notes": "Quy hoạch chung xây dựng Thủ đô đến năm 2030 và tầm nhìn đến năm 2050."
      },
      "geometry": {
        "type": "Polygon",
        "coordinates": [
          [
            [
              105.68174663834452,
              21.095569893789776
            ],
            [
              105.70700997640175,
              21.100161994793726
            ],
            [
              105.7093937923018,
              21.130677590434672
            ],
            [
              105.68352400106214,
              21.139929579353385
            ],
            [
              105.68174663834452,
              21.095569893789776
            ]
          ]
        ]
      }
    },
    {
      "type": "Feature",
      "id": "qhc_114",
      "properties": {
        "name": "Khu hành chính công sở, liên cơ quan HCTH-13-15",
        "district": "Huyện Sóc Sơn",
        "code": "HCTH",
        "land_use": "Đất hành chính công sở, cơ quan đầu não nhà nước địa phương.",
        "area_ha": 1319.3,
        "density": "25%",
        "height_limit": "5-9 tầng",
        "notes": "Quy hoạch chung xây dựng Thủ đô đến năm 2030 và tầm nhìn đến năm 2050."
      },
      "geometry": {
        "type": "Polygon",
        "coordinates": [
          [
            [
              105.68352400106214,
              21.139929579353385
            ],
            [
              105.7093937923018,
              21.130677590434672
            ],
            [
              105.7182969469985,
              21.17044968009348
            ],
            [
              105.68739781962528,
              21.17717617835805
            ],
            [
              105.68352400106214,
              21.139929579353385
            ]
          ]
        ]
      }
    },
    {
      "type": "Feature",
      "id": "qhc_115",
      "properties": {
        "name": "Tổ hợp dịch vụ, trung tâm thương mại TMDV-13-16",
        "district": "Huyện Sóc Sơn",
        "code": "TMDV",
        "land_use": "Đất thương mại dịch vụ cao tầng, văn phòng, siêu thị, khách sạn.",
        "area_ha": 1053.7,
        "density": "45%",
        "height_limit": "5-9 tầng",
        "notes": "Quy hoạch chung xây dựng Thủ đô đến năm 2030 và tầm nhìn đến năm 2050."
      },
      "geometry": {
        "type": "Polygon",
        "coordinates": [
          [
            [
              105.67422695340257,
              21.203797621771784
            ],
            [
              105.68739781962528,
              21.17717617835805
            ],
            [
              105.7182969469985,
              21.17044968009348
            ],
            [
              105.71434186797987,
              21.19826715256169
            ],
            [
              105.67422695340257,
              21.203797621771784
            ]
          ]
        ]
      }
    },
    {
      "type": "Feature",
      "id": "qhc_116",
      "properties": {
        "name": "Khu đô thị hỗn hợp cao tầng HHT-14-1",
        "district": "Huyện Mỹ Đức",
        "code": "HHT",
        "land_use": "Đất hỗn hợp đa chức năng kết hợp nhà ở và trung tâm thương mại.",
        "area_ha": 1240.8,
        "density": "45%",
        "height_limit": "18-35 tầng",
        "notes": "Quy hoạch chung xây dựng Thủ đô đến năm 2030 và tầm nhìn đến năm 2050."
      },
      "geometry": {
        "type": "Polygon",
        "coordinates": [
          [
            [
              105.7120949017804,
              20.65880875429107
            ],
            [
              105.71662095632728,
              20.610352028610976
            ],
            [
              105.74364196971946,
              20.618107562471018
            ],
            [
              105.7379233685092,
              20.65084891166096
            ],
            [
              105.7120949017804,
              20.65880875429107
            ]
          ]
        ]
      }
    },
    {
      "type": "Feature",
      "id": "qhc_117",
      "properties": {
        "name": "Tổ hợp dịch vụ, trung tâm thương mại TMDV-14-2",
        "district": "Huyện Mỹ Đức",
        "code": "TMDV",
        "land_use": "Đất thương mại dịch vụ cao tầng, văn phòng, siêu thị, khách sạn.",
        "area_ha": 1204.3,
        "density": "45%",
        "height_limit": "5-9 tầng",
        "notes": "Quy hoạch chung xây dựng Thủ đô đến năm 2030 và tầm nhìn đến năm 2050."
      },
      "geometry": {
        "type": "Polygon",
        "coordinates": [
          [
            [
              105.7120949017804,
              20.65880875429107
            ],
            [
              105.7379233685092,
              20.65084891166096
            ],
            [
              105.74677584943132,
              20.688730406230448
            ],
            [
              105.71405908364945,
              20.690295352169613
            ],
            [
              105.7120949017804,
              20.65880875429107
            ]
          ]
        ]
      }
    },
    {
      "type": "Feature",
      "id": "qhc_118",
      "properties": {
        "name": "Công viên cây xanh, hồ điều hòa CX-14-3",
        "district": "Huyện Mỹ Đức",
        "code": "CX",
        "land_use": "Đất cây xanh công viên, mặt nước cảnh quan điều hòa khí hậu đô thị.",
        "area_ha": 1132.3,
        "density": "45%",
        "height_limit": "5-9 tầng",
        "notes": "Quy hoạch chung xây dựng Thủ đô đến năm 2030 và tầm nhìn đến năm 2050."
      },
      "geometry": {
        "type": "Polygon",
        "coordinates": [
          [
            [
              105.71302252754828,
              20.719482441988706
            ],
            [
              105.71405908364945,
              20.690295352169613
            ],
            [
              105.74677584943132,
              20.688730406230448
            ],
            [
              105.73879746056315,
              20.725769029258032
            ],
            [
              105.71302252754828,
              20.719482441988706
            ]
          ]
        ]
      }
    },
    {
      "type": "Feature",
      "id": "qhc_119",
      "properties": {
        "name": "Khu dân cư hiện trạng chỉnh trang ODT-14-4",
        "district": "Huyện Mỹ Đức",
        "code": "ODT",
        "land_use": "Đất ở tại đô thị, phục vụ cải tạo chỉnh trang và xây mới nhà ở.",
        "area_ha": 1481,
        "density": "55%",
        "height_limit": "3-7 tầng",
        "notes": "Quy hoạch chung xây dựng Thủ đô đến năm 2030 và tầm nhìn đến năm 2050."
      },
      "geometry": {
        "type": "Polygon",
        "coordinates": [
          [
            [
              105.71153110889288,
              20.77035697976489
            ],
            [
              105.71302252754828,
              20.719482441988706
            ],
            [
              105.73879746056315,
              20.725769029258032
            ],
            [
              105.74492493536962,
              20.761264800113878
            ],
            [
              105.71153110889288,
              20.77035697976489
            ]
          ]
        ]
      }
    },
    {
      "type": "Feature",
      "id": "qhc_120",
      "properties": {
        "name": "Công viên cây xanh, hồ điều hòa CX-14-5",
        "district": "Quận Nam Từ Liêm",
        "code": "CX",
        "land_use": "Đất cây xanh công viên, mặt nước cảnh quan điều hòa khí hậu đô thị.",
        "area_ha": 1168.8,
        "density": "45%",
        "height_limit": "5-9 tầng",
        "notes": "Quy hoạch chung xây dựng Thủ đô đến năm 2030 và tầm nhìn đến năm 2050."
      },
      "geometry": {
        "type": "Polygon",
        "coordinates": [
          [
            [
              105.71153110889288,
              20.77035697976489
            ],
            [
              105.74492493536962,
              20.761264800113878
            ],
            [
              105.73698951158391,
              20.80369905301021
            ],
            [
              105.71457343083675,
              20.800943776960597
            ],
            [
              105.71153110889288,
              20.77035697976489
            ]
          ]
        ]
      }
    },
    {
      "type": "Feature",
      "id": "qhc_121",
      "properties": {
        "name": "Khu dân cư hiện trạng chỉnh trang ODT-14-6",
        "district": "Quận Tây Hồ",
        "code": "ODT",
        "land_use": "Đất ở tại đô thị, phục vụ cải tạo chỉnh trang và xây mới nhà ở.",
        "area_ha": 984.1,
        "density": "55%",
        "height_limit": "3-7 tầng",
        "notes": "Quy hoạch chung xây dựng Thủ đô đến năm 2030 và tầm nhìn đến năm 2050."
      },
      "geometry": {
        "type": "Polygon",
        "coordinates": [
          [
            [
              105.70912738561705,
              20.83151632369687
            ],
            [
              105.71457343083675,
              20.800943776960597
            ],
            [
              105.73698951158391,
              20.80369905301021
            ],
            [
              105.74377539241591,
              20.832910188045425
            ],
            [
              105.70912738561705,
              20.83151632369687
            ]
          ]
        ]
      }
    },
    {
      "type": "Feature",
      "id": "qhc_122",
      "properties": {
        "name": "Tổ hợp dịch vụ, trung tâm thương mại TMDV-14-7",
        "district": "Quận Ba Đình",
        "code": "TMDV",
        "land_use": "Đất thương mại dịch vụ cao tầng, văn phòng, siêu thị, khách sạn.",
        "area_ha": 1323.8,
        "density": "45%",
        "height_limit": "5-9 tầng",
        "notes": "Quy hoạch chung xây dựng Thủ đô đến năm 2030 và tầm nhìn đến năm 2050."
      },
      "geometry": {
        "type": "Polygon",
        "coordinates": [
          [
            [
              105.70912738561705,
              20.83151632369687
            ],
            [
              105.74377539241591,
              20.832910188045425
            ],
            [
              105.73711282747395,
              20.873223667528535
            ],
            [
              105.71655673637763,
              20.8742226660493
            ],
            [
              105.70912738561705,
              20.83151632369687
            ]
          ]
        ]
      }
    },
    {
      "type": "Feature",
      "id": "qhc_123",
      "properties": {
        "name": "Khu dân cư hiện trạng chỉnh trang ODT-14-8",
        "district": "Quận Nam Từ Liêm",
        "code": "ODT",
        "land_use": "Đất ở tại đô thị, phục vụ cải tạo chỉnh trang và xây mới nhà ở.",
        "area_ha": 1220,
        "density": "55%",
        "height_limit": "3-7 tầng",
        "notes": "Quy hoạch chung xây dựng Thủ đô đến năm 2030 và tầm nhìn đến năm 2050."
      },
      "geometry": {
        "type": "Polygon",
        "coordinates": [
          [
            [
              105.70762278862281,
              20.90848120508364
            ],
            [
              105.71655673637763,
              20.8742226660493
            ],
            [
              105.73711282747395,
              20.873223667528535
            ],
            [
              105.73949356471833,
              20.91842663689694
            ],
            [
              105.70762278862281,
              20.90848120508364
            ]
          ]
        ]
      }
    },
    {
      "type": "Feature",
      "id": "qhc_124",
      "properties": {
        "name": "Khu dân cư hiện trạng chỉnh trang ODT-14-9",
        "district": "Quận Hai Bà Trưng",
        "code": "ODT",
        "land_use": "Đất ở tại đô thị, phục vụ cải tạo chỉnh trang và xây mới nhà ở.",
        "area_ha": 1508.8,
        "density": "55%",
        "height_limit": "3-7 tầng",
        "notes": "Quy hoạch chung xây dựng Thủ đô đến năm 2030 và tầm nhìn đến năm 2050."
      },
      "geometry": {
        "type": "Polygon",
        "coordinates": [
          [
            [
              105.70762278862281,
              20.90848120508364
            ],
            [
              105.73949356471833,
              20.91842663689694
            ],
            [
              105.74666672440837,
              20.953980249611316
            ],
            [
              105.7143302384462,
              20.95603028144385
            ],
            [
              105.70762278862281,
              20.90848120508364
            ]
          ]
        ]
      }
    },
    {
      "type": "Feature",
      "id": "qhc_125",
      "properties": {
        "name": "Khu đô thị hỗn hợp cao tầng HHT-14-10",
        "district": "Quận Ba Đình",
        "code": "HHT",
        "land_use": "Đất hỗn hợp đa chức năng kết hợp nhà ở và trung tâm thương mại.",
        "area_ha": 1104.1,
        "density": "45%",
        "height_limit": "18-35 tầng",
        "notes": "Quy hoạch chung xây dựng Thủ đô đến năm 2030 và tầm nhìn đến năm 2050."
      },
      "geometry": {
        "type": "Polygon",
        "coordinates": [
          [
            [
              105.70476262318067,
              20.979907661581812
            ],
            [
              105.7143302384462,
              20.95603028144385
            ],
            [
              105.74666672440837,
              20.953980249611316
            ],
            [
              105.7475727540869,
              20.981102871091252
            ],
            [
              105.70476262318067,
              20.979907661581812
            ]
          ]
        ]
      }
    },
    {
      "type": "Feature",
      "id": "qhc_126",
      "properties": {
        "name": "Khu hành chính công sở, liên cơ quan HCTH-14-11",
        "district": "Quận Nam Từ Liêm",
        "code": "HCTH",
        "land_use": "Đất hành chính công sở, cơ quan đầu não nhà nước địa phương.",
        "area_ha": 1518.9,
        "density": "25%",
        "height_limit": "5-9 tầng",
        "notes": "Quy hoạch chung xây dựng Thủ đô đến năm 2030 và tầm nhìn đến năm 2050."
      },
      "geometry": {
        "type": "Polygon",
        "coordinates": [
          [
            [
              105.70476262318067,
              20.979907661581812
            ],
            [
              105.7475727540869,
              20.981102871091252
            ],
            [
              105.7395899426337,
              21.022230402121828
            ],
            [
              105.71276102287536,
              21.014362222032506
            ],
            [
              105.70476262318067,
              20.979907661581812
            ]
          ]
        ]
      }
    },
    {
      "type": "Feature",
      "id": "qhc_127",
      "properties": {
        "name": "Khu dân cư hiện trạng chỉnh trang ODT-14-12",
        "district": "Quận Long Biên",
        "code": "ODT",
        "land_use": "Đất ở tại đô thị, phục vụ cải tạo chỉnh trang và xây mới nhà ở.",
        "area_ha": 1047.9,
        "density": "55%",
        "height_limit": "3-7 tầng",
        "notes": "Quy hoạch chung xây dựng Thủ đô đến năm 2030 và tầm nhìn đến năm 2050."
      },
      "geometry": {
        "type": "Polygon",
        "coordinates": [
          [
            [
              105.71186018987821,
              21.05530925991478
            ],
            [
              105.71276102287536,
              21.014362222032506
            ],
            [
              105.7395899426337,
              21.022230402121828
            ],
            [
              105.7374402709231,
              21.050413388929933
            ],
            [
              105.71186018987821,
              21.05530925991478
            ]
          ]
        ]
      }
    },
    {
      "type": "Feature",
      "id": "qhc_128",
      "properties": {
        "name": "Tổ hợp dịch vụ, trung tâm thương mại TMDV-14-13",
        "district": "Quận Đống Đa",
        "code": "TMDV",
        "land_use": "Đất thương mại dịch vụ cao tầng, văn phòng, siêu thị, khách sạn.",
        "area_ha": 1760.1,
        "density": "45%",
        "height_limit": "5-9 tầng",
        "notes": "Quy hoạch chung xây dựng Thủ đô đến năm 2030 và tầm nhìn đến năm 2050."
      },
      "geometry": {
        "type": "Polygon",
        "coordinates": [
          [
            [
              105.70700997640175,
              21.100161994793726
            ],
            [
              105.71186018987821,
              21.05530925991478
            ],
            [
              105.7374402709231,
              21.050413388929933
            ],
            [
              105.74517218386801,
              21.101116926243673
            ],
            [
              105.70700997640175,
              21.100161994793726
            ]
          ]
        ]
      }
    },
    {
      "type": "Feature",
      "id": "qhc_129",
      "properties": {
        "name": "Khu dân cư hiện trạng chỉnh trang ODT-14-14",
        "district": "Quận Long Biên",
        "code": "ODT",
        "land_use": "Đất ở tại đô thị, phục vụ cải tạo chỉnh trang và xây mới nhà ở.",
        "area_ha": 1304.6,
        "density": "55%",
        "height_limit": "3-7 tầng",
        "notes": "Quy hoạch chung xây dựng Thủ đô đến năm 2030 và tầm nhìn đến năm 2050."
      },
      "geometry": {
        "type": "Polygon",
        "coordinates": [
          [
            [
              105.70700997640175,
              21.100161994793726
            ],
            [
              105.74517218386801,
              21.101116926243673
            ],
            [
              105.74085060243767,
              21.135427915561163
            ],
            [
              105.7093937923018,
              21.130677590434672
            ],
            [
              105.70700997640175,
              21.100161994793726
            ]
          ]
        ]
      }
    },
    {
      "type": "Feature",
      "id": "qhc_130",
      "properties": {
        "name": "Khu dân cư hiện trạng chỉnh trang ODT-14-15",
        "district": "Huyện Sóc Sơn",
        "code": "ODT",
        "land_use": "Đất ở tại đô thị, phục vụ cải tạo chỉnh trang và xây mới nhà ở.",
        "area_ha": 1198.8,
        "density": "55%",
        "height_limit": "3-7 tầng",
        "notes": "Quy hoạch chung xây dựng Thủ đô đến năm 2030 và tầm nhìn đến năm 2050."
      },
      "geometry": {
        "type": "Polygon",
        "coordinates": [
          [
            [
              105.7093937923018,
              21.130677590434672
            ],
            [
              105.74085060243767,
              21.135427915561163
            ],
            [
              105.74359597157085,
              21.169760427408
            ],
            [
              105.7182969469985,
              21.17044968009348
            ],
            [
              105.7093937923018,
              21.130677590434672
            ]
          ]
        ]
      }
    },
    {
      "type": "Feature",
      "id": "qhc_131",
      "properties": {
        "name": "Khu dân cư hiện trạng chỉnh trang ODT-14-16",
        "district": "Huyện Sóc Sơn",
        "code": "ODT",
        "land_use": "Đất ở tại đô thị, phục vụ cải tạo chỉnh trang và xây mới nhà ở.",
        "area_ha": 918.4,
        "density": "55%",
        "height_limit": "3-7 tầng",
        "notes": "Quy hoạch chung xây dựng Thủ đô đến năm 2030 và tầm nhìn đến năm 2050."
      },
      "geometry": {
        "type": "Polygon",
        "coordinates": [
          [
            [
              105.71434186797987,
              21.19826715256169
            ],
            [
              105.7182969469985,
              21.17044968009348
            ],
            [
              105.74359597157085,
              21.169760427408
            ],
            [
              105.7461664293879,
              21.197752349840368
            ],
            [
              105.71434186797987,
              21.19826715256169
            ]
          ]
        ]
      }
    },
    {
      "type": "Feature",
      "id": "qhc_132",
      "properties": {
        "name": "Khu dân cư hiện trạng chỉnh trang ODT-14-17",
        "district": "Huyện Sóc Sơn",
        "code": "ODT",
        "land_use": "Đất ở tại đô thị, phục vụ cải tạo chỉnh trang và xây mới nhà ở.",
        "area_ha": 1171.8,
        "density": "55%",
        "height_limit": "3-7 tầng",
        "notes": "Quy hoạch chung xây dựng Thủ đô đến năm 2030 và tầm nhìn đến năm 2050."
      },
      "geometry": {
        "type": "Polygon",
        "coordinates": [
          [
            [
              105.71236472127245,
              21.223037980996338
            ],
            [
              105.71434186797987,
              21.19826715256169
            ],
            [
              105.7461664293879,
              21.197752349840368
            ],
            [
              105.74530381788895,
              21.234604247097913
            ],
            [
              105.73253914427778,
              21.234800212261213
            ],
            [
              105.732643,
              21.234182
            ],
            [
              105.734278,
              21.232734
            ],
            [
              105.724725,
              21.22472
            ],
            [
              105.721797,
              21.227266
            ],
            [
              105.719676,
              21.223152
            ],
            [
              105.717623,
              21.222868
            ],
            [
              105.715516,
              21.224356
            ],
            [
              105.71236472127245,
              21.223037980996338
            ]
          ]
        ]
      }
    },
    {
      "type": "Feature",
      "id": "qhc_133",
      "properties": {
        "name": "Khu đô thị hỗn hợp cao tầng HHT-14-18",
        "district": "Huyện Sóc Sơn",
        "code": "HHT",
        "land_use": "Đất hỗn hợp đa chức năng kết hợp nhà ở và trung tâm thương mại.",
        "area_ha": 856.5,
        "density": "45%",
        "height_limit": "18-35 tầng",
        "notes": "Quy hoạch chung xây dựng Thủ đô đến năm 2030 và tầm nhìn đến năm 2050."
      },
      "geometry": {
        "type": "Polygon",
        "coordinates": [
          [
            [
              105.723687,
              21.251671
            ],
            [
              105.72912,
              21.249021
            ],
            [
              105.728332,
              21.245791
            ],
            [
              105.726635,
              21.243225
            ],
            [
              105.724979,
              21.242685
            ],
            [
              105.72818,
              21.240754
            ],
            [
              105.734254,
              21.24181
            ],
            [
              105.736192,
              21.24002
            ],
            [
              105.737508,
              21.235921
            ],
            [
              105.735423,
              21.235177
            ],
            [
              105.732432,
              21.235438
            ],
            [
              105.73253914427778,
              21.234800212261213
            ],
            [
              105.74530381788895,
              21.234604247097913
            ],
            [
              105.7485166894956,
              21.272311494529887
            ],
            [
              105.72857673414607,
              21.273785649353623
            ],
            [
              105.727946,
              21.273039
            ],
            [
              105.726371,
              21.273551
            ],
            [
              105.725407,
              21.272992
            ],
            [
              105.725973,
              21.27114
            ],
            [
              105.729314,
              21.269403
            ],
            [
              105.724444,
              21.265914
            ],
            [
              105.723791,
              21.262583
            ],
            [
              105.724777,
              21.257278
            ],
            [
              105.723687,
              21.251671
            ]
          ]
        ]
      }
    },
    {
      "type": "Feature",
      "id": "qhc_134",
      "properties": {
        "name": "Khu hành chính công sở, liên cơ quan HCTH-15-0",
        "district": "Huyện Mỹ Đức",
        "code": "HCTH",
        "land_use": "Đất hành chính công sở, cơ quan đầu não nhà nước địa phương.",
        "area_ha": 1221.2,
        "density": "25%",
        "height_limit": "5-9 tầng",
        "notes": "Quy hoạch chung xây dựng Thủ đô đến năm 2030 và tầm nhìn đến năm 2050."
      },
      "geometry": {
        "type": "Polygon",
        "coordinates": [
          [
            [
              105.74364196971946,
              20.618107562471018
            ],
            [
              105.74479531533076,
              20.596917209393993
            ],
            [
              105.745064,
              20.596624
            ],
            [
              105.747346,
              20.59135
            ],
            [
              105.752418,
              20.589504
            ],
            [
              105.756317,
              20.583016
            ],
            [
              105.76145366047679,
              20.58
            ],
            [
              105.7718363860382,
              20.58
            ],
            [
              105.77696630509024,
              20.620676408539488
            ],
            [
              105.74364196971946,
              20.618107562471018
            ]
          ]
        ]
      }
    },
    {
      "type": "Feature",
      "id": "qhc_135",
      "properties": {
        "name": "Tổ hợp dịch vụ, trung tâm thương mại TMDV-15-1",
        "district": "Huyện Mỹ Đức",
        "code": "TMDV",
        "land_use": "Đất thương mại dịch vụ cao tầng, văn phòng, siêu thị, khách sạn.",
        "area_ha": 1357.7,
        "density": "45%",
        "height_limit": "5-9 tầng",
        "notes": "Quy hoạch chung xây dựng Thủ đô đến năm 2030 và tầm nhìn đến năm 2050."
      },
      "geometry": {
        "type": "Polygon",
        "coordinates": [
          [
            [
              105.7379233685092,
              20.65084891166096
            ],
            [
              105.74364196971946,
              20.618107562471018
            ],
            [
              105.77696630509024,
              20.620676408539488
            ],
            [
              105.77316235474021,
              20.65539993803975
            ],
            [
              105.7379233685092,
              20.65084891166096
            ]
          ]
        ]
      }
    },
    {
      "type": "Feature",
      "id": "qhc_136",
      "properties": {
        "name": "Khu dân cư hiện trạng chỉnh trang ODT-15-2",
        "district": "Huyện Mỹ Đức",
        "code": "ODT",
        "land_use": "Đất ở tại đô thị, phục vụ cải tạo chỉnh trang và xây mới nhà ở.",
        "area_ha": 1283,
        "density": "55%",
        "height_limit": "3-7 tầng",
        "notes": "Quy hoạch chung xây dựng Thủ đô đến năm 2030 và tầm nhìn đến năm 2050."
      },
      "geometry": {
        "type": "Polygon",
        "coordinates": [
          [
            [
              105.7379233685092,
              20.65084891166096
            ],
            [
              105.77316235474021,
              20.65539993803975
            ],
            [
              105.77518759941468,
              20.68783880606561
            ],
            [
              105.74677584943132,
              20.688730406230448
            ],
            [
              105.7379233685092,
              20.65084891166096
            ]
          ]
        ]
      }
    },
    {
      "type": "Feature",
      "id": "qhc_137",
      "properties": {
        "name": "Cụm công nghiệp tập trung, kho vận CN-15-3",
        "district": "Huyện Mỹ Đức",
        "code": "CN",
        "land_use": "Đất công nghiệp phi nông nghiệp, sản xuất sạch, kho bãi tập trung.",
        "area_ha": 1270.5,
        "density": "65%",
        "height_limit": "5-9 tầng",
        "notes": "Quy hoạch chung xây dựng Thủ đô đến năm 2030 và tầm nhìn đến năm 2050."
      },
      "geometry": {
        "type": "Polygon",
        "coordinates": [
          [
            [
              105.73879746056315,
              20.725769029258032
            ],
            [
              105.74677584943132,
              20.688730406230448
            ],
            [
              105.77518759941468,
              20.68783880606561
            ],
            [
              105.77496210920845,
              20.719724985659692
            ],
            [
              105.73879746056315,
              20.725769029258032
            ]
          ]
        ]
      }
    },
    {
      "type": "Feature",
      "id": "qhc_138",
      "properties": {
        "name": "Khu dân cư hiện trạng chỉnh trang ODT-15-4",
        "district": "Huyện Mỹ Đức",
        "code": "ODT",
        "land_use": "Đất ở tại đô thị, phục vụ cải tạo chỉnh trang và xây mới nhà ở.",
        "area_ha": 1347.4,
        "density": "55%",
        "height_limit": "3-7 tầng",
        "notes": "Quy hoạch chung xây dựng Thủ đô đến năm 2030 và tầm nhìn đến năm 2050."
      },
      "geometry": {
        "type": "Polygon",
        "coordinates": [
          [
            [
              105.73879746056315,
              20.725769029258032
            ],
            [
              105.77496210920845,
              20.719724985659692
            ],
            [
              105.77145579350208,
              20.758191901429498
            ],
            [
              105.74492493536962,
              20.761264800113878
            ],
            [
              105.73879746056315,
              20.725769029258032
            ]
          ]
        ]
      }
    },
    {
      "type": "Feature",
      "id": "qhc_139",
      "properties": {
        "name": "Công viên cây xanh, hồ điều hòa CX-15-5",
        "district": "Quận Nam Từ Liêm",
        "code": "CX",
        "land_use": "Đất cây xanh công viên, mặt nước cảnh quan điều hòa khí hậu đô thị.",
        "area_ha": 1668.4,
        "density": "45%",
        "height_limit": "5-9 tầng",
        "notes": "Quy hoạch chung xây dựng Thủ đô đến năm 2030 và tầm nhìn đến năm 2050."
      },
      "geometry": {
        "type": "Polygon",
        "coordinates": [
          [
            [
              105.73698951158391,
              20.80369905301021
            ],
            [
              105.74492493536962,
              20.761264800113878
            ],
            [
              105.77145579350208,
              20.758191901429498
            ],
            [
              105.77376672528207,
              20.806934618206206
            ],
            [
              105.73698951158391,
              20.80369905301021
            ]
          ]
        ]
      }
    },
    {
      "type": "Feature",
      "id": "qhc_140",
      "properties": {
        "name": "Công viên cây xanh, hồ điều hòa CX-15-6",
        "district": "Quận Hoàn Kiếm",
        "code": "CX",
        "land_use": "Đất cây xanh công viên, mặt nước cảnh quan điều hòa khí hậu đô thị.",
        "area_ha": 1077.7,
        "density": "45%",
        "height_limit": "5-9 tầng",
        "notes": "Quy hoạch chung xây dựng Thủ đô đến năm 2030 và tầm nhìn đến năm 2050."
      },
      "geometry": {
        "type": "Polygon",
        "coordinates": [
          [
            [
              105.73698951158391,
              20.80369905301021
            ],
            [
              105.77376672528207,
              20.806934618206206
            ],
            [
              105.7675246672071,
              20.8394403560875
            ],
            [
              105.74377539241591,
              20.832910188045425
            ],
            [
              105.73698951158391,
              20.80369905301021
            ]
          ]
        ]
      }
    },
    {
      "type": "Feature",
      "id": "qhc_141",
      "properties": {
        "name": "Cụm công nghiệp tập trung, kho vận CN-15-7",
        "district": "Quận Hai Bà Trưng",
        "code": "CN",
        "land_use": "Đất công nghiệp phi nông nghiệp, sản xuất sạch, kho bãi tập trung.",
        "area_ha": 1373.6,
        "density": "65%",
        "height_limit": "5-9 tầng",
        "notes": "Quy hoạch chung xây dựng Thủ đô đến năm 2030 và tầm nhìn đến năm 2050."
      },
      "geometry": {
        "type": "Polygon",
        "coordinates": [
          [
            [
              105.73711282747395,
              20.873223667528535
            ],
            [
              105.74377539241591,
              20.832910188045425
            ],
            [
              105.7675246672071,
              20.8394403560875
            ],
            [
              105.77802998533116,
              20.873041274471305
            ],
            [
              105.73711282747395,
              20.873223667528535
            ]
          ]
        ]
      }
    },
    {
      "type": "Feature",
      "id": "qhc_142",
      "properties": {
        "name": "Khu dân cư hiện trạng chỉnh trang ODT-15-8",
        "district": "Quận Cầu Giấy",
        "code": "ODT",
        "land_use": "Đất ở tại đô thị, phục vụ cải tạo chỉnh trang và xây mới nhà ở.",
        "area_ha": 1474.7,
        "density": "55%",
        "height_limit": "3-7 tầng",
        "notes": "Quy hoạch chung xây dựng Thủ đô đến năm 2030 và tầm nhìn đến năm 2050."
      },
      "geometry": {
        "type": "Polygon",
        "coordinates": [
          [
            [
              105.73711282747395,
              20.873223667528535
            ],
            [
              105.77802998533116,
              20.873041274471305
            ],
            [
              105.76754854371448,
              20.903636772062214
            ],
            [
              105.73949356471833,
              20.91842663689694
            ],
            [
              105.73711282747395,
              20.873223667528535
            ]
          ]
        ]
      }
    },
    {
      "type": "Feature",
      "id": "qhc_143",
      "properties": {
        "name": "Khu dân cư hiện trạng chỉnh trang ODT-15-9",
        "district": "Quận Đống Đa",
        "code": "ODT",
        "land_use": "Đất ở tại đô thị, phục vụ cải tạo chỉnh trang và xây mới nhà ở.",
        "area_ha": 1284,
        "density": "55%",
        "height_limit": "3-7 tầng",
        "notes": "Quy hoạch chung xây dựng Thủ đô đến năm 2030 và tầm nhìn đến năm 2050."
      },
      "geometry": {
        "type": "Polygon",
        "coordinates": [
          [
            [
              105.73949356471833,
              20.91842663689694
            ],
            [
              105.76754854371448,
              20.903636772062214
            ],
            [
              105.76819169063528,
              20.955724530498884
            ],
            [
              105.74666672440837,
              20.953980249611316
            ],
            [
              105.73949356471833,
              20.91842663689694
            ]
          ]
        ]
      }
    },
    {
      "type": "Feature",
      "id": "qhc_144",
      "properties": {
        "name": "Cụm công nghiệp tập trung, kho vận CN-15-10",
        "district": "Quận Nam Từ Liêm",
        "code": "CN",
        "land_use": "Đất công nghiệp phi nông nghiệp, sản xuất sạch, kho bãi tập trung.",
        "area_ha": 775.2,
        "density": "65%",
        "height_limit": "5-9 tầng",
        "notes": "Quy hoạch chung xây dựng Thủ đô đến năm 2030 và tầm nhìn đến năm 2050."
      },
      "geometry": {
        "type": "Polygon",
        "coordinates": [
          [
            [
              105.74666672440837,
              20.953980249611316
            ],
            [
              105.76819169063528,
              20.955724530498884
            ],
            [
              105.77082687007999,
              20.989374720686676
            ],
            [
              105.7475727540869,
              20.981102871091252
            ],
            [
              105.74666672440837,
              20.953980249611316
            ]
          ]
        ]
      }
    },
    {
      "type": "Feature",
      "id": "qhc_145",
      "properties": {
        "name": "Khu dân cư hiện trạng chỉnh trang ODT-15-11",
        "district": "Quận Long Biên",
        "code": "ODT",
        "land_use": "Đất ở tại đô thị, phục vụ cải tạo chỉnh trang và xây mới nhà ở.",
        "area_ha": 1237.9,
        "density": "55%",
        "height_limit": "3-7 tầng",
        "notes": "Quy hoạch chung xây dựng Thủ đô đến năm 2030 và tầm nhìn đến năm 2050."
      },
      "geometry": {
        "type": "Polygon",
        "coordinates": [
          [
            [
              105.7395899426337,
              21.022230402121828
            ],
            [
              105.7475727540869,
              20.981102871091252
            ],
            [
              105.77082687007999,
              20.989374720686676
            ],
            [
              105.76671224673166,
              21.029635443021125
            ],
            [
              105.7395899426337,
              21.022230402121828
            ]
          ]
        ]
      }
    },
    {
      "type": "Feature",
      "id": "qhc_146",
      "properties": {
        "name": "Khu dân cư hiện trạng chỉnh trang ODT-15-12",
        "district": "Quận Nam Từ Liêm",
        "code": "ODT",
        "land_use": "Đất ở tại đô thị, phục vụ cải tạo chỉnh trang và xây mới nhà ở.",
        "area_ha": 1142.4,
        "density": "55%",
        "height_limit": "3-7 tầng",
        "notes": "Quy hoạch chung xây dựng Thủ đô đến năm 2030 và tầm nhìn đến năm 2050."
      },
      "geometry": {
        "type": "Polygon",
        "coordinates": [
          [
            [
              105.7374402709231,
              21.050413388929933
            ],
            [
              105.7395899426337,
              21.022230402121828
            ],
            [
              105.76671224673166,
              21.029635443021125
            ],
            [
              105.77767316801649,
              21.06283483500021
            ],
            [
              105.7374402709231,
              21.050413388929933
            ]
          ]
        ]
      }
    },
    {
      "type": "Feature",
      "id": "qhc_147",
      "properties": {
        "name": "Khu dân cư hiện trạng chỉnh trang ODT-15-13",
        "district": "Quận Ba Đình",
        "code": "ODT",
        "land_use": "Đất ở tại đô thị, phục vụ cải tạo chỉnh trang và xây mới nhà ở.",
        "area_ha": 1514.9,
        "density": "55%",
        "height_limit": "3-7 tầng",
        "notes": "Quy hoạch chung xây dựng Thủ đô đến năm 2030 và tầm nhìn đến năm 2050."
      },
      "geometry": {
        "type": "Polygon",
        "coordinates": [
          [
            [
              105.7374402709231,
              21.050413388929933
            ],
            [
              105.77767316801649,
              21.06283483500021
            ],
            [
              105.77298979717537,
              21.089343173407382
            ],
            [
              105.74517218386801,
              21.101116926243673
            ],
            [
              105.7374402709231,
              21.050413388929933
            ]
          ]
        ]
      }
    },
    {
      "type": "Feature",
      "id": "qhc_148",
      "properties": {
        "name": "Công viên cây xanh, hồ điều hòa CX-15-14",
        "district": "Quận Tây Hồ",
        "code": "CX",
        "land_use": "Đất cây xanh công viên, mặt nước cảnh quan điều hòa khí hậu đô thị.",
        "area_ha": 1325.5,
        "density": "45%",
        "height_limit": "5-9 tầng",
        "notes": "Quy hoạch chung xây dựng Thủ đô đến năm 2030 và tầm nhìn đến năm 2050."
      },
      "geometry": {
        "type": "Polygon",
        "coordinates": [
          [
            [
              105.74085060243767,
              21.135427915561163
            ],
            [
              105.74517218386801,
              21.101116926243673
            ],
            [
              105.77298979717537,
              21.089343173407382
            ],
            [
              105.7735409699633,
              21.13195407649533
            ],
            [
              105.74085060243767,
              21.135427915561163
            ]
          ]
        ]
      }
    },
    {
      "type": "Feature",
      "id": "qhc_149",
      "properties": {
        "name": "Khu đô thị hỗn hợp cao tầng HHT-15-15",
        "district": "Huyện Sóc Sơn",
        "code": "HHT",
        "land_use": "Đất hỗn hợp đa chức năng kết hợp nhà ở và trung tâm thương mại.",
        "area_ha": 1248.2,
        "density": "45%",
        "height_limit": "18-35 tầng",
        "notes": "Quy hoạch chung xây dựng Thủ đô đến năm 2030 và tầm nhìn đến năm 2050."
      },
      "geometry": {
        "type": "Polygon",
        "coordinates": [
          [
            [
              105.74085060243767,
              21.135427915561163
            ],
            [
              105.7735409699633,
              21.13195407649533
            ],
            [
              105.76857721616074,
              21.172717890738426
            ],
            [
              105.74359597157085,
              21.169760427408
            ],
            [
              105.74085060243767,
              21.135427915561163
            ]
          ]
        ]
      }
    },
    {
      "type": "Feature",
      "id": "qhc_150",
      "properties": {
        "name": "Khu đô thị hỗn hợp cao tầng HHT-15-16",
        "district": "Huyện Sóc Sơn",
        "code": "HHT",
        "land_use": "Đất hỗn hợp đa chức năng kết hợp nhà ở và trung tâm thương mại.",
        "area_ha": 893.2,
        "density": "45%",
        "height_limit": "18-35 tầng",
        "notes": "Quy hoạch chung xây dựng Thủ đô đến năm 2030 và tầm nhìn đến năm 2050."
      },
      "geometry": {
        "type": "Polygon",
        "coordinates": [
          [
            [
              105.74359597157085,
              21.169760427408
            ],
            [
              105.76857721616074,
              21.172717890738426
            ],
            [
              105.77496820370044,
              21.203858348858866
            ],
            [
              105.7461664293879,
              21.197752349840368
            ],
            [
              105.74359597157085,
              21.169760427408
            ]
          ]
        ]
      }
    },
    {
      "type": "Feature",
      "id": "qhc_151",
      "properties": {
        "name": "Khu dân cư hiện trạng chỉnh trang ODT-15-17",
        "district": "Huyện Sóc Sơn",
        "code": "ODT",
        "land_use": "Đất ở tại đô thị, phục vụ cải tạo chỉnh trang và xây mới nhà ở.",
        "area_ha": 1235.5,
        "density": "55%",
        "height_limit": "3-7 tầng",
        "notes": "Quy hoạch chung xây dựng Thủ đô đến năm 2030 và tầm nhìn đến năm 2050."
      },
      "geometry": {
        "type": "Polygon",
        "coordinates": [
          [
            [
              105.74530381788895,
              21.234604247097913
            ],
            [
              105.7461664293879,
              21.197752349840368
            ],
            [
              105.77496820370044,
              21.203858348858866
            ],
            [
              105.76854360283603,
              21.246830626284243
            ],
            [
              105.74530381788895,
              21.234604247097913
            ]
          ]
        ]
      }
    },
    {
      "type": "Feature",
      "id": "qhc_152",
      "properties": {
        "name": "Cụm công nghiệp tập trung, kho vận CN-15-18",
        "district": "Huyện Sóc Sơn",
        "code": "CN",
        "land_use": "Đất công nghiệp phi nông nghiệp, sản xuất sạch, kho bãi tập trung.",
        "area_ha": 1095.3,
        "density": "65%",
        "height_limit": "5-9 tầng",
        "notes": "Quy hoạch chung xây dựng Thủ đô đến năm 2030 và tầm nhìn đến năm 2050."
      },
      "geometry": {
        "type": "Polygon",
        "coordinates": [
          [
            [
              105.74530381788895,
              21.234604247097913
            ],
            [
              105.76854360283603,
              21.246830626284243
            ],
            [
              105.77976421822895,
              21.28568820902825
            ],
            [
              105.7485166894956,
              21.272311494529887
            ],
            [
              105.74530381788895,
              21.234604247097913
            ]
          ]
        ]
      }
    },
    {
      "type": "Feature",
      "id": "qhc_153",
      "properties": {
        "name": "Khu dân cư hiện trạng chỉnh trang ODT-15-19",
        "district": "Huyện Sóc Sơn",
        "code": "ODT",
        "land_use": "Đất ở tại đô thị, phục vụ cải tạo chỉnh trang và xây mới nhà ở.",
        "area_ha": 963.6,
        "density": "55%",
        "height_limit": "3-7 tầng",
        "notes": "Quy hoạch chung xây dựng Thủ đô đến năm 2030 và tầm nhìn đến năm 2050."
      },
      "geometry": {
        "type": "Polygon",
        "coordinates": [
          [
            [
              105.74741340295516,
              21.294370653006286
            ],
            [
              105.7485166894956,
              21.272311494529887
            ],
            [
              105.77976421822895,
              21.28568820902825
            ],
            [
              105.77189725302262,
              21.31532164047332
            ],
            [
              105.76561253234493,
              21.31710481500844
            ],
            [
              105.762526,
              21.313747
            ],
            [
              105.760237,
              21.308244
            ],
            [
              105.760776,
              21.306674
            ],
            [
              105.758471,
              21.304162
            ],
            [
              105.759113,
              21.30319
            ],
            [
              105.756464,
              21.301647
            ],
            [
              105.756689,
              21.300342
            ],
            [
              105.755279,
              21.29986
            ],
            [
              105.752792,
              21.297189
            ],
            [
              105.753397,
              21.295454
            ],
            [
              105.751879,
              21.295172
            ],
            [
              105.749487,
              21.29603
            ],
            [
              105.747748,
              21.294446
            ],
            [
              105.74741340295516,
              21.294370653006286
            ]
          ]
        ]
      }
    },
    {
      "type": "Feature",
      "id": "qhc_154",
      "properties": {
        "name": "Khu dân cư hiện trạng chỉnh trang ODT-16-0",
        "district": "Huyện Mỹ Đức",
        "code": "ODT",
        "land_use": "Đất ở tại đô thị, phục vụ cải tạo chỉnh trang và xây mới nhà ở.",
        "area_ha": 1348.7,
        "density": "55%",
        "height_limit": "3-7 tầng",
        "notes": "Quy hoạch chung xây dựng Thủ đô đến năm 2030 và tầm nhìn đến năm 2050."
      },
      "geometry": {
        "type": "Polygon",
        "coordinates": [
          [
            [
              105.7718363860382,
              20.58
            ],
            [
              105.79914921121718,
              20.58
            ],
            [
              105.799395,
              20.581934
            ],
            [
              105.801328,
              20.583625
            ],
            [
              105.80095,
              20.589314
            ],
            [
              105.803098,
              20.592829
            ],
            [
              105.803677,
              20.59866
            ],
            [
              105.8059390474268,
              20.59908353598495
            ],
            [
              105.80624570375844,
              20.608192098870177
            ],
            [
              105.805678,
              20.609417
            ],
            [
              105.806042,
              20.611031
            ],
            [
              105.80634962285491,
              20.611278790803496
            ],
            [
              105.80656288330268,
              20.617613231018833
            ],
            [
              105.77696630509024,
              20.620676408539488
            ],
            [
              105.7718363860382,
              20.58
            ]
          ]
        ]
      }
    },
    {
      "type": "Feature",
      "id": "qhc_155",
      "properties": {
        "name": "Khu dân cư hiện trạng chỉnh trang ODT-16-1",
        "district": "Huyện Mỹ Đức",
        "code": "ODT",
        "land_use": "Đất ở tại đô thị, phục vụ cải tạo chỉnh trang và xây mới nhà ở.",
        "area_ha": 968.5,
        "density": "55%",
        "height_limit": "3-7 tầng",
        "notes": "Quy hoạch chung xây dựng Thủ đô đến năm 2030 và tầm nhìn đến năm 2050."
      },
      "geometry": {
        "type": "Polygon",
        "coordinates": [
          [
            [
              105.77316235474021,
              20.65539993803975
            ],
            [
              105.77696630509024,
              20.620676408539488
            ],
            [
              105.80656288330268,
              20.617613231018833
            ],
            [
              105.79885463087764,
              20.64603481458015
            ],
            [
              105.77316235474021,
              20.65539993803975
            ]
          ]
        ]
      }
    },
    {
      "type": "Feature",
      "id": "qhc_156",
      "properties": {
        "name": "Công viên cây xanh, hồ điều hòa CX-16-2",
        "district": "Huyện Mỹ Đức",
        "code": "CX",
        "land_use": "Đất cây xanh công viên, mặt nước cảnh quan điều hòa khí hậu đô thị.",
        "area_ha": 1020.1,
        "density": "45%",
        "height_limit": "5-9 tầng",
        "notes": "Quy hoạch chung xây dựng Thủ đô đến năm 2030 và tầm nhìn đến năm 2050."
      },
      "geometry": {
        "type": "Polygon",
        "coordinates": [
          [
            [
              105.77316235474021,
              20.65539993803975
            ],
            [
              105.79885463087764,
              20.64603481458015
            ],
            [
              105.79724988021968,
              20.687366765458666
            ],
            [
              105.77518759941468,
              20.68783880606561
            ],
            [
              105.77316235474021,
              20.65539993803975
            ]
          ]
        ]
      }
    },
    {
      "type": "Feature",
      "id": "qhc_157",
      "properties": {
        "name": "Công viên cây xanh, hồ điều hòa CX-16-3",
        "district": "Huyện Mỹ Đức",
        "code": "CX",
        "land_use": "Đất cây xanh công viên, mặt nước cảnh quan điều hòa khí hậu đô thị.",
        "area_ha": 984.3,
        "density": "45%",
        "height_limit": "5-9 tầng",
        "notes": "Quy hoạch chung xây dựng Thủ đô đến năm 2030 và tầm nhìn đến năm 2050."
      },
      "geometry": {
        "type": "Polygon",
        "coordinates": [
          [
            [
              105.77496210920845,
              20.719724985659692
            ],
            [
              105.77518759941468,
              20.68783880606561
            ],
            [
              105.79724988021968,
              20.687366765458666
            ],
            [
              105.80622237971771,
              20.719147332098622
            ],
            [
              105.77496210920845,
              20.719724985659692
            ]
          ]
        ]
      }
    },
    {
      "type": "Feature",
      "id": "qhc_158",
      "properties": {
        "name": "Cụm công nghiệp tập trung, kho vận CN-16-4",
        "district": "Huyện Mỹ Đức",
        "code": "CN",
        "land_use": "Đất công nghiệp phi nông nghiệp, sản xuất sạch, kho bãi tập trung.",
        "area_ha": 1583.9,
        "density": "65%",
        "height_limit": "5-9 tầng",
        "notes": "Quy hoạch chung xây dựng Thủ đô đến năm 2030 và tầm nhìn đến năm 2050."
      },
      "geometry": {
        "type": "Polygon",
        "coordinates": [
          [
            [
              105.77145579350208,
              20.758191901429498
            ],
            [
              105.77496210920845,
              20.719724985659692
            ],
            [
              105.80622237971771,
              20.719147332098622
            ],
            [
              105.80005304814321,
              20.770349700084765
            ],
            [
              105.77145579350208,
              20.758191901429498
            ]
          ]
        ]
      }
    },
    {
      "type": "Feature",
      "id": "qhc_159",
      "properties": {
        "name": "Cụm công nghiệp tập trung, kho vận CN-16-5",
        "district": "Quận Hoàn Kiếm",
        "code": "CN",
        "land_use": "Đất công nghiệp phi nông nghiệp, sản xuất sạch, kho bãi tập trung.",
        "area_ha": 1437,
        "density": "65%",
        "height_limit": "5-9 tầng",
        "notes": "Quy hoạch chung xây dựng Thủ đô đến năm 2030 và tầm nhìn đến năm 2050."
      },
      "geometry": {
        "type": "Polygon",
        "coordinates": [
          [
            [
              105.77145579350208,
              20.758191901429498
            ],
            [
              105.80005304814321,
              20.770349700084765
            ],
            [
              105.81094804149481,
              20.79781198447905
            ],
            [
              105.77376672528207,
              20.806934618206206
            ],
            [
              105.77145579350208,
              20.758191901429498
            ]
          ]
        ]
      }
    },
    {
      "type": "Feature",
      "id": "qhc_160",
      "properties": {
        "name": "Khu hành chính công sở, liên cơ quan HCTH-16-6",
        "district": "Quận Nam Từ Liêm",
        "code": "HCTH",
        "land_use": "Đất hành chính công sở, cơ quan đầu não nhà nước địa phương.",
        "area_ha": 1688.1,
        "density": "25%",
        "height_limit": "5-9 tầng",
        "notes": "Quy hoạch chung xây dựng Thủ đô đến năm 2030 và tầm nhìn đến năm 2050."
      },
      "geometry": {
        "type": "Polygon",
        "coordinates": [
          [
            [
              105.7675246672071,
              20.8394403560875
            ],
            [
              105.77376672528207,
              20.806934618206206
            ],
            [
              105.81094804149481,
              20.79781198447905
            ],
            [
              105.80497040254248,
              20.844297007453164
            ],
            [
              105.7675246672071,
              20.8394403560875
            ]
          ]
        ]
      }
    },
    {
      "type": "Feature",
      "id": "qhc_161",
      "properties": {
        "name": "Khu đô thị hỗn hợp cao tầng HHT-16-7",
        "district": "Quận Ba Đình",
        "code": "HHT",
        "land_use": "Đất hỗn hợp đa chức năng kết hợp nhà ở và trung tâm thương mại.",
        "area_ha": 1328.6,
        "density": "45%",
        "height_limit": "18-35 tầng",
        "notes": "Quy hoạch chung xây dựng Thủ đô đến năm 2030 và tầm nhìn đến năm 2050."
      },
      "geometry": {
        "type": "Polygon",
        "coordinates": [
          [
            [
              105.7675246672071,
              20.8394403560875
            ],
            [
              105.80497040254248,
              20.844297007453164
            ],
            [
              105.80798271257854,
              20.8816403190654
            ],
            [
              105.77802998533116,
              20.873041274471305
            ],
            [
              105.7675246672071,
              20.8394403560875
            ]
          ]
        ]
      }
    },
    {
      "type": "Feature",
      "id": "qhc_162",
      "properties": {
        "name": "Khu dân cư hiện trạng chỉnh trang ODT-16-8",
        "district": "Quận Đống Đa",
        "code": "ODT",
        "land_use": "Đất ở tại đô thị, phục vụ cải tạo chỉnh trang và xây mới nhà ở.",
        "area_ha": 1220.6,
        "density": "55%",
        "height_limit": "3-7 tầng",
        "notes": "Quy hoạch chung xây dựng Thủ đô đến năm 2030 và tầm nhìn đến năm 2050."
      },
      "geometry": {
        "type": "Polygon",
        "coordinates": [
          [
            [
              105.76754854371448,
              20.903636772062214
            ],
            [
              105.77802998533116,
              20.873041274471305
            ],
            [
              105.80798271257854,
              20.8816403190654
            ],
            [
              105.79989432344306,
              20.9134150490268
            ],
            [
              105.76754854371448,
              20.903636772062214
            ]
          ]
        ]
      }
    },
    {
      "type": "Feature",
      "id": "qhc_163",
      "properties": {
        "name": "Công viên cây xanh, hồ điều hòa CX-16-9",
        "district": "Quận Hai Bà Trưng",
        "code": "CX",
        "land_use": "Đất cây xanh công viên, mặt nước cảnh quan điều hòa khí hậu đô thị.",
        "area_ha": 1868.6,
        "density": "45%",
        "height_limit": "5-9 tầng",
        "notes": "Quy hoạch chung xây dựng Thủ đô đến năm 2030 và tầm nhìn đến năm 2050."
      },
      "geometry": {
        "type": "Polygon",
        "coordinates": [
          [
            [
              105.76754854371448,
              20.903636772062214
            ],
            [
              105.79989432344306,
              20.9134150490268
            ],
            [
              105.80944438557849,
              20.949799561553277
            ],
            [
              105.76819169063528,
              20.955724530498884
            ],
            [
              105.76754854371448,
              20.903636772062214
            ]
          ]
        ]
      }
    },
    {
      "type": "Feature",
      "id": "qhc_164",
      "properties": {
        "name": "Khu hành chính công sở, liên cơ quan HCTH-16-10",
        "district": "Quận Hoàn Kiếm",
        "code": "HCTH",
        "land_use": "Đất hành chính công sở, cơ quan đầu não nhà nước địa phương.",
        "area_ha": 1413.4,
        "density": "25%",
        "height_limit": "5-9 tầng",
        "notes": "Quy hoạch chung xây dựng Thủ đô đến năm 2030 và tầm nhìn đến năm 2050."
      },
      "geometry": {
        "type": "Polygon",
        "coordinates": [
          [
            [
              105.76819169063528,
              20.955724530498884
            ],
            [
              105.80944438557849,
              20.949799561553277
            ],
            [
              105.80575674401024,
              20.980629752136448
            ],
            [
              105.77082687007999,
              20.989374720686676
            ],
            [
              105.76819169063528,
              20.955724530498884
            ]
          ]
        ]
      }
    },
    {
      "type": "Feature",
      "id": "qhc_165",
      "properties": {
        "name": "Công viên cây xanh, hồ điều hòa CX-16-11",
        "district": "Quận Cầu Giấy",
        "code": "CX",
        "land_use": "Đất cây xanh công viên, mặt nước cảnh quan điều hòa khí hậu đô thị.",
        "area_ha": 1810.8,
        "density": "45%",
        "height_limit": "5-9 tầng",
        "notes": "Quy hoạch chung xây dựng Thủ đô đến năm 2030 và tầm nhìn đến năm 2050."
      },
      "geometry": {
        "type": "Polygon",
        "coordinates": [
          [
            [
              105.76671224673166,
              21.029635443021125
            ],
            [
              105.77082687007999,
              20.989374720686676
            ],
            [
              105.80575674401024,
              20.980629752136448
            ],
            [
              105.80413045644958,
              21.02793294154797
            ],
            [
              105.76671224673166,
              21.029635443021125
            ]
          ]
        ]
      }
    },
    {
      "type": "Feature",
      "id": "qhc_166",
      "properties": {
        "name": "Cụm công nghiệp tập trung, kho vận CN-16-12",
        "district": "Quận Cầu Giấy",
        "code": "CN",
        "land_use": "Đất công nghiệp phi nông nghiệp, sản xuất sạch, kho bãi tập trung.",
        "area_ha": 1279.5,
        "density": "65%",
        "height_limit": "5-9 tầng",
        "notes": "Quy hoạch chung xây dựng Thủ đô đến năm 2030 và tầm nhìn đến năm 2050."
      },
      "geometry": {
        "type": "Polygon",
        "coordinates": [
          [
            [
              105.76671224673166,
              21.029635443021125
            ],
            [
              105.80413045644958,
              21.02793294154797
            ],
            [
              105.80677210962983,
              21.060606445766922
            ],
            [
              105.77767316801649,
              21.06283483500021
            ],
            [
              105.76671224673166,
              21.029635443021125
            ]
          ]
        ]
      }
    },
    {
      "type": "Feature",
      "id": "qhc_167",
      "properties": {
        "name": "Công viên cây xanh, hồ điều hòa CX-16-13",
        "district": "Quận Hai Bà Trưng",
        "code": "CX",
        "land_use": "Đất cây xanh công viên, mặt nước cảnh quan điều hòa khí hậu đô thị.",
        "area_ha": 1033.7,
        "density": "45%",
        "height_limit": "5-9 tầng",
        "notes": "Quy hoạch chung xây dựng Thủ đô đến năm 2030 và tầm nhìn đến năm 2050."
      },
      "geometry": {
        "type": "Polygon",
        "coordinates": [
          [
            [
              105.77298979717537,
              21.089343173407382
            ],
            [
              105.77767316801649,
              21.06283483500021
            ],
            [
              105.80677210962983,
              21.060606445766922
            ],
            [
              105.80747492388764,
              21.090529925560908
            ],
            [
              105.77298979717537,
              21.089343173407382
            ]
          ]
        ]
      }
    },
    {
      "type": "Feature",
      "id": "qhc_168",
      "properties": {
        "name": "Khu dân cư hiện trạng chỉnh trang ODT-16-14",
        "district": "Quận Hoàn Kiếm",
        "code": "ODT",
        "land_use": "Đất ở tại đô thị, phục vụ cải tạo chỉnh trang và xây mới nhà ở.",
        "area_ha": 1465.2,
        "density": "55%",
        "height_limit": "3-7 tầng",
        "notes": "Quy hoạch chung xây dựng Thủ đô đến năm 2030 và tầm nhìn đến năm 2050."
      },
      "geometry": {
        "type": "Polygon",
        "coordinates": [
          [
            [
              105.77298979717537,
              21.089343173407382
            ],
            [
              105.80747492388764,
              21.090529925560908
            ],
            [
              105.80419496553998,
              21.126117530107866
            ],
            [
              105.7735409699633,
              21.13195407649533
            ],
            [
              105.77298979717537,
              21.089343173407382
            ]
          ]
        ]
      }
    },
    {
      "type": "Feature",
      "id": "qhc_169",
      "properties": {
        "name": "Khu đô thị hỗn hợp cao tầng HHT-16-15",
        "district": "Quận Hoàn Kiếm",
        "code": "HHT",
        "land_use": "Đất hỗn hợp đa chức năng kết hợp nhà ở và trung tâm thương mại.",
        "area_ha": 1571.2,
        "density": "45%",
        "height_limit": "18-35 tầng",
        "notes": "Quy hoạch chung xây dựng Thủ đô đến năm 2030 và tầm nhìn đến năm 2050."
      },
      "geometry": {
        "type": "Polygon",
        "coordinates": [
          [
            [
              105.76857721616074,
              21.172717890738426
            ],
            [
              105.7735409699633,
              21.13195407649533
            ],
            [
              105.80419496553998,
              21.126117530107866
            ],
            [
              105.8065204755583,
              21.16531390170642
            ],
            [
              105.76857721616074,
              21.172717890738426
            ]
          ]
        ]
      }
    },
    {
      "type": "Feature",
      "id": "qhc_170",
      "properties": {
        "name": "Khu dân cư hiện trạng chỉnh trang ODT-16-16",
        "district": "Huyện Sóc Sơn",
        "code": "ODT",
        "land_use": "Đất ở tại đô thị, phục vụ cải tạo chỉnh trang và xây mới nhà ở.",
        "area_ha": 1295.6,
        "density": "55%",
        "height_limit": "3-7 tầng",
        "notes": "Quy hoạch chung xây dựng Thủ đô đến năm 2030 và tầm nhìn đến năm 2050."
      },
      "geometry": {
        "type": "Polygon",
        "coordinates": [
          [
            [
              105.76857721616074,
              21.172717890738426
            ],
            [
              105.8065204755583,
              21.16531390170642
            ],
            [
              105.80437907280015,
              21.2002171082592
            ],
            [
              105.77496820370044,
              21.203858348858866
            ],
            [
              105.76857721616074,
              21.172717890738426
            ]
          ]
        ]
      }
    },
    {
      "type": "Feature",
      "id": "qhc_171",
      "properties": {
        "name": "Công viên cây xanh, hồ điều hòa CX-16-17",
        "district": "Huyện Sóc Sơn",
        "code": "CX",
        "land_use": "Đất cây xanh công viên, mặt nước cảnh quan điều hòa khí hậu đô thị.",
        "area_ha": 1393.9,
        "density": "45%",
        "height_limit": "5-9 tầng",
        "notes": "Quy hoạch chung xây dựng Thủ đô đến năm 2030 và tầm nhìn đến năm 2050."
      },
      "geometry": {
        "type": "Polygon",
        "coordinates": [
          [
            [
              105.76854360283603,
              21.246830626284243
            ],
            [
              105.77496820370044,
              21.203858348858866
            ],
            [
              105.80437907280015,
              21.2002171082592
            ],
            [
              105.80148297319144,
              21.236862522480106
            ],
            [
              105.76854360283603,
              21.246830626284243
            ]
          ]
        ]
      }
    },
    {
      "type": "Feature",
      "id": "qhc_172",
      "properties": {
        "name": "Khu dân cư hiện trạng chỉnh trang ODT-16-18",
        "district": "Huyện Sóc Sơn",
        "code": "ODT",
        "land_use": "Đất ở tại đô thị, phục vụ cải tạo chỉnh trang và xây mới nhà ở.",
        "area_ha": 1497.9,
        "density": "55%",
        "height_limit": "3-7 tầng",
        "notes": "Quy hoạch chung xây dựng Thủ đô đến năm 2030 và tầm nhìn đến năm 2050."
      },
      "geometry": {
        "type": "Polygon",
        "coordinates": [
          [
            [
              105.76854360283603,
              21.246830626284243
            ],
            [
              105.80148297319144,
              21.236862522480106
            ],
            [
              105.80538218932682,
              21.28372191668088
            ],
            [
              105.77976421822895,
              21.28568820902825
            ],
            [
              105.76854360283603,
              21.246830626284243
            ]
          ]
        ]
      }
    },
    {
      "type": "Feature",
      "id": "qhc_173",
      "properties": {
        "name": "Khu dân cư hiện trạng chỉnh trang ODT-16-19",
        "district": "Huyện Sóc Sơn",
        "code": "ODT",
        "land_use": "Đất ở tại đô thị, phục vụ cải tạo chỉnh trang và xây mới nhà ở.",
        "area_ha": 896.6,
        "density": "55%",
        "height_limit": "3-7 tầng",
        "notes": "Quy hoạch chung xây dựng Thủ đô đến năm 2030 và tầm nhìn đến năm 2050."
      },
      "geometry": {
        "type": "Polygon",
        "coordinates": [
          [
            [
              105.77189725302262,
              21.31532164047332
            ],
            [
              105.77976421822895,
              21.28568820902825
            ],
            [
              105.80538218932682,
              21.28372191668088
            ],
            [
              105.80061022569215,
              21.312502918963098
            ],
            [
              105.77189725302262,
              21.31532164047332
            ]
          ]
        ]
      }
    },
    {
      "type": "Feature",
      "id": "qhc_174",
      "properties": {
        "name": "Cụm công nghiệp tập trung, kho vận CN-16-20",
        "district": "Huyện Sóc Sơn",
        "code": "CN",
        "land_use": "Đất công nghiệp phi nông nghiệp, sản xuất sạch, kho bãi tập trung.",
        "area_ha": 1095.1,
        "density": "65%",
        "height_limit": "5-9 tầng",
        "notes": "Quy hoạch chung xây dựng Thủ đô đến năm 2030 và tầm nhìn đến năm 2050."
      },
      "geometry": {
        "type": "Polygon",
        "coordinates": [
          [
            [
              105.77189725302262,
              21.31532164047332
            ],
            [
              105.80061022569215,
              21.312502918963098
            ],
            [
              105.80584316371218,
              21.351567911681954
            ],
            [
              105.78501758623696,
              21.34866977619319
            ],
            [
              105.78525,
              21.348066
            ],
            [
              105.785317,
              21.342888
            ],
            [
              105.782835,
              21.342596
            ],
            [
              105.779962,
              21.339216
            ],
            [
              105.776213,
              21.337127
            ],
            [
              105.776092,
              21.335489
            ],
            [
              105.77442770543705,
              21.332642794391187
            ],
            [
              105.77189725302262,
              21.31532164047332
            ]
          ]
        ]
      }
    },
    {
      "type": "Feature",
      "id": "qhc_175",
      "properties": {
        "name": "Khu dân cư hiện trạng chỉnh trang ODT-16-21",
        "district": "Huyện Sóc Sơn",
        "code": "ODT",
        "land_use": "Đất ở tại đô thị, phục vụ cải tạo chỉnh trang và xây mới nhà ở.",
        "area_ha": 669.1,
        "density": "55%",
        "height_limit": "3-7 tầng",
        "notes": "Quy hoạch chung xây dựng Thủ đô đến năm 2030 và tầm nhìn đến năm 2050."
      },
      "geometry": {
        "type": "Polygon",
        "coordinates": [
          [
            [
              105.783017,
              21.353867
            ],
            [
              105.78501758623696,
              21.34866977619319
            ],
            [
              105.80584316371218,
              21.351567911681954
            ],
            [
              105.80437607752174,
              21.383232057627083
            ],
            [
              105.803811,
              21.384512
            ],
            [
              105.800871,
              21.38539
            ],
            [
              105.798916,
              21.381482
            ],
            [
              105.797064,
              21.382569
            ],
            [
              105.796772,
              21.381089
            ],
            [
              105.795231,
              21.381093
            ],
            [
              105.79445,
              21.379839
            ],
            [
              105.79225,
              21.379383
            ],
            [
              105.790167,
              21.377788
            ],
            [
              105.789233,
              21.375931
            ],
            [
              105.788074,
              21.375745
            ],
            [
              105.789666,
              21.373299
            ],
            [
              105.785821,
              21.370454
            ],
            [
              105.786868,
              21.367026
            ],
            [
              105.78578,
              21.361099
            ],
            [
              105.784761,
              21.359539
            ],
            [
              105.786345,
              21.357306
            ],
            [
              105.786128,
              21.35515
            ],
            [
              105.783017,
              21.353867
            ]
          ]
        ]
      }
    },
    {
      "type": "Feature",
      "id": "qhc_176",
      "properties": {
        "name": "Tổ hợp dịch vụ, trung tâm thương mại TMDV-17-2",
        "district": "Huyện Mỹ Đức",
        "code": "TMDV",
        "land_use": "Đất thương mại dịch vụ cao tầng, văn phòng, siêu thị, khách sạn.",
        "area_ha": 1791.3,
        "density": "45%",
        "height_limit": "5-9 tầng",
        "notes": "Quy hoạch chung xây dựng Thủ đô đến năm 2030 và tầm nhìn đến năm 2050."
      },
      "geometry": {
        "type": "MultiPolygon",
        "coordinates": [
          [
            [
              [
                105.79724988021968,
                20.687366765458666
              ],
              [
                105.79885463087764,
                20.64603481458015
              ],
              [
                105.83303579351428,
                20.649825357935256
              ],
              [
                105.832998,
                20.649886
              ],
              [
                105.826461,
                20.652806
              ],
              [
                105.819529,
                20.660811
              ],
              [
                105.82169,
                20.662148
              ],
              [
                105.823,
                20.662056
              ],
              [
                105.823519,
                20.664446
              ],
              [
                105.828833,
                20.663334
              ],
              [
                105.833311,
                20.66054
              ],
              [
                105.833873,
                20.661813
              ],
              [
                105.84043377427821,
                20.659045513717537
              ],
              [
                105.83557510439918,
                20.694443145652272
              ],
              [
                105.79724988021968,
                20.687366765458666
              ]
            ]
          ],
          [
            [
              [
                105.840218,
                20.657175
              ],
              [
                105.84071400769196,
                20.657003885147866
              ],
              [
                105.84046666253995,
                20.65880590769091
              ],
              [
                105.840218,
                20.657175
              ]
            ]
          ]
        ]
      }
    },
    {
      "type": "Feature",
      "id": "qhc_177",
      "properties": {
        "name": "Khu dân cư hiện trạng chỉnh trang ODT-17-3",
        "district": "Huyện Mỹ Đức",
        "code": "ODT",
        "land_use": "Đất ở tại đô thị, phục vụ cải tạo chỉnh trang và xây mới nhà ở.",
        "area_ha": 1146.7,
        "density": "55%",
        "height_limit": "3-7 tầng",
        "notes": "Quy hoạch chung xây dựng Thủ đô đến năm 2030 và tầm nhìn đến năm 2050."
      },
      "geometry": {
        "type": "Polygon",
        "coordinates": [
          [
            [
              105.79724988021968,
              20.687366765458666
            ],
            [
              105.83557510439918,
              20.694443145652272
            ],
            [
              105.83417333666988,
              20.723846703108723
            ],
            [
              105.80622237971771,
              20.719147332098622
            ],
            [
              105.79724988021968,
              20.687366765458666
            ]
          ]
        ]
      }
    },
    {
      "type": "Feature",
      "id": "qhc_178",
      "properties": {
        "name": "Khu dân cư hiện trạng chỉnh trang ODT-17-4",
        "district": "Huyện Mỹ Đức",
        "code": "ODT",
        "land_use": "Đất ở tại đô thị, phục vụ cải tạo chỉnh trang và xây mới nhà ở.",
        "area_ha": 1359.3,
        "density": "55%",
        "height_limit": "3-7 tầng",
        "notes": "Quy hoạch chung xây dựng Thủ đô đến năm 2030 và tầm nhìn đến năm 2050."
      },
      "geometry": {
        "type": "Polygon",
        "coordinates": [
          [
            [
              105.80005304814321,
              20.770349700084765
            ],
            [
              105.80622237971771,
              20.719147332098622
            ],
            [
              105.83417333666988,
              20.723846703108723
            ],
            [
              105.82893534456122,
              20.757098681820633
            ],
            [
              105.80005304814321,
              20.770349700084765
            ]
          ]
        ]
      }
    },
    {
      "type": "Feature",
      "id": "qhc_179",
      "properties": {
        "name": "Tổ hợp dịch vụ, trung tâm thương mại TMDV-17-5",
        "district": "Quận Tây Hồ",
        "code": "TMDV",
        "land_use": "Đất thương mại dịch vụ cao tầng, văn phòng, siêu thị, khách sạn.",
        "area_ha": 968.4,
        "density": "45%",
        "height_limit": "5-9 tầng",
        "notes": "Quy hoạch chung xây dựng Thủ đô đến năm 2030 và tầm nhìn đến năm 2050."
      },
      "geometry": {
        "type": "Polygon",
        "coordinates": [
          [
            [
              105.80005304814321,
              20.770349700084765
            ],
            [
              105.82893534456122,
              20.757098681820633
            ],
            [
              105.82957169897102,
              20.796683543393577
            ],
            [
              105.81094804149481,
              20.79781198447905
            ],
            [
              105.80005304814321,
              20.770349700084765
            ]
          ]
        ]
      }
    },
    {
      "type": "Feature",
      "id": "qhc_180",
      "properties": {
        "name": "Khu dân cư hiện trạng chỉnh trang ODT-17-6",
        "district": "Quận Nam Từ Liêm",
        "code": "ODT",
        "land_use": "Đất ở tại đô thị, phục vụ cải tạo chỉnh trang và xây mới nhà ở.",
        "area_ha": 1319.1,
        "density": "55%",
        "height_limit": "3-7 tầng",
        "notes": "Quy hoạch chung xây dựng Thủ đô đến năm 2030 và tầm nhìn đến năm 2050."
      },
      "geometry": {
        "type": "Polygon",
        "coordinates": [
          [
            [
              105.80497040254248,
              20.844297007453164
            ],
            [
              105.81094804149481,
              20.79781198447905
            ],
            [
              105.82957169897102,
              20.796683543393577
            ],
            [
              105.83499567033724,
              20.844064639933123
            ],
            [
              105.80497040254248,
              20.844297007453164
            ]
          ]
        ]
      }
    },
    {
      "type": "Feature",
      "id": "qhc_181",
      "properties": {
        "name": "Tổ hợp dịch vụ, trung tâm thương mại TMDV-17-7",
        "district": "Quận Ba Đình",
        "code": "TMDV",
        "land_use": "Đất thương mại dịch vụ cao tầng, văn phòng, siêu thị, khách sạn.",
        "area_ha": 1174.6,
        "density": "45%",
        "height_limit": "5-9 tầng",
        "notes": "Quy hoạch chung xây dựng Thủ đô đến năm 2030 và tầm nhìn đến năm 2050."
      },
      "geometry": {
        "type": "Polygon",
        "coordinates": [
          [
            [
              105.80497040254248,
              20.844297007453164
            ],
            [
              105.83499567033724,
              20.844064639933123
            ],
            [
              105.83442764963337,
              20.87859423699116
            ],
            [
              105.80798271257854,
              20.8816403190654
            ],
            [
              105.80497040254248,
              20.844297007453164
            ]
          ]
        ]
      }
    },
    {
      "type": "Feature",
      "id": "qhc_182",
      "properties": {
        "name": "Khu dân cư hiện trạng chỉnh trang ODT-17-8",
        "district": "Quận Nam Từ Liêm",
        "code": "ODT",
        "land_use": "Đất ở tại đô thị, phục vụ cải tạo chỉnh trang và xây mới nhà ở.",
        "area_ha": 1232.1,
        "density": "55%",
        "height_limit": "3-7 tầng",
        "notes": "Quy hoạch chung xây dựng Thủ đô đến năm 2030 và tầm nhìn đến năm 2050."
      },
      "geometry": {
        "type": "Polygon",
        "coordinates": [
          [
            [
              105.79989432344306,
              20.9134150490268
            ],
            [
              105.80798271257854,
              20.8816403190654
            ],
            [
              105.83442764963337,
              20.87859423699116
            ],
            [
              105.84107322397816,
              20.910049295175998
            ],
            [
              105.79989432344306,
              20.9134150490268
            ]
          ]
        ]
      }
    },
    {
      "type": "Feature",
      "id": "qhc_183",
      "properties": {
        "name": "Khu dân cư hiện trạng chỉnh trang ODT-17-9",
        "district": "Quận Cầu Giấy",
        "code": "ODT",
        "land_use": "Đất ở tại đô thị, phục vụ cải tạo chỉnh trang và xây mới nhà ở.",
        "area_ha": 1389.8,
        "density": "55%",
        "height_limit": "3-7 tầng",
        "notes": "Quy hoạch chung xây dựng Thủ đô đến năm 2030 và tầm nhìn đến năm 2050."
      },
      "geometry": {
        "type": "Polygon",
        "coordinates": [
          [
            [
              105.79989432344306,
              20.9134150490268
            ],
            [
              105.84107322397816,
              20.910049295175998
            ],
            [
              105.8366924619371,
              20.94326316044087
            ],
            [
              105.80944438557849,
              20.949799561553277
            ],
            [
              105.79989432344306,
              20.9134150490268
            ]
          ]
        ]
      }
    },
    {
      "type": "Feature",
      "id": "qhc_184",
      "properties": {
        "name": "Khu dân cư hiện trạng chỉnh trang ODT-17-10",
        "district": "Quận Đống Đa",
        "code": "ODT",
        "land_use": "Đất ở tại đô thị, phục vụ cải tạo chỉnh trang và xây mới nhà ở.",
        "area_ha": 1361.4,
        "density": "55%",
        "height_limit": "3-7 tầng",
        "notes": "Quy hoạch chung xây dựng Thủ đô đến năm 2030 và tầm nhìn đến năm 2050."
      },
      "geometry": {
        "type": "Polygon",
        "coordinates": [
          [
            [
              105.80575674401024,
              20.980629752136448
            ],
            [
              105.80944438557849,
              20.949799561553277
            ],
            [
              105.8366924619371,
              20.94326316044087
            ],
            [
              105.83938223622312,
              20.98986843525651
            ],
            [
              105.80575674401024,
              20.980629752136448
            ]
          ]
        ]
      }
    },
    {
      "type": "Feature",
      "id": "qhc_185",
      "properties": {
        "name": "Công viên cây xanh, hồ điều hòa CX-17-11",
        "district": "Quận Đống Đa",
        "code": "CX",
        "land_use": "Đất cây xanh công viên, mặt nước cảnh quan điều hòa khí hậu đô thị.",
        "area_ha": 1466.6,
        "density": "45%",
        "height_limit": "5-9 tầng",
        "notes": "Quy hoạch chung xây dựng Thủ đô đến năm 2030 và tầm nhìn đến năm 2050."
      },
      "geometry": {
        "type": "Polygon",
        "coordinates": [
          [
            [
              105.80413045644958,
              21.02793294154797
            ],
            [
              105.80575674401024,
              20.980629752136448
            ],
            [
              105.83938223622312,
              20.98986843525651
            ],
            [
              105.8299786316394,
              21.026559915503075
            ],
            [
              105.80413045644958,
              21.02793294154797
            ]
          ]
        ]
      }
    },
    {
      "type": "Feature",
      "id": "qhc_186",
      "properties": {
        "name": "Bảo tồn mặt nước & cảnh quan Hồ Tây",
        "district": "Quận Long Biên",
        "code": "MN",
        "land_use": "Đất mặt nước tự nhiên, khu vực bảo tồn sinh thái trọng điểm.",
        "area_ha": 1001.5,
        "density": "0%",
        "height_limit": "Không cho phép",
        "notes": "Quy hoạch chung xây dựng Thủ đô đến năm 2030 và tầm nhìn đến năm 2050."
      },
      "geometry": {
        "type": "Polygon",
        "coordinates": [
          [
            [
              105.80413045644958,
              21.02793294154797
            ],
            [
              105.8299786316394,
              21.026559915503075
            ],
            [
              105.83341009207477,
              21.059770633459983
            ],
            [
              105.80677210962983,
              21.060606445766922
            ],
            [
              105.80413045644958,
              21.02793294154797
            ]
          ]
        ]
      }
    },
    {
      "type": "Feature",
      "id": "qhc_187",
      "properties": {
        "name": "Tổ hợp dịch vụ, trung tâm thương mại TMDV-17-13",
        "district": "Quận Ba Đình",
        "code": "TMDV",
        "land_use": "Đất thương mại dịch vụ cao tầng, văn phòng, siêu thị, khách sạn.",
        "area_ha": 917.7,
        "density": "45%",
        "height_limit": "5-9 tầng",
        "notes": "Quy hoạch chung xây dựng Thủ đô đến năm 2030 và tầm nhìn đến năm 2050."
      },
      "geometry": {
        "type": "Polygon",
        "coordinates": [
          [
            [
              105.80677210962983,
              21.060606445766922
            ],
            [
              105.83341009207477,
              21.059770633459983
            ],
            [
              105.83191220213652,
              21.092132250734398
            ],
            [
              105.80747492388764,
              21.090529925560908
            ],
            [
              105.80677210962983,
              21.060606445766922
            ]
          ]
        ]
      }
    },
    {
      "type": "Feature",
      "id": "qhc_188",
      "properties": {
        "name": "Khu đô thị hỗn hợp cao tầng HHT-17-14",
        "district": "Quận Hoàn Kiếm",
        "code": "HHT",
        "land_use": "Đất hỗn hợp đa chức năng kết hợp nhà ở và trung tâm thương mại.",
        "area_ha": 1287.4,
        "density": "45%",
        "height_limit": "18-35 tầng",
        "notes": "Quy hoạch chung xây dựng Thủ đô đến năm 2030 và tầm nhìn đến năm 2050."
      },
      "geometry": {
        "type": "Polygon",
        "coordinates": [
          [
            [
              105.80419496553998,
              21.126117530107866
            ],
            [
              105.80747492388764,
              21.090529925560908
            ],
            [
              105.83191220213652,
              21.092132250734398
            ],
            [
              105.8323643302157,
              21.140550197679364
            ],
            [
              105.80419496553998,
              21.126117530107866
            ]
          ]
        ]
      }
    },
    {
      "type": "Feature",
      "id": "qhc_189",
      "properties": {
        "name": "Công viên cây xanh, hồ điều hòa CX-17-15",
        "district": "Quận Nam Từ Liêm",
        "code": "CX",
        "land_use": "Đất cây xanh công viên, mặt nước cảnh quan điều hòa khí hậu đô thị.",
        "area_ha": 1039.7,
        "density": "45%",
        "height_limit": "5-9 tầng",
        "notes": "Quy hoạch chung xây dựng Thủ đô đến năm 2030 và tầm nhìn đến năm 2050."
      },
      "geometry": {
        "type": "Polygon",
        "coordinates": [
          [
            [
              105.80419496553998,
              21.126117530107866
            ],
            [
              105.8323643302157,
              21.140550197679364
            ],
            [
              105.84065256822952,
              21.160955441234726
            ],
            [
              105.8065204755583,
              21.16531390170642
            ],
            [
              105.80419496553998,
              21.126117530107866
            ]
          ]
        ]
      }
    },
    {
      "type": "Feature",
      "id": "qhc_190",
      "properties": {
        "name": "Khu đô thị hỗn hợp cao tầng HHT-17-16",
        "district": "Huyện Sóc Sơn",
        "code": "HHT",
        "land_use": "Đất hỗn hợp đa chức năng kết hợp nhà ở và trung tâm thương mại.",
        "area_ha": 1728.4,
        "density": "45%",
        "height_limit": "18-35 tầng",
        "notes": "Quy hoạch chung xây dựng Thủ đô đến năm 2030 và tầm nhìn đến năm 2050."
      },
      "geometry": {
        "type": "Polygon",
        "coordinates": [
          [
            [
              105.80437907280015,
              21.2002171082592
            ],
            [
              105.8065204755583,
              21.16531390170642
            ],
            [
              105.84065256822952,
              21.160955441234726
            ],
            [
              105.83938844833628,
              21.212401189109357
            ],
            [
              105.80437907280015,
              21.2002171082592
            ]
          ]
        ]
      }
    },
    {
      "type": "Feature",
      "id": "qhc_191",
      "properties": {
        "name": "Tổ hợp dịch vụ, trung tâm thương mại TMDV-17-17",
        "district": "Huyện Sóc Sơn",
        "code": "TMDV",
        "land_use": "Đất thương mại dịch vụ cao tầng, văn phòng, siêu thị, khách sạn.",
        "area_ha": 1293.5,
        "density": "45%",
        "height_limit": "5-9 tầng",
        "notes": "Quy hoạch chung xây dựng Thủ đô đến năm 2030 và tầm nhìn đến năm 2050."
      },
      "geometry": {
        "type": "Polygon",
        "coordinates": [
          [
            [
              105.80148297319144,
              21.236862522480106
            ],
            [
              105.80437907280015,
              21.2002171082592
            ],
            [
              105.83938844833628,
              21.212401189109357
            ],
            [
              105.834045576295,
              21.240285987088647
            ],
            [
              105.80148297319144,
              21.236862522480106
            ]
          ]
        ]
      }
    },
    {
      "type": "Feature",
      "id": "qhc_192",
      "properties": {
        "name": "Cụm công nghiệp tập trung, kho vận CN-17-18",
        "district": "Huyện Sóc Sơn",
        "code": "CN",
        "land_use": "Đất công nghiệp phi nông nghiệp, sản xuất sạch, kho bãi tập trung.",
        "area_ha": 1411.5,
        "density": "65%",
        "height_limit": "5-9 tầng",
        "notes": "Quy hoạch chung xây dựng Thủ đô đến năm 2030 và tầm nhìn đến năm 2050."
      },
      "geometry": {
        "type": "Polygon",
        "coordinates": [
          [
            [
              105.80148297319144,
              21.236862522480106
            ],
            [
              105.834045576295,
              21.240285987088647
            ],
            [
              105.83230472597575,
              21.2756242238417
            ],
            [
              105.80538218932682,
              21.28372191668088
            ],
            [
              105.80148297319144,
              21.236862522480106
            ]
          ]
        ]
      }
    },
    {
      "type": "Feature",
      "id": "qhc_193",
      "properties": {
        "name": "Cụm công nghiệp tập trung, kho vận CN-17-19",
        "district": "Huyện Sóc Sơn",
        "code": "CN",
        "land_use": "Đất công nghiệp phi nông nghiệp, sản xuất sạch, kho bãi tập trung.",
        "area_ha": 1404.2,
        "density": "65%",
        "height_limit": "5-9 tầng",
        "notes": "Quy hoạch chung xây dựng Thủ đô đến năm 2030 và tầm nhìn đến năm 2050."
      },
      "geometry": {
        "type": "Polygon",
        "coordinates": [
          [
            [
              105.80061022569215,
              21.312502918963098
            ],
            [
              105.80538218932682,
              21.28372191668088
            ],
            [
              105.83230472597575,
              21.2756242238417
            ],
            [
              105.84130709496375,
              21.318838456670065
            ],
            [
              105.80061022569215,
              21.312502918963098
            ]
          ]
        ]
      }
    },
    {
      "type": "Feature",
      "id": "qhc_194",
      "properties": {
        "name": "Khu dân cư hiện trạng chỉnh trang ODT-17-20",
        "district": "Huyện Sóc Sơn",
        "code": "ODT",
        "land_use": "Đất ở tại đô thị, phục vụ cải tạo chỉnh trang và xây mới nhà ở.",
        "area_ha": 1457.9,
        "density": "55%",
        "height_limit": "3-7 tầng",
        "notes": "Quy hoạch chung xây dựng Thủ đô đến năm 2030 và tầm nhìn đến năm 2050."
      },
      "geometry": {
        "type": "Polygon",
        "coordinates": [
          [
            [
              105.80061022569215,
              21.312502918963098
            ],
            [
              105.84130709496375,
              21.318838456670065
            ],
            [
              105.8293429255686,
              21.357375566211648
            ],
            [
              105.80584316371218,
              21.351567911681954
            ],
            [
              105.80061022569215,
              21.312502918963098
            ]
          ]
        ]
      }
    },
    {
      "type": "Feature",
      "id": "qhc_195",
      "properties": {
        "name": "Tổ hợp dịch vụ, trung tâm thương mại TMDV-17-21",
        "district": "Huyện Sóc Sơn",
        "code": "TMDV",
        "land_use": "Đất thương mại dịch vụ cao tầng, văn phòng, siêu thị, khách sạn.",
        "area_ha": 753,
        "density": "45%",
        "height_limit": "5-9 tầng",
        "notes": "Quy hoạch chung xây dựng Thủ đô đến năm 2030 và tầm nhìn đến năm 2050."
      },
      "geometry": {
        "type": "Polygon",
        "coordinates": [
          [
            [
              105.80437607752174,
              21.383232057627083
            ],
            [
              105.80584316371218,
              21.351567911681954
            ],
            [
              105.8293429255686,
              21.357375566211648
            ],
            [
              105.83206465719896,
              21.37328376133314
            ],
            [
              105.831812,
              21.373328
            ],
            [
              105.830622,
              21.375339
            ],
            [
              105.82885,
              21.376096
            ],
            [
              105.825164,
              21.376924
            ],
            [
              105.823425,
              21.378244
            ],
            [
              105.821257,
              21.378185
            ],
            [
              105.820774,
              21.379473
            ],
            [
              105.818456,
              21.380605
            ],
            [
              105.816363,
              21.383003
            ],
            [
              105.813659,
              21.382854
            ],
            [
              105.812885,
              21.380632
            ],
            [
              105.811638,
              21.38183
            ],
            [
              105.807485,
              21.382968
            ],
            [
              105.80469,
              21.382521
            ],
            [
              105.80437607752174,
              21.383232057627083
            ]
          ]
        ]
      }
    },
    {
      "type": "Feature",
      "id": "qhc_196",
      "properties": {
        "name": "Khu hành chính công sở, liên cơ quan HCTH-18-2",
        "district": "Huyện Mỹ Đức",
        "code": "HCTH",
        "land_use": "Đất hành chính công sở, cơ quan đầu não nhà nước địa phương.",
        "area_ha": 1254.2,
        "density": "25%",
        "height_limit": "5-9 tầng",
        "notes": "Quy hoạch chung xây dựng Thủ đô đến năm 2030 và tầm nhìn đến năm 2050."
      },
      "geometry": {
        "type": "Polygon",
        "coordinates": [
          [
            [
              105.83557510439918,
              20.694443145652272
            ],
            [
              105.84043377427821,
              20.659045513717537
            ],
            [
              105.840499,
              20.659018
            ],
            [
              105.84046666253995,
              20.65880590769091
            ],
            [
              105.84071400769196,
              20.657003885147866
            ],
            [
              105.843079,
              20.656188
            ],
            [
              105.84803810471992,
              20.65273688890137
            ],
            [
              105.86562962056048,
              20.65808120559909
            ],
            [
              105.86970420339443,
              20.69041558991487
            ],
            [
              105.83557510439918,
              20.694443145652272
            ]
          ]
        ]
      }
    },
    {
      "type": "Feature",
      "id": "qhc_197",
      "properties": {
        "name": "Khu dân cư hiện trạng chỉnh trang ODT-18-3",
        "district": "Huyện Mỹ Đức",
        "code": "ODT",
        "land_use": "Đất ở tại đô thị, phục vụ cải tạo chỉnh trang và xây mới nhà ở.",
        "area_ha": 1145.4,
        "density": "55%",
        "height_limit": "3-7 tầng",
        "notes": "Quy hoạch chung xây dựng Thủ đô đến năm 2030 và tầm nhìn đến năm 2050."
      },
      "geometry": {
        "type": "Polygon",
        "coordinates": [
          [
            [
              105.83417333666988,
              20.723846703108723
            ],
            [
              105.83557510439918,
              20.694443145652272
            ],
            [
              105.86970420339443,
              20.69041558991487
            ],
            [
              105.860814693104,
              20.726442496335775
            ],
            [
              105.83417333666988,
              20.723846703108723
            ]
          ]
        ]
      }
    },
    {
      "type": "Feature",
      "id": "qhc_198",
      "properties": {
        "name": "Công viên cây xanh, hồ điều hòa CX-18-4",
        "district": "Huyện Mỹ Đức",
        "code": "CX",
        "land_use": "Đất cây xanh công viên, mặt nước cảnh quan điều hòa khí hậu đô thị.",
        "area_ha": 1078.7,
        "density": "45%",
        "height_limit": "5-9 tầng",
        "notes": "Quy hoạch chung xây dựng Thủ đô đến năm 2030 và tầm nhìn đến năm 2050."
      },
      "geometry": {
        "type": "Polygon",
        "coordinates": [
          [
            [
              105.82893534456122,
              20.757098681820633
            ],
            [
              105.83417333666988,
              20.723846703108723
            ],
            [
              105.860814693104,
              20.726442496335775
            ],
            [
              105.85927491581326,
              20.75823486905401
            ],
            [
              105.82893534456122,
              20.757098681820633
            ]
          ]
        ]
      }
    },
    {
      "type": "Feature",
      "id": "qhc_199",
      "properties": {
        "name": "Tổ hợp dịch vụ, trung tâm thương mại TMDV-18-5",
        "district": "Quận Long Biên",
        "code": "TMDV",
        "land_use": "Đất thương mại dịch vụ cao tầng, văn phòng, siêu thị, khách sạn.",
        "area_ha": 1696.6,
        "density": "45%",
        "height_limit": "5-9 tầng",
        "notes": "Quy hoạch chung xây dựng Thủ đô đến năm 2030 và tầm nhìn đến năm 2050."
      },
      "geometry": {
        "type": "Polygon",
        "coordinates": [
          [
            [
              105.82893534456122,
              20.757098681820633
            ],
            [
              105.85927491581326,
              20.75823486905401
            ],
            [
              105.86801465099633,
              20.805333934982897
            ],
            [
              105.82957169897102,
              20.796683543393577
            ],
            [
              105.82893534456122,
              20.757098681820633
            ]
          ]
        ]
      }
    },
    {
      "type": "Feature",
      "id": "qhc_200",
      "properties": {
        "name": "Khu dân cư hiện trạng chỉnh trang ODT-18-6",
        "district": "Quận Long Biên",
        "code": "ODT",
        "land_use": "Đất ở tại đô thị, phục vụ cải tạo chỉnh trang và xây mới nhà ở.",
        "area_ha": 1686.1,
        "density": "55%",
        "height_limit": "3-7 tầng",
        "notes": "Quy hoạch chung xây dựng Thủ đô đến năm 2030 và tầm nhìn đến năm 2050."
      },
      "geometry": {
        "type": "Polygon",
        "coordinates": [
          [
            [
              105.82957169897102,
              20.796683543393577
            ],
            [
              105.86801465099633,
              20.805333934982897
            ],
            [
              105.86459841554831,
              20.843969519378287
            ],
            [
              105.83499567033724,
              20.844064639933123
            ],
            [
              105.82957169897102,
              20.796683543393577
            ]
          ]
        ]
      }
    },
    {
      "type": "Feature",
      "id": "qhc_201",
      "properties": {
        "name": "Khu dân cư hiện trạng chỉnh trang ODT-18-7",
        "district": "Quận Hai Bà Trưng",
        "code": "ODT",
        "land_use": "Đất ở tại đô thị, phục vụ cải tạo chỉnh trang và xây mới nhà ở.",
        "area_ha": 1176.7,
        "density": "55%",
        "height_limit": "3-7 tầng",
        "notes": "Quy hoạch chung xây dựng Thủ đô đến năm 2030 và tầm nhìn đến năm 2050."
      },
      "geometry": {
        "type": "Polygon",
        "coordinates": [
          [
            [
              105.83442764963337,
              20.87859423699116
            ],
            [
              105.83499567033724,
              20.844064639933123
            ],
            [
              105.86459841554831,
              20.843969519378287
            ],
            [
              105.87145605144578,
              20.86973358044719
            ],
            [
              105.83442764963337,
              20.87859423699116
            ]
          ]
        ]
      }
    },
    {
      "type": "Feature",
      "id": "qhc_202",
      "properties": {
        "name": "Cụm công nghiệp tập trung, kho vận CN-18-8",
        "district": "Quận Long Biên",
        "code": "CN",
        "land_use": "Đất công nghiệp phi nông nghiệp, sản xuất sạch, kho bãi tập trung.",
        "area_ha": 1248.5,
        "density": "65%",
        "height_limit": "5-9 tầng",
        "notes": "Quy hoạch chung xây dựng Thủ đô đến năm 2030 và tầm nhìn đến năm 2050."
      },
      "geometry": {
        "type": "Polygon",
        "coordinates": [
          [
            [
              105.83442764963337,
              20.87859423699116
            ],
            [
              105.87145605144578,
              20.86973358044719
            ],
            [
              105.86108551117694,
              20.91436979821517
            ],
            [
              105.84107322397816,
              20.910049295175998
            ],
            [
              105.83442764963337,
              20.87859423699116
            ]
          ]
        ]
      }
    },
    {
      "type": "Feature",
      "id": "qhc_203",
      "properties": {
        "name": "Khu hành chính công sở, liên cơ quan HCTH-18-9",
        "district": "Quận Hoàn Kiếm",
        "code": "HCTH",
        "land_use": "Đất hành chính công sở, cơ quan đầu não nhà nước địa phương.",
        "area_ha": 925.5,
        "density": "25%",
        "height_limit": "5-9 tầng",
        "notes": "Quy hoạch chung xây dựng Thủ đô đến năm 2030 và tầm nhìn đến năm 2050."
      },
      "geometry": {
        "type": "Polygon",
        "coordinates": [
          [
            [
              105.8366924619371,
              20.94326316044087
            ],
            [
              105.84107322397816,
              20.910049295175998
            ],
            [
              105.86108551117694,
              20.91436979821517
            ],
            [
              105.86768552835343,
              20.944233830614174
            ],
            [
              105.8366924619371,
              20.94326316044087
            ]
          ]
        ]
      }
    },
    {
      "type": "Feature",
      "id": "qhc_204",
      "properties": {
        "name": "Công viên cây xanh, hồ điều hòa CX-18-10",
        "district": "Quận Hai Bà Trưng",
        "code": "CX",
        "land_use": "Đất cây xanh công viên, mặt nước cảnh quan điều hòa khí hậu đô thị.",
        "area_ha": 1276.7,
        "density": "45%",
        "height_limit": "5-9 tầng",
        "notes": "Quy hoạch chung xây dựng Thủ đô đến năm 2030 và tầm nhìn đến năm 2050."
      },
      "geometry": {
        "type": "Polygon",
        "coordinates": [
          [
            [
              105.8366924619371,
              20.94326316044087
            ],
            [
              105.86768552835343,
              20.944233830614174
            ],
            [
              105.85907890329251,
              20.985305044909637
            ],
            [
              105.83938223622312,
              20.98986843525651
            ],
            [
              105.8366924619371,
              20.94326316044087
            ]
          ]
        ]
      }
    },
    {
      "type": "Feature",
      "id": "qhc_205",
      "properties": {
        "name": "Hành lang thoát lũ sông Hồng",
        "district": "Quận Ba Đình",
        "code": "MN",
        "land_use": "Đất sông suối, kênh rạch và hành lang xanh thoát nước tự nhiên.",
        "area_ha": 1304.1,
        "density": "0%",
        "height_limit": "Không cho phép",
        "notes": "Quy hoạch chung xây dựng Thủ đô đến năm 2030 và tầm nhìn đến năm 2050."
      },
      "geometry": {
        "type": "Polygon",
        "coordinates": [
          [
            [
              105.8299786316394,
              21.026559915503075
            ],
            [
              105.83938223622312,
              20.98986843525651
            ],
            [
              105.85907890329251,
              20.985305044909637
            ],
            [
              105.86725862179948,
              21.02799871993088
            ],
            [
              105.8299786316394,
              21.026559915503075
            ]
          ]
        ]
      }
    },
    {
      "type": "Feature",
      "id": "qhc_206",
      "properties": {
        "name": "Cụm công nghiệp tập trung, kho vận CN-18-12",
        "district": "Quận Hai Bà Trưng",
        "code": "CN",
        "land_use": "Đất công nghiệp phi nông nghiệp, sản xuất sạch, kho bãi tập trung.",
        "area_ha": 1139.4,
        "density": "65%",
        "height_limit": "5-9 tầng",
        "notes": "Quy hoạch chung xây dựng Thủ đô đến năm 2030 và tầm nhìn đến năm 2050."
      },
      "geometry": {
        "type": "Polygon",
        "coordinates": [
          [
            [
              105.8299786316394,
              21.026559915503075
            ],
            [
              105.86725862179948,
              21.02799871993088
            ],
            [
              105.8666381487213,
              21.050491095902736
            ],
            [
              105.83341009207477,
              21.059770633459983
            ],
            [
              105.8299786316394,
              21.026559915503075
            ]
          ]
        ]
      }
    },
    {
      "type": "Feature",
      "id": "qhc_207",
      "properties": {
        "name": "Tổ hợp dịch vụ, trung tâm thương mại TMDV-18-13",
        "district": "Quận Cầu Giấy",
        "code": "TMDV",
        "land_use": "Đất thương mại dịch vụ cao tầng, văn phòng, siêu thị, khách sạn.",
        "area_ha": 1324.2,
        "density": "45%",
        "height_limit": "5-9 tầng",
        "notes": "Quy hoạch chung xây dựng Thủ đô đến năm 2030 và tầm nhìn đến năm 2050."
      },
      "geometry": {
        "type": "Polygon",
        "coordinates": [
          [
            [
              105.83191220213652,
              21.092132250734398
            ],
            [
              105.83341009207477,
              21.059770633459983
            ],
            [
              105.8666381487213,
              21.050491095902736
            ],
            [
              105.86455326034815,
              21.088530695913516
            ],
            [
              105.83191220213652,
              21.092132250734398
            ]
          ]
        ]
      }
    },
    {
      "type": "Feature",
      "id": "qhc_208",
      "properties": {
        "name": "Khu đô thị hỗn hợp cao tầng HHT-18-14",
        "district": "Quận Long Biên",
        "code": "HHT",
        "land_use": "Đất hỗn hợp đa chức năng kết hợp nhà ở và trung tâm thương mại.",
        "area_ha": 1569.5,
        "density": "45%",
        "height_limit": "18-35 tầng",
        "notes": "Quy hoạch chung xây dựng Thủ đô đến năm 2030 và tầm nhìn đến năm 2050."
      },
      "geometry": {
        "type": "Polygon",
        "coordinates": [
          [
            [
              105.83191220213652,
              21.092132250734398
            ],
            [
              105.86455326034815,
              21.088530695913516
            ],
            [
              105.85903260911681,
              21.132850988821527
            ],
            [
              105.8323643302157,
              21.140550197679364
            ],
            [
              105.83191220213652,
              21.092132250734398
            ]
          ]
        ]
      }
    },
    {
      "type": "Feature",
      "id": "qhc_209",
      "properties": {
        "name": "Khu đô thị hỗn hợp cao tầng HHT-18-15",
        "district": "Huyện Sóc Sơn",
        "code": "HHT",
        "land_use": "Đất hỗn hợp đa chức năng kết hợp nhà ở và trung tâm thương mại.",
        "area_ha": 892.3,
        "density": "45%",
        "height_limit": "18-35 tầng",
        "notes": "Quy hoạch chung xây dựng Thủ đô đến năm 2030 và tầm nhìn đến năm 2050."
      },
      "geometry": {
        "type": "Polygon",
        "coordinates": [
          [
            [
              105.8323643302157,
              21.140550197679364
            ],
            [
              105.85903260911681,
              21.132850988821527
            ],
            [
              105.86626394330305,
              21.172914722953887
            ],
            [
              105.84065256822952,
              21.160955441234726
            ],
            [
              105.8323643302157,
              21.140550197679364
            ]
          ]
        ]
      }
    },
    {
      "type": "Feature",
      "id": "qhc_210",
      "properties": {
        "name": "Công viên cây xanh, hồ điều hòa CX-18-16",
        "district": "Huyện Sóc Sơn",
        "code": "CX",
        "land_use": "Đất cây xanh công viên, mặt nước cảnh quan điều hòa khí hậu đô thị.",
        "area_ha": 1216.7,
        "density": "45%",
        "height_limit": "5-9 tầng",
        "notes": "Quy hoạch chung xây dựng Thủ đô đến năm 2030 và tầm nhìn đến năm 2050."
      },
      "geometry": {
        "type": "Polygon",
        "coordinates": [
          [
            [
              105.83938844833628,
              21.212401189109357
            ],
            [
              105.84065256822952,
              21.160955441234726
            ],
            [
              105.86626394330305,
              21.172914722953887
            ],
            [
              105.86381506147426,
              21.20546463562033
            ],
            [
              105.83938844833628,
              21.212401189109357
            ]
          ]
        ]
      }
    },
    {
      "type": "Feature",
      "id": "qhc_211",
      "properties": {
        "name": "Khu dân cư hiện trạng chỉnh trang ODT-18-17",
        "district": "Huyện Sóc Sơn",
        "code": "ODT",
        "land_use": "Đất ở tại đô thị, phục vụ cải tạo chỉnh trang và xây mới nhà ở.",
        "area_ha": 998.4,
        "density": "55%",
        "height_limit": "3-7 tầng",
        "notes": "Quy hoạch chung xây dựng Thủ đô đến năm 2030 và tầm nhìn đến năm 2050."
      },
      "geometry": {
        "type": "Polygon",
        "coordinates": [
          [
            [
              105.834045576295,
              21.240285987088647
            ],
            [
              105.83938844833628,
              21.212401189109357
            ],
            [
              105.86381506147426,
              21.20546463562033
            ],
            [
              105.86834496719804,
              21.23672910513725
            ],
            [
              105.834045576295,
              21.240285987088647
            ]
          ]
        ]
      }
    },
    {
      "type": "Feature",
      "id": "qhc_212",
      "properties": {
        "name": "Khu dân cư hiện trạng chỉnh trang ODT-18-18",
        "district": "Huyện Sóc Sơn",
        "code": "ODT",
        "land_use": "Đất ở tại đô thị, phục vụ cải tạo chỉnh trang và xây mới nhà ở.",
        "area_ha": 1467.2,
        "density": "55%",
        "height_limit": "3-7 tầng",
        "notes": "Quy hoạch chung xây dựng Thủ đô đến năm 2030 và tầm nhìn đến năm 2050."
      },
      "geometry": {
        "type": "Polygon",
        "coordinates": [
          [
            [
              105.83230472597575,
              21.2756242238417
            ],
            [
              105.834045576295,
              21.240285987088647
            ],
            [
              105.86834496719804,
              21.23672910513725
            ],
            [
              105.86643313552393,
              21.275990778247373
            ],
            [
              105.83230472597575,
              21.2756242238417
            ]
          ]
        ]
      }
    },
    {
      "type": "Feature",
      "id": "qhc_213",
      "properties": {
        "name": "Khu dân cư hiện trạng chỉnh trang ODT-18-19",
        "district": "Huyện Sóc Sơn",
        "code": "ODT",
        "land_use": "Đất ở tại đô thị, phục vụ cải tạo chỉnh trang và xây mới nhà ở.",
        "area_ha": 1528.4,
        "density": "55%",
        "height_limit": "3-7 tầng",
        "notes": "Quy hoạch chung xây dựng Thủ đô đến năm 2030 và tầm nhìn đến năm 2050."
      },
      "geometry": {
        "type": "Polygon",
        "coordinates": [
          [
            [
              105.83230472597575,
              21.2756242238417
            ],
            [
              105.86643313552393,
              21.275990778247373
            ],
            [
              105.86596477942572,
              21.323828918299622
            ],
            [
              105.84130709496375,
              21.318838456670065
            ],
            [
              105.83230472597575,
              21.2756242238417
            ]
          ]
        ]
      }
    },
    {
      "type": "Feature",
      "id": "qhc_214",
      "properties": {
        "name": "Khu đô thị hỗn hợp cao tầng HHT-18-20",
        "district": "Huyện Sóc Sơn",
        "code": "HHT",
        "land_use": "Đất hỗn hợp đa chức năng kết hợp nhà ở và trung tâm thương mại.",
        "area_ha": 928.3,
        "density": "45%",
        "height_limit": "18-35 tầng",
        "notes": "Quy hoạch chung xây dựng Thủ đô đến năm 2030 và tầm nhìn đến năm 2050."
      },
      "geometry": {
        "type": "Polygon",
        "coordinates": [
          [
            [
              105.8293429255686,
              21.357375566211648
            ],
            [
              105.84130709496375,
              21.318838456670065
            ],
            [
              105.86596477942572,
              21.323828918299622
            ],
            [
              105.86381042297558,
              21.335714716480606
            ],
            [
              105.863206,
              21.336402
            ],
            [
              105.86309,
              21.337574
            ],
            [
              105.862104,
              21.338239
            ],
            [
              105.858583,
              21.338237
            ],
            [
              105.855782,
              21.342646
            ],
            [
              105.856515,
              21.345963
            ],
            [
              105.858124,
              21.345247
            ],
            [
              105.858647,
              21.345828
            ],
            [
              105.853066,
              21.348332
            ],
            [
              105.852254,
              21.349644
            ],
            [
              105.85257776679121,
              21.350729103959655
            ],
            [
              105.8293429255686,
              21.357375566211648
            ]
          ]
        ]
      }
    },
    {
      "type": "Feature",
      "id": "qhc_215",
      "properties": {
        "name": "Khu dân cư hiện trạng chỉnh trang ODT-18-21",
        "district": "Huyện Sóc Sơn",
        "code": "ODT",
        "land_use": "Đất ở tại đô thị, phục vụ cải tạo chỉnh trang và xây mới nhà ở.",
        "area_ha": 628.7,
        "density": "55%",
        "height_limit": "3-7 tầng",
        "notes": "Quy hoạch chung xây dựng Thủ đô đến năm 2030 và tầm nhìn đến năm 2050."
      },
      "geometry": {
        "type": "Polygon",
        "coordinates": [
          [
            [
              105.8293429255686,
              21.357375566211648
            ],
            [
              105.85257776679121,
              21.350729103959655
            ],
            [
              105.852621,
              21.350874
            ],
            [
              105.854648,
              21.35245
            ],
            [
              105.851847,
              21.355528
            ],
            [
              105.851699,
              21.357451
            ],
            [
              105.853689,
              21.359417
            ],
            [
              105.853362,
              21.362052
            ],
            [
              105.854937,
              21.366584
            ],
            [
              105.855606,
              21.367627
            ],
            [
              105.857522,
              21.367896
            ],
            [
              105.858159,
              21.36904
            ],
            [
              105.858433,
              21.374604
            ],
            [
              105.85645,
              21.376005
            ],
            [
              105.851685,
              21.375413
            ],
            [
              105.84882,
              21.377775
            ],
            [
              105.844276,
              21.377069
            ],
            [
              105.839683,
              21.377438
            ],
            [
              105.837214,
              21.376522
            ],
            [
              105.83584,
              21.374139
            ],
            [
              105.833984,
              21.373593
            ],
            [
              105.833948,
              21.372954
            ],
            [
              105.83206465719896,
              21.37328376133314
            ],
            [
              105.8293429255686,
              21.357375566211648
            ]
          ]
        ]
      }
    },
    {
      "type": "Feature",
      "id": "qhc_216",
      "properties": {
        "name": "Tổ hợp dịch vụ, trung tâm thương mại TMDV-19-2",
        "district": "Huyện Mỹ Đức",
        "code": "TMDV",
        "land_use": "Đất thương mại dịch vụ cao tầng, văn phòng, siêu thị, khách sạn.",
        "area_ha": 946.2,
        "density": "45%",
        "height_limit": "5-9 tầng",
        "notes": "Quy hoạch chung xây dựng Thủ đô đến năm 2030 và tầm nhìn đến năm 2050."
      },
      "geometry": {
        "type": "Polygon",
        "coordinates": [
          [
            [
              105.86562962056048,
              20.65808120559909
            ],
            [
              105.89065015019864,
              20.66187938775406
            ],
            [
              105.89918493435101,
              20.690463648241565
            ],
            [
              105.86970420339443,
              20.69041558991487
            ],
            [
              105.86562962056048,
              20.65808120559909
            ]
          ]
        ]
      }
    },
    {
      "type": "Feature",
      "id": "qhc_217",
      "properties": {
        "name": "Cụm công nghiệp tập trung, kho vận CN-19-3",
        "district": "Huyện Mỹ Đức",
        "code": "CN",
        "land_use": "Đất công nghiệp phi nông nghiệp, sản xuất sạch, kho bãi tập trung.",
        "area_ha": 1515.4,
        "density": "65%",
        "height_limit": "5-9 tầng",
        "notes": "Quy hoạch chung xây dựng Thủ đô đến năm 2030 và tầm nhìn đến năm 2050."
      },
      "geometry": {
        "type": "Polygon",
        "coordinates": [
          [
            [
              105.860814693104,
              20.726442496335775
            ],
            [
              105.86970420339443,
              20.69041558991487
            ],
            [
              105.89918493435101,
              20.690463648241565
            ],
            [
              105.89643410414328,
              20.73364937384683
            ],
            [
              105.860814693104,
              20.726442496335775
            ]
          ]
        ]
      }
    },
    {
      "type": "Feature",
      "id": "qhc_218",
      "properties": {
        "name": "Khu hành chính công sở, liên cơ quan HCTH-19-4",
        "district": "Huyện Mỹ Đức",
        "code": "HCTH",
        "land_use": "Đất hành chính công sở, cơ quan đầu não nhà nước địa phương.",
        "area_ha": 1151.9,
        "density": "25%",
        "height_limit": "5-9 tầng",
        "notes": "Quy hoạch chung xây dựng Thủ đô đến năm 2030 và tầm nhìn đến năm 2050."
      },
      "geometry": {
        "type": "Polygon",
        "coordinates": [
          [
            [
              105.85927491581326,
              20.75823486905401
            ],
            [
              105.860814693104,
              20.726442496335775
            ],
            [
              105.89643410414328,
              20.73364937384683
            ],
            [
              105.89090976212611,
              20.760151658463993
            ],
            [
              105.85927491581326,
              20.75823486905401
            ]
          ]
        ]
      }
    },
    {
      "type": "Feature",
      "id": "qhc_219",
      "properties": {
        "name": "Khu đô thị hỗn hợp cao tầng HHT-19-5",
        "district": "Quận Long Biên",
        "code": "HHT",
        "land_use": "Đất hỗn hợp đa chức năng kết hợp nhà ở và trung tâm thương mại.",
        "area_ha": 1579.9,
        "density": "45%",
        "height_limit": "18-35 tầng",
        "notes": "Quy hoạch chung xây dựng Thủ đô đến năm 2030 và tầm nhìn đến năm 2050."
      },
      "geometry": {
        "type": "Polygon",
        "coordinates": [
          [
            [
              105.85927491581326,
              20.75823486905401
            ],
            [
              105.89090976212611,
              20.760151658463993
            ],
            [
              105.89948439733682,
              20.798270907139486
            ],
            [
              105.86801465099633,
              20.805333934982897
            ],
            [
              105.85927491581326,
              20.75823486905401
            ]
          ]
        ]
      }
    },
    {
      "type": "Feature",
      "id": "qhc_220",
      "properties": {
        "name": "Khu đô thị hỗn hợp cao tầng HHT-19-6",
        "district": "Quận Long Biên",
        "code": "HHT",
        "land_use": "Đất hỗn hợp đa chức năng kết hợp nhà ở và trung tâm thương mại.",
        "area_ha": 1327.5,
        "density": "45%",
        "height_limit": "18-35 tầng",
        "notes": "Quy hoạch chung xây dựng Thủ đô đến năm 2030 và tầm nhìn đến năm 2050."
      },
      "geometry": {
        "type": "Polygon",
        "coordinates": [
          [
            [
              105.86459841554831,
              20.843969519378287
            ],
            [
              105.86801465099633,
              20.805333934982897
            ],
            [
              105.89948439733682,
              20.798270907139486
            ],
            [
              105.89031077273295,
              20.841982365133717
            ],
            [
              105.86459841554831,
              20.843969519378287
            ]
          ]
        ]
      }
    },
    {
      "type": "Feature",
      "id": "qhc_221",
      "properties": {
        "name": "Khu dân cư hiện trạng chỉnh trang ODT-19-7",
        "district": "Quận Tây Hồ",
        "code": "ODT",
        "land_use": "Đất ở tại đô thị, phục vụ cải tạo chỉnh trang và xây mới nhà ở.",
        "area_ha": 795.1,
        "density": "55%",
        "height_limit": "3-7 tầng",
        "notes": "Quy hoạch chung xây dựng Thủ đô đến năm 2030 và tầm nhìn đến năm 2050."
      },
      "geometry": {
        "type": "Polygon",
        "coordinates": [
          [
            [
              105.86459841554831,
              20.843969519378287
            ],
            [
              105.89031077273295,
              20.841982365133717
            ],
            [
              105.89021623643694,
              20.879263086071628
            ],
            [
              105.87145605144578,
              20.86973358044719
            ],
            [
              105.86459841554831,
              20.843969519378287
            ]
          ]
        ]
      }
    },
    {
      "type": "Feature",
      "id": "qhc_222",
      "properties": {
        "name": "Khu dân cư hiện trạng chỉnh trang ODT-19-8",
        "district": "Quận Ba Đình",
        "code": "ODT",
        "land_use": "Đất ở tại đô thị, phục vụ cải tạo chỉnh trang và xây mới nhà ở.",
        "area_ha": 979.8,
        "density": "55%",
        "height_limit": "3-7 tầng",
        "notes": "Quy hoạch chung xây dựng Thủ đô đến năm 2030 và tầm nhìn đến năm 2050."
      },
      "geometry": {
        "type": "Polygon",
        "coordinates": [
          [
            [
              105.86108551117694,
              20.91436979821517
            ],
            [
              105.87145605144578,
              20.86973358044719
            ],
            [
              105.89021623643694,
              20.879263086071628
            ],
            [
              105.89200544935593,
              20.903205251231732
            ],
            [
              105.86108551117694,
              20.91436979821517
            ]
          ]
        ]
      }
    },
    {
      "type": "Feature",
      "id": "qhc_223",
      "properties": {
        "name": "Khu hành chính công sở, liên cơ quan HCTH-19-9",
        "district": "Quận Cầu Giấy",
        "code": "HCTH",
        "land_use": "Đất hành chính công sở, cơ quan đầu não nhà nước địa phương.",
        "area_ha": 1337.7,
        "density": "25%",
        "height_limit": "5-9 tầng",
        "notes": "Quy hoạch chung xây dựng Thủ đô đến năm 2030 và tầm nhìn đến năm 2050."
      },
      "geometry": {
        "type": "Polygon",
        "coordinates": [
          [
            [
              105.86108551117694,
              20.91436979821517
            ],
            [
              105.89200544935593,
              20.903205251231732
            ],
            [
              105.8935765527155,
              20.954816403511042
            ],
            [
              105.86768552835343,
              20.944233830614174
            ],
            [
              105.86108551117694,
              20.91436979821517
            ]
          ]
        ]
      }
    },
    {
      "type": "Feature",
      "id": "qhc_224",
      "properties": {
        "name": "Khu đô thị hỗn hợp cao tầng HHT-19-10",
        "district": "Quận Long Biên",
        "code": "HHT",
        "land_use": "Đất hỗn hợp đa chức năng kết hợp nhà ở và trung tâm thương mại.",
        "area_ha": 1275.7,
        "density": "45%",
        "height_limit": "18-35 tầng",
        "notes": "Quy hoạch chung xây dựng Thủ đô đến năm 2030 và tầm nhìn đến năm 2050."
      },
      "geometry": {
        "type": "Polygon",
        "coordinates": [
          [
            [
              105.85907890329251,
              20.985305044909637
            ],
            [
              105.86768552835343,
              20.944233830614174
            ],
            [
              105.8935765527155,
              20.954816403511042
            ],
            [
              105.90045999733627,
              20.97932659518659
            ],
            [
              105.85907890329251,
              20.985305044909637
            ]
          ]
        ]
      }
    },
    {
      "type": "Feature",
      "id": "qhc_225",
      "properties": {
        "name": "Khu đô thị hỗn hợp cao tầng HHT-19-11",
        "district": "Quận Long Biên",
        "code": "HHT",
        "land_use": "Đất hỗn hợp đa chức năng kết hợp nhà ở và trung tâm thương mại.",
        "area_ha": 1807.6,
        "density": "45%",
        "height_limit": "18-35 tầng",
        "notes": "Quy hoạch chung xây dựng Thủ đô đến năm 2030 và tầm nhìn đến năm 2050."
      },
      "geometry": {
        "type": "Polygon",
        "coordinates": [
          [
            [
              105.85907890329251,
              20.985305044909637
            ],
            [
              105.90045999733627,
              20.97932659518659
            ],
            [
              105.8979715903656,
              21.022620736770353
            ],
            [
              105.86725862179948,
              21.02799871993088
            ],
            [
              105.85907890329251,
              20.985305044909637
            ]
          ]
        ]
      }
    },
    {
      "type": "Feature",
      "id": "qhc_226",
      "properties": {
        "name": "Khu dân cư hiện trạng chỉnh trang ODT-19-12",
        "district": "Quận Long Biên",
        "code": "ODT",
        "land_use": "Đất ở tại đô thị, phục vụ cải tạo chỉnh trang và xây mới nhà ở.",
        "area_ha": 965.4,
        "density": "55%",
        "height_limit": "3-7 tầng",
        "notes": "Quy hoạch chung xây dựng Thủ đô đến năm 2030 và tầm nhìn đến năm 2050."
      },
      "geometry": {
        "type": "Polygon",
        "coordinates": [
          [
            [
              105.8666381487213,
              21.050491095902736
            ],
            [
              105.86725862179948,
              21.02799871993088
            ],
            [
              105.8979715903656,
              21.022620736770353
            ],
            [
              105.89961065223768,
              21.052621947338945
            ],
            [
              105.8666381487213,
              21.050491095902736
            ]
          ]
        ]
      }
    },
    {
      "type": "Feature",
      "id": "qhc_227",
      "properties": {
        "name": "Công viên cây xanh, hồ điều hòa CX-19-13",
        "district": "Quận Long Biên",
        "code": "CX",
        "land_use": "Đất cây xanh công viên, mặt nước cảnh quan điều hòa khí hậu đô thị.",
        "area_ha": 1470.3,
        "density": "45%",
        "height_limit": "5-9 tầng",
        "notes": "Quy hoạch chung xây dựng Thủ đô đến năm 2030 và tầm nhìn đến năm 2050."
      },
      "geometry": {
        "type": "Polygon",
        "coordinates": [
          [
            [
              105.86455326034815,
              21.088530695913516
            ],
            [
              105.8666381487213,
              21.050491095902736
            ],
            [
              105.89961065223768,
              21.052621947338945
            ],
            [
              105.89273671822268,
              21.096462551066082
            ],
            [
              105.86455326034815,
              21.088530695913516
            ]
          ]
        ]
      }
    },
    {
      "type": "Feature",
      "id": "qhc_228",
      "properties": {
        "name": "Cụm công nghiệp tập trung, kho vận CN-19-14",
        "district": "Quận Nam Từ Liêm",
        "code": "CN",
        "land_use": "Đất công nghiệp phi nông nghiệp, sản xuất sạch, kho bãi tập trung.",
        "area_ha": 1503.3,
        "density": "65%",
        "height_limit": "5-9 tầng",
        "notes": "Quy hoạch chung xây dựng Thủ đô đến năm 2030 và tầm nhìn đến năm 2050."
      },
      "geometry": {
        "type": "Polygon",
        "coordinates": [
          [
            [
              105.85903260911681,
              21.132850988821527
            ],
            [
              105.86455326034815,
              21.088530695913516
            ],
            [
              105.89273671822268,
              21.096462551066082
            ],
            [
              105.89034466505926,
              21.138023479036843
            ],
            [
              105.85903260911681,
              21.132850988821527
            ]
          ]
        ]
      }
    },
    {
      "type": "Feature",
      "id": "qhc_229",
      "properties": {
        "name": "Tổ hợp dịch vụ, trung tâm thương mại TMDV-19-15",
        "district": "Huyện Sóc Sơn",
        "code": "TMDV",
        "land_use": "Đất thương mại dịch vụ cao tầng, văn phòng, siêu thị, khách sạn.",
        "area_ha": 1187.7,
        "density": "45%",
        "height_limit": "5-9 tầng",
        "notes": "Quy hoạch chung xây dựng Thủ đô đến năm 2030 và tầm nhìn đến năm 2050."
      },
      "geometry": {
        "type": "Polygon",
        "coordinates": [
          [
            [
              105.85903260911681,
              21.132850988821527
            ],
            [
              105.89034466505926,
              21.138023479036843
            ],
            [
              105.8987216263117,
              21.16089102277835
            ],
            [
              105.86626394330305,
              21.172914722953887
            ],
            [
              105.85903260911681,
              21.132850988821527
            ]
          ]
        ]
      }
    },
    {
      "type": "Feature",
      "id": "qhc_230",
      "properties": {
        "name": "Khu đô thị hỗn hợp cao tầng HHT-19-16",
        "district": "Huyện Sóc Sơn",
        "code": "HHT",
        "land_use": "Đất hỗn hợp đa chức năng kết hợp nhà ở và trung tâm thương mại.",
        "area_ha": 1442.9,
        "density": "45%",
        "height_limit": "18-35 tầng",
        "notes": "Quy hoạch chung xây dựng Thủ đô đến năm 2030 và tầm nhìn đến năm 2050."
      },
      "geometry": {
        "type": "Polygon",
        "coordinates": [
          [
            [
              105.86381506147426,
              21.20546463562033
            ],
            [
              105.86626394330305,
              21.172914722953887
            ],
            [
              105.8987216263117,
              21.16089102277835
            ],
            [
              105.89300843044579,
              21.210476108620917
            ],
            [
              105.86381506147426,
              21.20546463562033
            ]
          ]
        ]
      }
    },
    {
      "type": "Feature",
      "id": "qhc_231",
      "properties": {
        "name": "Khu dân cư hiện trạng chỉnh trang ODT-19-17",
        "district": "Huyện Sóc Sơn",
        "code": "ODT",
        "land_use": "Đất ở tại đô thị, phục vụ cải tạo chỉnh trang và xây mới nhà ở.",
        "area_ha": 1075.3,
        "density": "55%",
        "height_limit": "3-7 tầng",
        "notes": "Quy hoạch chung xây dựng Thủ đô đến năm 2030 và tầm nhìn đến năm 2050."
      },
      "geometry": {
        "type": "Polygon",
        "coordinates": [
          [
            [
              105.86381506147426,
              21.20546463562033
            ],
            [
              105.89300843044579,
              21.210476108620917
            ],
            [
              105.90226158994903,
              21.24019753240543
            ],
            [
              105.86834496719804,
              21.23672910513725
            ],
            [
              105.86381506147426,
              21.20546463562033
            ]
          ]
        ]
      }
    },
    {
      "type": "Feature",
      "id": "qhc_232",
      "properties": {
        "name": "Tổ hợp dịch vụ, trung tâm thương mại TMDV-19-18",
        "district": "Huyện Sóc Sơn",
        "code": "TMDV",
        "land_use": "Đất thương mại dịch vụ cao tầng, văn phòng, siêu thị, khách sạn.",
        "area_ha": 1377.1,
        "density": "45%",
        "height_limit": "5-9 tầng",
        "notes": "Quy hoạch chung xây dựng Thủ đô đến năm 2030 và tầm nhìn đến năm 2050."
      },
      "geometry": {
        "type": "Polygon",
        "coordinates": [
          [
            [
              105.86643313552393,
              21.275990778247373
            ],
            [
              105.86834496719804,
              21.23672910513725
            ],
            [
              105.90226158994903,
              21.24019753240543
            ],
            [
              105.89891395451853,
              21.27290043820033
            ],
            [
              105.86643313552393,
              21.275990778247373
            ]
          ]
        ]
      }
    },
    {
      "type": "Feature",
      "id": "qhc_233",
      "properties": {
        "name": "Khu dân cư hiện trạng chỉnh trang ODT-19-19",
        "district": "Huyện Sóc Sơn",
        "code": "ODT",
        "land_use": "Đất ở tại đô thị, phục vụ cải tạo chỉnh trang và xây mới nhà ở.",
        "area_ha": 1720.2,
        "density": "55%",
        "height_limit": "3-7 tầng",
        "notes": "Quy hoạch chung xây dựng Thủ đô đến năm 2030 và tầm nhìn đến năm 2050."
      },
      "geometry": {
        "type": "Polygon",
        "coordinates": [
          [
            [
              105.86596477942572,
              21.323828918299622
            ],
            [
              105.86643313552393,
              21.275990778247373
            ],
            [
              105.89891395451853,
              21.27290043820033
            ],
            [
              105.90067817915491,
              21.304583824679916
            ],
            [
              105.898416,
              21.30628
            ],
            [
              105.897335,
              21.307601
            ],
            [
              105.896981,
              21.309794
            ],
            [
              105.89854005725454,
              21.31547198902021
            ],
            [
              105.86596477942572,
              21.323828918299622
            ]
          ]
        ]
      }
    },
    {
      "type": "Feature",
      "id": "qhc_234",
      "properties": {
        "name": "Khu dân cư hiện trạng chỉnh trang ODT-20-2",
        "district": "Huyện Mỹ Đức",
        "code": "ODT",
        "land_use": "Đất ở tại đô thị, phục vụ cải tạo chỉnh trang và xây mới nhà ở.",
        "area_ha": 590.5,
        "density": "55%",
        "height_limit": "3-7 tầng",
        "notes": "Quy hoạch chung xây dựng Thủ đô đến năm 2030 và tầm nhìn đến năm 2050."
      },
      "geometry": {
        "type": "Polygon",
        "coordinates": [
          [
            [
              105.89065015019864,
              20.66187938775406
            ],
            [
              105.89611764189947,
              20.65988561410155
            ],
            [
              105.895839,
              20.66607
            ],
            [
              105.896458,
              20.668822
            ],
            [
              105.898952,
              20.66815
            ],
            [
              105.903238,
              20.664538
            ],
            [
              105.90564,
              20.664663
            ],
            [
              105.905447,
              20.668412
            ],
            [
              105.907597,
              20.668746
            ],
            [
              105.917008,
              20.674083
            ],
            [
              105.918295,
              20.673527
            ],
            [
              105.91999,
              20.6759
            ],
            [
              105.92371460747336,
              20.677112591542524
            ],
            [
              105.92193907331638,
              20.685067634305636
            ],
            [
              105.89918493435101,
              20.690463648241565
            ],
            [
              105.89065015019864,
              20.66187938775406
            ]
          ]
        ]
      }
    },
    {
      "type": "Feature",
      "id": "qhc_235",
      "properties": {
        "name": "Cụm công nghiệp tập trung, kho vận CN-20-3",
        "district": "Huyện Mỹ Đức",
        "code": "CN",
        "land_use": "Đất công nghiệp phi nông nghiệp, sản xuất sạch, kho bãi tập trung.",
        "area_ha": 1315.5,
        "density": "65%",
        "height_limit": "5-9 tầng",
        "notes": "Quy hoạch chung xây dựng Thủ đô đến năm 2030 và tầm nhìn đến năm 2050."
      },
      "geometry": {
        "type": "Polygon",
        "coordinates": [
          [
            [
              105.89643410414328,
              20.73364937384683
            ],
            [
              105.89918493435101,
              20.690463648241565
            ],
            [
              105.92193907331638,
              20.685067634305636
            ],
            [
              105.92453103713741,
              20.731375430796792
            ],
            [
              105.89643410414328,
              20.73364937384683
            ]
          ]
        ]
      }
    },
    {
      "type": "Feature",
      "id": "qhc_236",
      "properties": {
        "name": "Khu dân cư hiện trạng chỉnh trang ODT-20-4",
        "district": "Huyện Mỹ Đức",
        "code": "ODT",
        "land_use": "Đất ở tại đô thị, phục vụ cải tạo chỉnh trang và xây mới nhà ở.",
        "area_ha": 987.1,
        "density": "55%",
        "height_limit": "3-7 tầng",
        "notes": "Quy hoạch chung xây dựng Thủ đô đến năm 2030 và tầm nhìn đến năm 2050."
      },
      "geometry": {
        "type": "Polygon",
        "coordinates": [
          [
            [
              105.89090976212611,
              20.760151658463993
            ],
            [
              105.89643410414328,
              20.73364937384683
            ],
            [
              105.92453103713741,
              20.731375430796792
            ],
            [
              105.92102771215848,
              20.763385838213434
            ],
            [
              105.89090976212611,
              20.760151658463993
            ]
          ]
        ]
      }
    },
    {
      "type": "Feature",
      "id": "qhc_237",
      "properties": {
        "name": "Tổ hợp dịch vụ, trung tâm thương mại TMDV-20-5",
        "district": "Quận Long Biên",
        "code": "TMDV",
        "land_use": "Đất thương mại dịch vụ cao tầng, văn phòng, siêu thị, khách sạn.",
        "area_ha": 1215.3,
        "density": "45%",
        "height_limit": "5-9 tầng",
        "notes": "Quy hoạch chung xây dựng Thủ đô đến năm 2030 và tầm nhìn đến năm 2050."
      },
      "geometry": {
        "type": "Polygon",
        "coordinates": [
          [
            [
              105.89090976212611,
              20.760151658463993
            ],
            [
              105.92102771215848,
              20.763385838213434
            ],
            [
              105.9259590412817,
              20.78752854670826
            ],
            [
              105.922485,
              20.790954
            ],
            [
              105.918439,
              20.797803
            ],
            [
              105.91635663890213,
              20.803597923966887
            ],
            [
              105.89948439733682,
              20.798270907139486
            ],
            [
              105.89090976212611,
              20.760151658463993
            ]
          ]
        ]
      }
    },
    {
      "type": "Feature",
      "id": "qhc_238",
      "properties": {
        "name": "Khu đô thị hỗn hợp cao tầng HHT-20-6",
        "district": "Quận Long Biên",
        "code": "HHT",
        "land_use": "Đất hỗn hợp đa chức năng kết hợp nhà ở và trung tâm thương mại.",
        "area_ha": 770.4,
        "density": "45%",
        "height_limit": "18-35 tầng",
        "notes": "Quy hoạch chung xây dựng Thủ đô đến năm 2030 và tầm nhìn đến năm 2050."
      },
      "geometry": {
        "type": "Polygon",
        "coordinates": [
          [
            [
              105.89031077273295,
              20.841982365133717
            ],
            [
              105.89948439733682,
              20.798270907139486
            ],
            [
              105.91635663890213,
              20.803597923966887
            ],
            [
              105.912779,
              20.813554
            ],
            [
              105.911269,
              20.819179
            ],
            [
              105.910969,
              20.826607
            ],
            [
              105.91252517503106,
              20.834767546767225
            ],
            [
              105.89031077273295,
              20.841982365133717
            ]
          ]
        ]
      }
    },
    {
      "type": "Feature",
      "id": "qhc_239",
      "properties": {
        "name": "Khu dân cư hiện trạng chỉnh trang ODT-20-7",
        "district": "Quận Long Biên",
        "code": "ODT",
        "land_use": "Đất ở tại đô thị, phục vụ cải tạo chỉnh trang và xây mới nhà ở.",
        "area_ha": 1522.7,
        "density": "55%",
        "height_limit": "3-7 tầng",
        "notes": "Quy hoạch chung xây dựng Thủ đô đến năm 2030 và tầm nhìn đến năm 2050."
      },
      "geometry": {
        "type": "Polygon",
        "coordinates": [
          [
            [
              105.89021623643694,
              20.879263086071628
            ],
            [
              105.89031077273295,
              20.841982365133717
            ],
            [
              105.91252517503106,
              20.834767546767225
            ],
            [
              105.91292,
              20.836838
            ],
            [
              105.916413,
              20.841777
            ],
            [
              105.918809,
              20.843837
            ],
            [
              105.92597353510492,
              20.847364364536762
            ],
            [
              105.9277888560886,
              20.873313363330176
            ],
            [
              105.89021623643694,
              20.879263086071628
            ]
          ]
        ]
      }
    },
    {
      "type": "Feature",
      "id": "qhc_240",
      "properties": {
        "name": "Cụm công nghiệp tập trung, kho vận CN-20-11",
        "district": "Quận Long Biên",
        "code": "CN",
        "land_use": "Đất công nghiệp phi nông nghiệp, sản xuất sạch, kho bãi tập trung.",
        "area_ha": 1280.8,
        "density": "65%",
        "height_limit": "5-9 tầng",
        "notes": "Quy hoạch chung xây dựng Thủ đô đến năm 2030 và tầm nhìn đến năm 2050."
      },
      "geometry": {
        "type": "Polygon",
        "coordinates": [
          [
            [
              105.8979715903656,
              21.022620736770353
            ],
            [
              105.90045999733627,
              20.97932659518659
            ],
            [
              105.93128688662621,
              20.98375307709338
            ],
            [
              105.92554377663386,
              21.016671760235013
            ],
            [
              105.8979715903656,
              21.022620736770353
            ]
          ]
        ]
      }
    },
    {
      "type": "Feature",
      "id": "qhc_241",
      "properties": {
        "name": "Khu đô thị hỗn hợp cao tầng HHT-20-12",
        "district": "Quận Long Biên",
        "code": "HHT",
        "land_use": "Đất hỗn hợp đa chức năng kết hợp nhà ở và trung tâm thương mại.",
        "area_ha": 1188.9,
        "density": "45%",
        "height_limit": "18-35 tầng",
        "notes": "Quy hoạch chung xây dựng Thủ đô đến năm 2030 và tầm nhìn đến năm 2050."
      },
      "geometry": {
        "type": "Polygon",
        "coordinates": [
          [
            [
              105.8979715903656,
              21.022620736770353
            ],
            [
              105.92554377663386,
              21.016671760235013
            ],
            [
              105.93121690673964,
              21.055983113916987
            ],
            [
              105.89961065223768,
              21.052621947338945
            ],
            [
              105.8979715903656,
              21.022620736770353
            ]
          ]
        ]
      }
    },
    {
      "type": "Feature",
      "id": "qhc_242",
      "properties": {
        "name": "Khu dân cư hiện trạng chỉnh trang ODT-20-13",
        "district": "Quận Long Biên",
        "code": "ODT",
        "land_use": "Đất ở tại đô thị, phục vụ cải tạo chỉnh trang và xây mới nhà ở.",
        "area_ha": 1714.8,
        "density": "55%",
        "height_limit": "3-7 tầng",
        "notes": "Quy hoạch chung xây dựng Thủ đô đến năm 2030 và tầm nhìn đến năm 2050."
      },
      "geometry": {
        "type": "Polygon",
        "coordinates": [
          [
            [
              105.89273671822268,
              21.096462551066082
            ],
            [
              105.89961065223768,
              21.052621947338945
            ],
            [
              105.93121690673964,
              21.055983113916987
            ],
            [
              105.92906316656796,
              21.098891260770486
            ],
            [
              105.89273671822268,
              21.096462551066082
            ]
          ]
        ]
      }
    },
    {
      "type": "Feature",
      "id": "qhc_243",
      "properties": {
        "name": "Công viên cây xanh, hồ điều hòa CX-20-14",
        "district": "Quận Long Biên",
        "code": "CX",
        "land_use": "Đất cây xanh công viên, mặt nước cảnh quan điều hòa khí hậu đô thị.",
        "area_ha": 1307.6,
        "density": "45%",
        "height_limit": "5-9 tầng",
        "notes": "Quy hoạch chung xây dựng Thủ đô đến năm 2030 và tầm nhìn đến năm 2050."
      },
      "geometry": {
        "type": "Polygon",
        "coordinates": [
          [
            [
              105.89034466505926,
              21.138023479036843
            ],
            [
              105.89273671822268,
              21.096462551066082
            ],
            [
              105.92906316656796,
              21.098891260770486
            ],
            [
              105.9273991056866,
              21.112069175610287
            ],
            [
              105.926954,
              21.111948
            ],
            [
              105.924797,
              21.113247
            ],
            [
              105.925345,
              21.114865
            ],
            [
              105.92147,
              21.116543
            ],
            [
              105.923184,
              21.119984
            ],
            [
              105.923708,
              21.119864
            ],
            [
              105.923169,
              21.120824
            ],
            [
              105.922512,
              21.12097
            ],
            [
              105.921188,
              21.118615
            ],
            [
              105.915604,
              21.118976
            ],
            [
              105.915495,
              21.122059
            ],
            [
              105.914915,
              21.121953
            ],
            [
              105.912775,
              21.126476
            ],
            [
              105.914225,
              21.127497
            ],
            [
              105.915079,
              21.12638
            ],
            [
              105.919268,
              21.129914
            ],
            [
              105.91865571387555,
              21.130942284654292
            ],
            [
              105.89034466505926,
              21.138023479036843
            ]
          ]
        ]
      }
    },
    {
      "type": "Feature",
      "id": "qhc_244",
      "properties": {
        "name": "Khu dân cư hiện trạng chỉnh trang ODT-20-15",
        "district": "Huyện Sóc Sơn",
        "code": "ODT",
        "land_use": "Đất ở tại đô thị, phục vụ cải tạo chỉnh trang và xây mới nhà ở.",
        "area_ha": 992.4,
        "density": "55%",
        "height_limit": "3-7 tầng",
        "notes": "Quy hoạch chung xây dựng Thủ đô đến năm 2030 và tầm nhìn đến năm 2050."
      },
      "geometry": {
        "type": "Polygon",
        "coordinates": [
          [
            [
              105.89034466505926,
              21.138023479036843
            ],
            [
              105.91865571387555,
              21.130942284654292
            ],
            [
              105.917961,
              21.132109
            ],
            [
              105.921939,
              21.135247
            ],
            [
              105.923642,
              21.133134
            ],
            [
              105.924577,
              21.133363
            ],
            [
              105.925353,
              21.136042
            ],
            [
              105.923822,
              21.138136
            ],
            [
              105.9261671578052,
              21.14035589435616
            ],
            [
              105.92652938369719,
              21.14459903334804
            ],
            [
              105.925145,
              21.14511
            ],
            [
              105.925525,
              21.147003
            ],
            [
              105.923359,
              21.147338
            ],
            [
              105.922145,
              21.151658
            ],
            [
              105.919699,
              21.155672
            ],
            [
              105.921078,
              21.159651
            ],
            [
              105.922848,
              21.161662
            ],
            [
              105.922433,
              21.163281
            ],
            [
              105.919114,
              21.163622
            ],
            [
              105.917264,
              21.167598
            ],
            [
              105.91731932181007,
              21.167738056382504
            ],
            [
              105.8987216263117,
              21.16089102277835
            ],
            [
              105.89034466505926,
              21.138023479036843
            ]
          ]
        ]
      }
    },
    {
      "type": "Feature",
      "id": "qhc_245",
      "properties": {
        "name": "Khu hành chính công sở, liên cơ quan HCTH-20-16",
        "district": "Huyện Sóc Sơn",
        "code": "HCTH",
        "land_use": "Đất hành chính công sở, cơ quan đầu não nhà nước địa phương.",
        "area_ha": 975.1,
        "density": "25%",
        "height_limit": "5-9 tầng",
        "notes": "Quy hoạch chung xây dựng Thủ đô đến năm 2030 và tầm nhìn đến năm 2050."
      },
      "geometry": {
        "type": "Polygon",
        "coordinates": [
          [
            [
              105.89300843044579,
              21.210476108620917
            ],
            [
              105.8987216263117,
              21.16089102277835
            ],
            [
              105.91731932181007,
              21.167738056382504
            ],
            [
              105.917864,
              21.169117
            ],
            [
              105.917014,
              21.16967
            ],
            [
              105.916859,
              21.171583
            ],
            [
              105.918153,
              21.17159
            ],
            [
              105.918135,
              21.173561
            ],
            [
              105.921124,
              21.173937
            ],
            [
              105.92087,
              21.176195
            ],
            [
              105.921573,
              21.177095
            ],
            [
              105.920209,
              21.178335
            ],
            [
              105.923684,
              21.18273
            ],
            [
              105.915936,
              21.18704
            ],
            [
              105.916044,
              21.188884
            ],
            [
              105.912257,
              21.190251
            ],
            [
              105.912334,
              21.192356
            ],
            [
              105.907032,
              21.192924
            ],
            [
              105.906691,
              21.194946
            ],
            [
              105.90765,
              21.197725
            ],
            [
              105.913763,
              21.203222
            ],
            [
              105.91253420722676,
              21.204093792648354
            ],
            [
              105.89300843044579,
              21.210476108620917
            ]
          ]
        ]
      }
    },
    {
      "type": "Feature",
      "id": "qhc_246",
      "properties": {
        "name": "Khu hành chính công sở, liên cơ quan HCTH-20-18",
        "district": "Huyện Sóc Sơn",
        "code": "HCTH",
        "land_use": "Đất hành chính công sở, cơ quan đầu não nhà nước địa phương.",
        "area_ha": 870.7,
        "density": "25%",
        "height_limit": "5-9 tầng",
        "notes": "Quy hoạch chung xây dựng Thủ đô đến năm 2030 và tầm nhìn đến năm 2050."
      },
      "geometry": {
        "type": "Polygon",
        "coordinates": [
          [
            [
              105.89891395451853,
              21.27290043820033
            ],
            [
              105.90226158994903,
              21.24019753240543
            ],
            [
              105.92610322227473,
              21.248126887074577
            ],
            [
              105.92839445919398,
              21.26242255622976
            ],
            [
              105.923841,
              21.268226
            ],
            [
              105.922444,
              21.272418
            ],
            [
              105.9224360847849,
              21.27404292769744
            ],
            [
              105.89891395451853,
              21.27290043820033
            ]
          ]
        ]
      }
    },
    {
      "type": "Feature",
      "id": "qhc_247",
      "properties": {
        "name": "Khu dân cư hiện trạng chỉnh trang ODT-20-19",
        "district": "Huyện Sóc Sơn",
        "code": "ODT",
        "land_use": "Đất ở tại đô thị, phục vụ cải tạo chỉnh trang và xây mới nhà ở.",
        "area_ha": 755.7,
        "density": "55%",
        "height_limit": "3-7 tầng",
        "notes": "Quy hoạch chung xây dựng Thủ đô đến năm 2030 và tầm nhìn đến năm 2050."
      },
      "geometry": {
        "type": "Polygon",
        "coordinates": [
          [
            [
              105.89891395451853,
              21.27290043820033
            ],
            [
              105.9224360847849,
              21.27404292769744
            ],
            [
              105.922396,
              21.282272
            ],
            [
              105.923327,
              21.287799
            ],
            [
              105.926394,
              21.29012
            ],
            [
              105.92924186131889,
              21.29107886706792
            ],
            [
              105.9289841132546,
              21.29506646904094
            ],
            [
              105.923686,
              21.293915
            ],
            [
              105.916949,
              21.294738
            ],
            [
              105.915784,
              21.296942
            ],
            [
              105.917662,
              21.303836
            ],
            [
              105.917082,
              21.305439
            ],
            [
              105.914602,
              21.305035
            ],
            [
              105.910927,
              21.301994
            ],
            [
              105.907705,
              21.301545
            ],
            [
              105.903344,
              21.302585
            ],
            [
              105.90067817915491,
              21.304583824679916
            ],
            [
              105.89891395451853,
              21.27290043820033
            ]
          ]
        ]
      }
    },
    {
      "type": "Feature",
      "id": "qhc_248",
      "properties": {
        "name": "Khu dân cư hiện trạng chỉnh trang ODT-21-3",
        "district": "Huyện Mỹ Đức",
        "code": "ODT",
        "land_use": "Đất ở tại đô thị, phục vụ cải tạo chỉnh trang và xây mới nhà ở.",
        "area_ha": 1499.2,
        "density": "55%",
        "height_limit": "3-7 tầng",
        "notes": "Quy hoạch chung xây dựng Thủ đô đến năm 2030 và tầm nhìn đến năm 2050."
      },
      "geometry": {
        "type": "Polygon",
        "coordinates": [
          [
            [
              105.92193907331638,
              20.685067634305636
            ],
            [
              105.9535120880772,
              20.695587529607476
            ],
            [
              105.96491521888662,
              20.721452560140524
            ],
            [
              105.92453103713741,
              20.731375430796792
            ],
            [
              105.92193907331638,
              20.685067634305636
            ]
          ]
        ]
      }
    },
    {
      "type": "Feature",
      "id": "qhc_249",
      "properties": {
        "name": "Khu dân cư hiện trạng chỉnh trang ODT-21-4",
        "district": "Huyện Mỹ Đức",
        "code": "ODT",
        "land_use": "Đất ở tại đô thị, phục vụ cải tạo chỉnh trang và xây mới nhà ở.",
        "area_ha": 1500.7,
        "density": "55%",
        "height_limit": "3-7 tầng",
        "notes": "Quy hoạch chung xây dựng Thủ đô đến năm 2030 và tầm nhìn đến năm 2050."
      },
      "geometry": {
        "type": "Polygon",
        "coordinates": [
          [
            [
              105.92102771215848,
              20.763385838213434
            ],
            [
              105.92453103713741,
              20.731375430796792
            ],
            [
              105.96491521888662,
              20.721452560140524
            ],
            [
              105.9643985597147,
              20.72423411837017
            ],
            [
              105.964193,
              20.724762
            ],
            [
              105.96426861820646,
              20.724933689559943
            ],
            [
              105.95803100769072,
              20.758515357719844
            ],
            [
              105.92102771215848,
              20.763385838213434
            ]
          ]
        ]
      }
    },
    {
      "type": "Feature",
      "id": "qhc_250",
      "properties": {
        "name": "Khu dân cư hiện trạng chỉnh trang ODT-21-11",
        "district": "Quận Long Biên",
        "code": "ODT",
        "land_use": "Đất ở tại đô thị, phục vụ cải tạo chỉnh trang và xây mới nhà ở.",
        "area_ha": 1210.1,
        "density": "55%",
        "height_limit": "3-7 tầng",
        "notes": "Quy hoạch chung xây dựng Thủ đô đến năm 2030 và tầm nhìn đến năm 2050."
      },
      "geometry": {
        "type": "Polygon",
        "coordinates": [
          [
            [
              105.92554377663386,
              21.016671760235013
            ],
            [
              105.93128688662621,
              20.98375307709338
            ],
            [
              105.96223566838898,
              20.98508944538629
            ],
            [
              105.96189894951286,
              20.9875413458896
            ],
            [
              105.961345,
              20.988359
            ],
            [
              105.961571,
              20.989068
            ],
            [
              105.96168082313191,
              20.989129686256465
            ],
            [
              105.95768995446468,
              21.018190168421
            ],
            [
              105.92554377663386,
              21.016671760235013
            ]
          ]
        ]
      }
    },
    {
      "type": "Feature",
      "id": "qhc_251",
      "properties": {
        "name": "Khu dân cư hiện trạng chỉnh trang ODT-21-12",
        "district": "Quận Long Biên",
        "code": "ODT",
        "land_use": "Đất ở tại đô thị, phục vụ cải tạo chỉnh trang và xây mới nhà ở.",
        "area_ha": 1429.2,
        "density": "55%",
        "height_limit": "3-7 tầng",
        "notes": "Quy hoạch chung xây dựng Thủ đô đến năm 2030 và tầm nhìn đến năm 2050."
      },
      "geometry": {
        "type": "Polygon",
        "coordinates": [
          [
            [
              105.92554377663386,
              21.016671760235013
            ],
            [
              105.95768995446468,
              21.018190168421
            ],
            [
              105.96205026535014,
              21.058117328014173
            ],
            [
              105.93121690673964,
              21.055983113916987
            ],
            [
              105.92554377663386,
              21.016671760235013
            ]
          ]
        ]
      }
    },
    {
      "type": "Feature",
      "id": "qhc_252",
      "properties": {
        "name": "Khu dân cư hiện trạng chỉnh trang ODT-21-13",
        "district": "Quận Long Biên",
        "code": "ODT",
        "land_use": "Đất ở tại đô thị, phục vụ cải tạo chỉnh trang và xây mới nhà ở.",
        "area_ha": 1205.9,
        "density": "55%",
        "height_limit": "3-7 tầng",
        "notes": "Quy hoạch chung xây dựng Thủ đô đến năm 2030 và tầm nhìn đến năm 2050."
      },
      "geometry": {
        "type": "Polygon",
        "coordinates": [
          [
            [
              105.92906316656796,
              21.098891260770486
            ],
            [
              105.93121690673964,
              21.055983113916987
            ],
            [
              105.96205026535014,
              21.058117328014173
            ],
            [
              105.96198488821938,
              21.078577600459248
            ],
            [
              105.959981,
              21.088385
            ],
            [
              105.957779,
              21.091192
            ],
            [
              105.946715,
              21.085494
            ],
            [
              105.940225,
              21.08355
            ],
            [
              105.939867,
              21.085289
            ],
            [
              105.940529,
              21.086581
            ],
            [
              105.939667,
              21.087876
            ],
            [
              105.940713,
              21.089249
            ],
            [
              105.938084,
              21.093765
            ],
            [
              105.936614,
              21.093137
            ],
            [
              105.934922,
              21.096088
            ],
            [
              105.93481,
              21.09839
            ],
            [
              105.93547387259024,
              21.099703178827106
            ],
            [
              105.92906316656796,
              21.098891260770486
            ]
          ]
        ]
      }
    },
    {
      "type": "Feature",
      "id": "qhc_253",
      "properties": {
        "name": "Tổ hợp dịch vụ, trung tâm thương mại TMDV-22-2",
        "district": "Huyện Mỹ Đức",
        "code": "TMDV",
        "land_use": "Đất thương mại dịch vụ cao tầng, văn phòng, siêu thị, khách sạn.",
        "area_ha": 1155.8,
        "density": "45%",
        "height_limit": "5-9 tầng",
        "notes": "Quy hoạch chung xây dựng Thủ đô đến năm 2030 và tầm nhìn đến năm 2050."
      },
      "geometry": {
        "type": "Polygon",
        "coordinates": [
          [
            [
              105.9535120880772,
              20.695587529607476
            ],
            [
              105.95439533973978,
              20.65500130367738
            ],
            [
              105.95727385277597,
              20.654252244094064
            ],
            [
              105.956881,
              20.656038
            ],
            [
              105.958942,
              20.6598
            ],
            [
              105.961479,
              20.662111
            ],
            [
              105.966333,
              20.664602
            ],
            [
              105.977637,
              20.665928
            ],
            [
              105.978879,
              20.671049
            ],
            [
              105.978478,
              20.67383
            ],
            [
              105.984223,
              20.67995
            ],
            [
              105.988455,
              20.682415
            ],
            [
              105.98851828732106,
              20.682498739327006
            ],
            [
              105.99011773272498,
              20.696185791266032
            ],
            [
              105.9535120880772,
              20.695587529607476
            ]
          ]
        ]
      }
    },
    {
      "type": "Feature",
      "id": "qhc_254",
      "properties": {
        "name": "Tổ hợp dịch vụ, trung tâm thương mại TMDV-22-11",
        "district": "Quận Long Biên",
        "code": "TMDV",
        "land_use": "Đất thương mại dịch vụ cao tầng, văn phòng, siêu thị, khách sạn.",
        "area_ha": 804.2,
        "density": "45%",
        "height_limit": "5-9 tầng",
        "notes": "Quy hoạch chung xây dựng Thủ đô đến năm 2030 và tầm nhìn đến năm 2050."
      },
      "geometry": {
        "type": "MultiPolygon",
        "coordinates": [
          [
            [
              [
                105.95768995446468,
                21.018190168421
              ],
              [
                105.96168082313191,
                20.989129686256465
              ],
              [
                105.964724,
                20.990839
              ],
              [
                105.965636,
                20.99041
              ],
              [
                105.966642,
                20.991022
              ],
              [
                105.968997,
                20.98877
              ],
              [
                105.971986,
                20.98968
              ],
              [
                105.972438,
                20.992219
              ],
              [
                105.971476,
                20.994804
              ],
              [
                105.971729,
                20.99701
              ],
              [
                105.973669,
                20.996394
              ],
              [
                105.977491,
                20.999566
              ],
              [
                105.979792,
                20.997911
              ],
              [
                105.985224,
                20.996913
              ],
              [
                105.987228,
                20.99744
              ],
              [
                105.98768915167976,
                20.997841020898438
              ],
              [
                105.98571749485485,
                21.021062763964657
              ],
              [
                105.95768995446468,
                21.018190168421
              ]
            ]
          ],
          [
            [
              [
                105.96189894951286,
                20.9875413458896
              ],
              [
                105.96223566838898,
                20.98508944538629
              ],
              [
                105.96349705087749,
                20.98518247722146
              ],
              [
                105.96189894951286,
                20.9875413458896
              ]
            ]
          ]
        ]
      }
    },
    {
      "type": "Feature",
      "id": "qhc_255",
      "properties": {
        "name": "Khu dân cư hiện trạng chỉnh trang ODT-22-12",
        "district": "Quận Long Biên",
        "code": "ODT",
        "land_use": "Đất ở tại đô thị, phục vụ cải tạo chỉnh trang và xây mới nhà ở.",
        "area_ha": 1085.4,
        "density": "55%",
        "height_limit": "3-7 tầng",
        "notes": "Quy hoạch chung xây dựng Thủ đô đến năm 2030 và tầm nhìn đến năm 2050."
      },
      "geometry": {
        "type": "Polygon",
        "coordinates": [
          [
            [
              105.95768995446468,
              21.018190168421
            ],
            [
              105.98571749485485,
              21.021062763964657
            ],
            [
              105.98635170875119,
              21.052796009302206
            ],
            [
              105.96205026535014,
              21.058117328014173
            ],
            [
              105.95768995446468,
              21.018190168421
            ]
          ]
        ]
      }
    },
    {
      "type": "Feature",
      "id": "qhc_256",
      "properties": {
        "name": "Khu dân cư hiện trạng chỉnh trang ODT-23-12",
        "district": "Quận Long Biên",
        "code": "ODT",
        "land_use": "Đất ở tại đô thị, phục vụ cải tạo chỉnh trang và xây mới nhà ở.",
        "area_ha": 1121.9,
        "density": "55%",
        "height_limit": "3-7 tầng",
        "notes": "Quy hoạch chung xây dựng Thủ đô đến năm 2030 và tầm nhìn đến năm 2050."
      },
      "geometry": {
        "type": "Polygon",
        "coordinates": [
          [
            [
              105.98571749485485,
              21.021062763964657
            ],
            [
              106.00730769206498,
              21.024206891878418
            ],
            [
              106.007398,
              21.024279
            ],
            [
              106.00798259047849,
              21.024305175693065
            ],
            [
              106.00932215238436,
              21.02450025283569
            ],
            [
              106.006623,
              21.028627
            ],
            [
              106.012843,
              21.030252
            ],
            [
              106.017475,
              21.036302
            ],
            [
              106.018692,
              21.038593
            ],
            [
              106.018728,
              21.039149
            ],
            [
              106.018058,
              21.038228
            ],
            [
              106.017751,
              21.038722
            ],
            [
              106.018261,
              21.039968
            ],
            [
              106.019318,
              21.039603
            ],
            [
              106.02,
              21.041382959339263
            ],
            [
              106.02,
              21.04763685861561
            ],
            [
              106.013916,
              21.050985
            ],
            [
              106.015248,
              21.052847
            ],
            [
              106.013682,
              21.053817
            ],
            [
              106.013983,
              21.056098
            ],
            [
              106.011117,
              21.057089
            ],
            [
              106.011256,
              21.058163
            ],
            [
              106.010144,
              21.057718
            ],
            [
              106.009863,
              21.056008
            ],
            [
              106.008216,
              21.055663
            ],
            [
              106.008038,
              21.058724
            ],
            [
              106.00836192668862,
              21.05948498408471
            ],
            [
              105.98635170875119,
              21.052796009302206
            ],
            [
              105.98571749485485,
              21.021062763964657
            ]
          ]
        ]
      }
    }
  ]
}