{
  "type": "FeatureCollection",
  "features": [
    {
      "type": "Feature",
      "id": "qhpk_1",
      "properties": {
        "name": "Cụm công nghiệp tập trung, kho vận CN-1-17",
        "district": "Huyện Ba Vì",
        "code": "CN",
        "land_use": "Đất công nghiệp phi nông nghiệp, sản xuất sạch, kho bãi tập trung.",
        "area_ha": 432.2,
        "density": "65%",
        "height_limit": "5-9 tầng",
        "notes": "Quy hoạch chung xây dựng Thủ đô đến năm 2030 và tầm nhìn đến năm 2050."
      },
      "geometry": {
        "type": "Polygon",
        "coordinates": [
          [
            [
              105.3040510894115,
              21.02408841692291
            ],
            [
              105.304993,
              21.02267
            ],
            [
              105.31641,
              21.013649
            ],
            [
              105.319733,
              21.018139
            ],
            [
              105.32024078089785,
              21.01818410869141
            ],
            [
              105.32077862635289,
              21.02004453686047
            ],
            [
              105.320564,
              21.020409
            ],
            [
              105.32089224108333,
              21.020437534594176
            ],
            [
              105.32557582542401,
              21.036638233434314
            ],
            [
              105.30433606758618,
              21.03899089990111
            ],
            [
              105.3040510894115,
              21.02408841692291
            ]
          ]
        ]
      }
    },
    {
      "type": "Feature",
      "id": "qhpk_2",
      "properties": {
        "name": "Khu dân cư hiện trạng chỉnh trang ODT-1-18",
        "district": "Huyện Ba Vì",
        "code": "ODT",
        "land_use": "Đất ở tại đô thị, phục vụ cải tạo chỉnh trang và xây mới nhà ở.",
        "area_ha": 462.3,
        "density": "55%",
        "height_limit": "3-7 tầng",
        "notes": "Quy hoạch chung xây dựng Thủ đô đến năm 2030 và tầm nhìn đến năm 2050."
      },
      "geometry": {
        "type": "Polygon",
        "coordinates": [
          [
            [
              105.30081780033866,
              21.0567886344337
            ],
            [
              105.30433606758618,
              21.03899089990111
            ],
            [
              105.32557582542401,
              21.036638233434314
            ],
            [
              105.31704456130878,
              21.061009060925812
            ],
            [
              105.30081780033866,
              21.0567886344337
            ]
          ]
        ]
      }
    },
    {
      "type": "Feature",
      "id": "qhpk_3",
      "properties": {
        "name": "Khu hành chính công sở, liên cơ quan HCTH-1-19",
        "district": "Huyện Ba Vì",
        "code": "HCTH",
        "land_use": "Đất hành chính công sở, cơ quan đầu não nhà nước địa phương.",
        "area_ha": 455.7,
        "density": "25%",
        "height_limit": "5-9 tầng",
        "notes": "Quy hoạch chung xây dựng Thủ đô đến năm 2030 và tầm nhìn đến năm 2050."
      },
      "geometry": {
        "type": "Polygon",
        "coordinates": [
          [
            [
              105.30050654326944,
              21.068838600541643
            ],
            [
              105.30081780033866,
              21.0567886344337
            ],
            [
              105.31704456130878,
              21.061009060925812
            ],
            [
              105.31899083152605,
              21.087908868857983
            ],
            [
              105.31389183386496,
              21.08783584447725
            ],
            [
              105.306948,
              21.080278
            ],
            [
              105.303805,
              21.075673
            ],
            [
              105.30050654326944,
              21.068838600541643
            ]
          ]
        ]
      }
    },
    {
      "type": "Feature",
      "id": "qhpk_4",
      "properties": {
        "name": "Khu dân cư hiện trạng chỉnh trang ODT-1-22",
        "district": "Huyện Ba Vì",
        "code": "ODT",
        "land_use": "Đất ở tại đô thị, phục vụ cải tạo chỉnh trang và xây mới nhà ở.",
        "area_ha": 687.1,
        "density": "55%",
        "height_limit": "3-7 tầng",
        "notes": "Quy hoạch chung xây dựng Thủ đô đến năm 2030 và tầm nhìn đến năm 2050."
      },
      "geometry": {
        "type": "Polygon",
        "coordinates": [
          [
            [
              105.29742728269439,
              21.144924604578847
            ],
            [
              105.3070793992422,
              21.134611933844514
            ],
            [
              105.31665601528209,
              21.13718062183674
            ],
            [
              105.3253457266234,
              21.15926283944984
            ],
            [
              105.29854985290213,
              21.16614215380131
            ],
            [
              105.29742728269439,
              21.144924604578847
            ]
          ]
        ]
      }
    },
    {
      "type": "Feature",
      "id": "qhpk_5",
      "properties": {
        "name": "Công viên cây xanh, hồ điều hòa CX-1-23",
        "district": "Huyện Sóc Sơn",
        "code": "CX",
        "land_use": "Đất cây xanh công viên, mặt nước cảnh quan điều hòa khí hậu đô thị.",
        "area_ha": 690.6,
        "density": "45%",
        "height_limit": "5-9 tầng",
        "notes": "Quy hoạch chung xây dựng Thủ đô đến năm 2030 và tầm nhìn đến năm 2050."
      },
      "geometry": {
        "type": "Polygon",
        "coordinates": [
          [
            [
              105.29854985290213,
              21.16614215380131
            ],
            [
              105.3253457266234,
              21.15926283944984
            ],
            [
              105.32105646498168,
              21.187816858269493
            ],
            [
              105.30144832626351,
              21.188481592294604
            ],
            [
              105.30016071333581,
              21.186272330785492
            ],
            [
              105.29854985290213,
              21.16614215380131
            ]
          ]
        ]
      }
    },
    {
      "type": "Feature",
      "id": "qhpk_6",
      "properties": {
        "name": "Tổ hợp dịch vụ, trung tâm thương mại TMDV-2-17",
        "district": "Huyện Ba Vì",
        "code": "TMDV",
        "land_use": "Đất thương mại dịch vụ cao tầng, văn phòng, siêu thị, khách sạn.",
        "area_ha": 486.2,
        "density": "45%",
        "height_limit": "5-9 tầng",
        "notes": "Quy hoạch chung xây dựng Thủ đô đến năm 2030 và tầm nhìn đến năm 2050."
      },
      "geometry": {
        "type": "MultiPolygon",
        "coordinates": [
          [
            [
              [
                105.32024078089785,
                21.01818410869141
              ],
              [
                105.321793,
                21.018322
              ],
              [
                105.32077862635289,
                21.02004453686047
              ],
              [
                105.32024078089785,
                21.01818410869141
              ]
            ]
          ],
          [
            [
              [
                105.32089224108333,
                21.020437534594176
              ],
              [
                105.324084,
                21.020715
              ],
              [
                105.324715,
                21.021567
              ],
              [
                105.325704,
                21.021103
              ],
              [
                105.327214,
                21.023388
              ],
              [
                105.328975,
                21.024073
              ],
              [
                105.331332,
                21.022202
              ],
              [
                105.329744,
                21.020049
              ],
              [
                105.328841,
                21.016797
              ],
              [
                105.327702,
                21.017074
              ],
              [
                105.326644,
                21.016198
              ],
              [
                105.327705,
                21.013726
              ],
              [
                105.326787,
                21.013106
              ],
              [
                105.327106,
                21.012016
              ],
              [
                105.326432,
                21.011113
              ],
              [
                105.325336,
                21.01106
              ],
              [
                105.326549,
                21.008756
              ],
              [
                105.327909,
                21.009134
              ],
              [
                105.329778,
                21.008076
              ],
              [
                105.33388,
                21.008628
              ],
              [
                105.334775,
                21.009687
              ],
              [
                105.334339,
                21.010795
              ],
              [
                105.33859,
                21.012334
              ],
              [
                105.338905,
                21.013436
              ],
              [
                105.342722,
                21.012706
              ],
              [
                105.34455655952198,
                21.013164639880497
              ],
              [
                105.34104390464285,
                21.033235067123705
              ],
              [
                105.32557582542401,
                21.036638233434314
              ],
              [
                105.32089224108333,
                21.020437534594176
              ]
            ]
          ]
        ]
      }
    },
    {
      "type": "Feature",
      "id": "qhpk_7",
      "properties": {
        "name": "Khu dân cư hiện trạng chỉnh trang ODT-2-18",
        "district": "Huyện Ba Vì",
        "code": "ODT",
        "land_use": "Đất ở tại đô thị, phục vụ cải tạo chỉnh trang và xây mới nhà ở.",
        "area_ha": 604.1,
        "density": "55%",
        "height_limit": "3-7 tầng",
        "notes": "Quy hoạch chung xây dựng Thủ đô đến năm 2030 và tầm nhìn đến năm 2050."
      },
      "geometry": {
        "type": "Polygon",
        "coordinates": [
          [
            [
              105.31704456130878,
              21.061009060925812
            ],
            [
              105.32557582542401,
              21.036638233434314
            ],
            [
              105.34104390464285,
              21.033235067123705
            ],
            [
              105.34054591291415,
              21.062942662142664
            ],
            [
              105.31704456130878,
              21.061009060925812
            ]
          ]
        ]
      }
    },
    {
      "type": "Feature",
      "id": "qhpk_8",
      "properties": {
        "name": "Khu dân cư hiện trạng chỉnh trang ODT-2-19",
        "district": "Huyện Ba Vì",
        "code": "ODT",
        "land_use": "Đất ở tại đô thị, phục vụ cải tạo chỉnh trang và xây mới nhà ở.",
        "area_ha": 670.6,
        "density": "55%",
        "height_limit": "3-7 tầng",
        "notes": "Quy hoạch chung xây dựng Thủ đô đến năm 2030 và tầm nhìn đến năm 2050."
      },
      "geometry": {
        "type": "Polygon",
        "coordinates": [
          [
            [
              105.31704456130878,
              21.061009060925812
            ],
            [
              105.34054591291415,
              21.062942662142664
            ],
            [
              105.34163234523507,
              21.086457770606387
            ],
            [
              105.31899083152605,
              21.087908868857983
            ],
            [
              105.31704456130878,
              21.061009060925812
            ]
          ]
        ]
      }
    },
    {
      "type": "Feature",
      "id": "qhpk_9",
      "properties": {
        "name": "Khu dân cư hiện trạng chỉnh trang ODT-2-20",
        "district": "Huyện Ba Vì",
        "code": "ODT",
        "land_use": "Đất ở tại đô thị, phục vụ cải tạo chỉnh trang và xây mới nhà ở.",
        "area_ha": 489.3,
        "density": "55%",
        "height_limit": "3-7 tầng",
        "notes": "Quy hoạch chung xây dựng Thủ đô đến năm 2030 và tầm nhìn đến năm 2050."
      },
      "geometry": {
        "type": "Polygon",
        "coordinates": [
          [
            [
              105.31838235144438,
              21.098624171652222
            ],
            [
              105.31899083152605,
              21.087908868857983
            ],
            [
              105.34163234523507,
              21.086457770606387
            ],
            [
              105.33844516185934,
              21.106479362993426
            ],
            [
              105.31975531944263,
              21.108306737492118
            ],
            [
              105.319124,
              21.101293
            ],
            [
              105.31838235144438,
              21.098624171652222
            ]
          ]
        ]
      }
    },
    {
      "type": "Feature",
      "id": "qhpk_10",
      "properties": {
        "name": "Cụm công nghiệp tập trung, kho vận CN-2-21",
        "district": "Huyện Ba Vì",
        "code": "CN",
        "land_use": "Đất công nghiệp phi nông nghiệp, sản xuất sạch, kho bãi tập trung.",
        "area_ha": 757.2,
        "density": "65%",
        "height_limit": "5-9 tầng",
        "notes": "Quy hoạch chung xây dựng Thủ đô đến năm 2030 và tầm nhìn đến năm 2050."
      },
      "geometry": {
        "type": "Polygon",
        "coordinates": [
          [
            [
              105.31665601528209,
              21.13718062183674
            ],
            [
              105.31746230905918,
              21.11734095594986
            ],
            [
              105.318998,
              21.114966
            ],
            [
              105.320036,
              21.111425
            ],
            [
              105.31975531944263,
              21.108306737492118
            ],
            [
              105.33844516185934,
              21.106479362993426
            ],
            [
              105.33769657965308,
              21.1421152771335
            ],
            [
              105.31665601528209,
              21.13718062183674
            ]
          ]
        ]
      }
    },
    {
      "type": "Feature",
      "id": "qhpk_11",
      "properties": {
        "name": "Cụm công nghiệp tập trung, kho vận CN-2-22",
        "district": "Huyện Ba Vì",
        "code": "CN",
        "land_use": "Đất công nghiệp phi nông nghiệp, sản xuất sạch, kho bãi tập trung.",
        "area_ha": 428.3,
        "density": "65%",
        "height_limit": "5-9 tầng",
        "notes": "Quy hoạch chung xây dựng Thủ đô đến năm 2030 và tầm nhìn đến năm 2050."
      },
      "geometry": {
        "type": "Polygon",
        "coordinates": [
          [
            [
              105.31665601528209,
              21.13718062183674
            ],
            [
              105.33769657965308,
              21.1421152771335
            ],
            [
              105.34474554132454,
              21.158321887948166
            ],
            [
              105.3253457266234,
              21.15926283944984
            ],
            [
              105.31665601528209,
              21.13718062183674
            ]
          ]
        ]
      }
    },
    {
      "type": "Feature",
      "id": "qhpk_12",
      "properties": {
        "name": "Công viên cây xanh, hồ điều hòa CX-2-23",
        "district": "Huyện Sóc Sơn",
        "code": "CX",
        "land_use": "Đất cây xanh công viên, mặt nước cảnh quan điều hòa khí hậu đô thị.",
        "area_ha": 528.9,
        "density": "45%",
        "height_limit": "5-9 tầng",
        "notes": "Quy hoạch chung xây dựng Thủ đô đến năm 2030 và tầm nhìn đến năm 2050."
      },
      "geometry": {
        "type": "Polygon",
        "coordinates": [
          [
            [
              105.32105646498168,
              21.187816858269493
            ],
            [
              105.3253457266234,
              21.15926283944984
            ],
            [
              105.34474554132454,
              21.158321887948166
            ],
            [
              105.33762654332655,
              21.18269816373205
            ],
            [
              105.32105646498168,
              21.187816858269493
            ]
          ]
        ]
      }
    },
    {
      "type": "Feature",
      "id": "qhpk_13",
      "properties": {
        "name": "Công viên cây xanh, hồ điều hòa CX-2-24",
        "district": "Huyện Sóc Sơn",
        "code": "CX",
        "land_use": "Đất cây xanh công viên, mặt nước cảnh quan điều hòa khí hậu đô thị.",
        "area_ha": 336.3,
        "density": "45%",
        "height_limit": "5-9 tầng",
        "notes": "Quy hoạch chung xây dựng Thủ đô đến năm 2030 và tầm nhìn đến năm 2050."
      },
      "geometry": {
        "type": "Polygon",
        "coordinates": [
          [
            [
              105.32105646498168,
              21.187816858269493
            ],
            [
              105.33762654332655,
              21.18269816373205
            ],
            [
              105.3382289363816,
              21.20206757956222
            ],
            [
              105.337048,
              21.201032
            ],
            [
              105.329159,
              21.204109
            ],
            [
              105.325381,
              21.203402
            ],
            [
              105.32150555608281,
              21.20123218321071
            ],
            [
              105.32105646498168,
              21.187816858269493
            ]
          ]
        ]
      }
    },
    {
      "type": "Feature",
      "id": "qhpk_14",
      "properties": {
        "name": "Khu dân cư hiện trạng chỉnh trang ODT-3-17",
        "district": "Huyện Ba Vì",
        "code": "ODT",
        "land_use": "Đất ở tại đô thị, phục vụ cải tạo chỉnh trang và xây mới nhà ở.",
        "area_ha": 496.2,
        "density": "55%",
        "height_limit": "3-7 tầng",
        "notes": "Quy hoạch chung xây dựng Thủ đô đến năm 2030 và tầm nhìn đến năm 2050."
      },
      "geometry": {
        "type": "Polygon",
        "coordinates": [
          [
            [
              105.34104390464285,
              21.033235067123705
            ],
            [
              105.34455655952198,
              21.013164639880497
            ],
            [
              105.347922,
              21.014006
            ],
            [
              105.349422,
              21.012564
            ],
            [
              105.350781,
              21.009341
            ],
            [
              105.35164335656624,
              21.008660311489955
            ],
            [
              105.36611060126494,
              21.01450036920711
            ],
            [
              105.36194624612821,
              21.0310939071393
            ],
            [
              105.34104390464285,
              21.033235067123705
            ]
          ]
        ]
      }
    },
    {
      "type": "Feature",
      "id": "qhpk_15",
      "properties": {
        "name": "Công viên cây xanh, hồ điều hòa CX-3-18",
        "district": "Huyện Ba Vì",
        "code": "CX",
        "land_use": "Đất cây xanh công viên, mặt nước cảnh quan điều hòa khí hậu đô thị.",
        "area_ha": 830.7,
        "density": "45%",
        "height_limit": "5-9 tầng",
        "notes": "Quy hoạch chung xây dựng Thủ đô đến năm 2030 và tầm nhìn đến năm 2050."
      },
      "geometry": {
        "type": "Polygon",
        "coordinates": [
          [
            [
              105.34054591291415,
              21.062942662142664
            ],
            [
              105.34104390464285,
              21.033235067123705
            ],
            [
              105.36194624612821,
              21.0310939071393
            ],
            [
              105.36450470916745,
              21.06559696306909
            ],
            [
              105.34054591291415,
              21.062942662142664
            ]
          ]
        ]
      }
    },
    {
      "type": "Feature",
      "id": "qhpk_16",
      "properties": {
        "name": "Tổ hợp dịch vụ, trung tâm thương mại TMDV-3-19",
        "district": "Huyện Ba Vì",
        "code": "TMDV",
        "land_use": "Đất thương mại dịch vụ cao tầng, văn phòng, siêu thị, khách sạn.",
        "area_ha": 639.7,
        "density": "45%",
        "height_limit": "5-9 tầng",
        "notes": "Quy hoạch chung xây dựng Thủ đô đến năm 2030 và tầm nhìn đến năm 2050."
      },
      "geometry": {
        "type": "Polygon",
        "coordinates": [
          [
            [
              105.34054591291415,
              21.062942662142664
            ],
            [
              105.36450470916745,
              21.06559696306909
            ],
            [
              105.366662689582,
              21.08760821395946
            ],
            [
              105.34163234523507,
              21.086457770606387
            ],
            [
              105.34054591291415,
              21.062942662142664
            ]
          ]
        ]
      }
    },
    {
      "type": "Feature",
      "id": "qhpk_17",
      "properties": {
        "name": "Công viên cây xanh, hồ điều hòa CX-3-20",
        "district": "Huyện Ba Vì",
        "code": "CX",
        "land_use": "Đất cây xanh công viên, mặt nước cảnh quan điều hòa khí hậu đô thị.",
        "area_ha": 511.6,
        "density": "45%",
        "height_limit": "5-9 tầng",
        "notes": "Quy hoạch chung xây dựng Thủ đô đến năm 2030 và tầm nhìn đến năm 2050."
      },
      "geometry": {
        "type": "Polygon",
        "coordinates": [
          [
            [
              105.33844516185934,
              21.106479362993426
            ],
            [
              105.34163234523507,
              21.086457770606387
            ],
            [
              105.366662689582,
              21.08760821395946
            ],
            [
              105.3581011799187,
              21.106877788491367
            ],
            [
              105.33844516185934,
              21.106479362993426
            ]
          ]
        ]
      }
    },
    {
      "type": "Feature",
      "id": "qhpk_18",
      "properties": {
        "name": "Tổ hợp dịch vụ, trung tâm thương mại TMDV-3-21",
        "district": "Huyện Ba Vì",
        "code": "TMDV",
        "land_use": "Đất thương mại dịch vụ cao tầng, văn phòng, siêu thị, khách sạn.",
        "area_ha": 918.1,
        "density": "45%",
        "height_limit": "5-9 tầng",
        "notes": "Quy hoạch chung xây dựng Thủ đô đến năm 2030 và tầm nhìn đến năm 2050."
      },
      "geometry": {
        "type": "Polygon",
        "coordinates": [
          [
            [
              105.33769657965308,
              21.1421152771335
            ],
            [
              105.33844516185934,
              21.106479362993426
            ],
            [
              105.3581011799187,
              21.106877788491367
            ],
            [
              105.36472727309287,
              21.139114801586103
            ],
            [
              105.33769657965308,
              21.1421152771335
            ]
          ]
        ]
      }
    },
    {
      "type": "Feature",
      "id": "qhpk_19",
      "properties": {
        "name": "Khu đô thị hỗn hợp cao tầng HHT-3-22",
        "district": "Huyện Ba Vì",
        "code": "HHT",
        "land_use": "Đất hỗn hợp đa chức năng kết hợp nhà ở và trung tâm thương mại.",
        "area_ha": 447,
        "density": "45%",
        "height_limit": "18-35 tầng",
        "notes": "Quy hoạch chung xây dựng Thủ đô đến năm 2030 và tầm nhìn đến năm 2050."
      },
      "geometry": {
        "type": "Polygon",
        "coordinates": [
          [
            [
              105.33769657965308,
              21.1421152771335
            ],
            [
              105.36472727309287,
              21.139114801586103
            ],
            [
              105.35968224065964,
              21.159784440738697
            ],
            [
              105.34474554132454,
              21.158321887948166
            ],
            [
              105.33769657965308,
              21.1421152771335
            ]
          ]
        ]
      }
    },
    {
      "type": "Feature",
      "id": "qhpk_20",
      "properties": {
        "name": "Khu hành chính công sở, liên cơ quan HCTH-3-23",
        "district": "Huyện Sóc Sơn",
        "code": "HCTH",
        "land_use": "Đất hành chính công sở, cơ quan đầu não nhà nước địa phương.",
        "area_ha": 615.7,
        "density": "25%",
        "height_limit": "5-9 tầng",
        "notes": "Quy hoạch chung xây dựng Thủ đô đến năm 2030 và tầm nhìn đến năm 2050."
      },
      "geometry": {
        "type": "Polygon",
        "coordinates": [
          [
            [
              105.33762654332655,
              21.18269816373205
            ],
            [
              105.34474554132454,
              21.158321887948166
            ],
            [
              105.35968224065964,
              21.159784440738697
            ],
            [
              105.36654412091006,
              21.18409635310064
            ],
            [
              105.33762654332655,
              21.18269816373205
            ]
          ]
        ]
      }
    },
    {
      "type": "Feature",
      "id": "qhpk_21",
      "properties": {
        "name": "Khu dân cư hiện trạng chỉnh trang ODT-3-24",
        "district": "Huyện Sóc Sơn",
        "code": "ODT",
        "land_use": "Đất ở tại đô thị, phục vụ cải tạo chỉnh trang và xây mới nhà ở.",
        "area_ha": 973.4,
        "density": "55%",
        "height_limit": "3-7 tầng",
        "notes": "Quy hoạch chung xây dựng Thủ đô đến năm 2030 và tầm nhìn đến năm 2050."
      },
      "geometry": {
        "type": "Polygon",
        "coordinates": [
          [
            [
              105.33762654332655,
              21.18269816373205
            ],
            [
              105.36654412091006,
              21.18409635310064
            ],
            [
              105.36621251969278,
              21.211579806403556
            ],
            [
              105.34280643104977,
              21.2173010692924
            ],
            [
              105.339267,
              21.210042
            ],
            [
              105.344052,
              21.20827
            ],
            [
              105.343775,
              21.206931
            ],
            [
              105.3382289363816,
              21.20206757956222
            ],
            [
              105.33762654332655,
              21.18269816373205
            ]
          ]
        ]
      }
    },
    {
      "type": "Feature",
      "id": "qhpk_22",
      "properties": {
        "name": "Khu dân cư hiện trạng chỉnh trang ODT-3-25",
        "district": "Huyện Sóc Sơn",
        "code": "ODT",
        "land_use": "Đất ở tại đô thị, phục vụ cải tạo chỉnh trang và xây mới nhà ở.",
        "area_ha": 461.2,
        "density": "55%",
        "height_limit": "3-7 tầng",
        "notes": "Quy hoạch chung xây dựng Thủ đô đến năm 2030 và tầm nhìn đến năm 2050."
      },
      "geometry": {
        "type": "Polygon",
        "coordinates": [
          [
            [
              105.34280643104977,
              21.2173010692924
            ],
            [
              105.36621251969278,
              21.211579806403556
            ],
            [
              105.3602322509765,
              21.239026945997967
            ],
            [
              105.35200074774026,
              21.24098965449645
            ],
            [
              105.347143,
              21.226195
            ],
            [
              105.34280643104977,
              21.2173010692924
            ]
          ]
        ]
      }
    },
    {
      "type": "Feature",
      "id": "qhpk_23",
      "properties": {
        "name": "Khu hành chính công sở, liên cơ quan HCTH-4-17",
        "district": "Huyện Ba Vì",
        "code": "HCTH",
        "land_use": "Đất hành chính công sở, cơ quan đầu não nhà nước địa phương.",
        "area_ha": 321.1,
        "density": "25%",
        "height_limit": "5-9 tầng",
        "notes": "Quy hoạch chung xây dựng Thủ đô đến năm 2030 và tầm nhìn đến năm 2050."
      },
      "geometry": {
        "type": "Polygon",
        "coordinates": [
          [
            [
              105.36194624612821,
              21.0310939071393
            ],
            [
              105.36611060126494,
              21.01450036920711
            ],
            [
              105.36920137966804,
              21.013103113153754
            ],
            [
              105.372002,
              21.013582
            ],
            [
              105.375989,
              21.015285
            ],
            [
              105.379041,
              21.019214
            ],
            [
              105.3814229769245,
              21.02069424924102
            ],
            [
              105.38031639140145,
              21.032228531723533
            ],
            [
              105.36194624612821,
              21.0310939071393
            ]
          ]
        ]
      }
    },
    {
      "type": "Feature",
      "id": "qhpk_24",
      "properties": {
        "name": "Công viên cây xanh, hồ điều hòa CX-4-18",
        "district": "Huyện Ba Vì",
        "code": "CX",
        "land_use": "Đất cây xanh công viên, mặt nước cảnh quan điều hòa khí hậu đô thị.",
        "area_ha": 768.2,
        "density": "45%",
        "height_limit": "5-9 tầng",
        "notes": "Quy hoạch chung xây dựng Thủ đô đến năm 2030 và tầm nhìn đến năm 2050."
      },
      "geometry": {
        "type": "Polygon",
        "coordinates": [
          [
            [
              105.36194624612821,
              21.0310939071393
            ],
            [
              105.38031639140145,
              21.032228531723533
            ],
            [
              105.3872379570517,
              21.061922545703972
            ],
            [
              105.36450470916745,
              21.06559696306909
            ],
            [
              105.36194624612821,
              21.0310939071393
            ]
          ]
        ]
      }
    },
    {
      "type": "Feature",
      "id": "qhpk_25",
      "properties": {
        "name": "Khu dân cư hiện trạng chỉnh trang ODT-4-19",
        "district": "Huyện Ba Vì",
        "code": "ODT",
        "land_use": "Đất ở tại đô thị, phục vụ cải tạo chỉnh trang và xây mới nhà ở.",
        "area_ha": 470.4,
        "density": "55%",
        "height_limit": "3-7 tầng",
        "notes": "Quy hoạch chung xây dựng Thủ đô đến năm 2030 và tầm nhìn đến năm 2050."
      },
      "geometry": {
        "type": "Polygon",
        "coordinates": [
          [
            [
              105.36450470916745,
              21.06559696306909
            ],
            [
              105.3872379570517,
              21.061922545703972
            ],
            [
              105.37846507100144,
              21.08780168260977
            ],
            [
              105.366662689582,
              21.08760821395946
            ],
            [
              105.36450470916745,
              21.06559696306909
            ]
          ]
        ]
      }
    },
    {
      "type": "Feature",
      "id": "qhpk_26",
      "properties": {
        "name": "Khu dân cư hiện trạng chỉnh trang ODT-4-20",
        "district": "Huyện Ba Vì",
        "code": "ODT",
        "land_use": "Đất ở tại đô thị, phục vụ cải tạo chỉnh trang và xây mới nhà ở.",
        "area_ha": 410.9,
        "density": "55%",
        "height_limit": "3-7 tầng",
        "notes": "Quy hoạch chung xây dựng Thủ đô đến năm 2030 và tầm nhìn đến năm 2050."
      },
      "geometry": {
        "type": "Polygon",
        "coordinates": [
          [
            [
              105.3581011799187,
              21.106877788491367
            ],
            [
              105.366662689582,
              21.08760821395946
            ],
            [
              105.37846507100144,
              21.08780168260977
            ],
            [
              105.38160856014764,
              21.10859079127873
            ],
            [
              105.3581011799187,
              21.106877788491367
            ]
          ]
        ]
      }
    },
    {
      "type": "Feature",
      "id": "qhpk_27",
      "properties": {
        "name": "Khu đô thị hỗn hợp cao tầng HHT-4-21",
        "district": "Huyện Ba Vì",
        "code": "HHT",
        "land_use": "Đất hỗn hợp đa chức năng kết hợp nhà ở và trung tâm thương mại.",
        "area_ha": 630.4,
        "density": "45%",
        "height_limit": "18-35 tầng",
        "notes": "Quy hoạch chung xây dựng Thủ đô đến năm 2030 và tầm nhìn đến năm 2050."
      },
      "geometry": {
        "type": "Polygon",
        "coordinates": [
          [
            [
              105.3581011799187,
              21.106877788491367
            ],
            [
              105.38160856014764,
              21.10859079127873
            ],
            [
              105.37923087876885,
              21.13342449920047
            ],
            [
              105.36472727309287,
              21.139114801586103
            ],
            [
              105.3581011799187,
              21.106877788491367
            ]
          ]
        ]
      }
    },
    {
      "type": "Feature",
      "id": "qhpk_28",
      "properties": {
        "name": "Khu dân cư hiện trạng chỉnh trang ODT-4-22",
        "district": "Huyện Ba Vì",
        "code": "ODT",
        "land_use": "Đất ở tại đô thị, phục vụ cải tạo chỉnh trang và xây mới nhà ở.",
        "area_ha": 602.1,
        "density": "55%",
        "height_limit": "3-7 tầng",
        "notes": "Quy hoạch chung xây dựng Thủ đô đến năm 2030 và tầm nhìn đến năm 2050."
      },
      "geometry": {
        "type": "Polygon",
        "coordinates": [
          [
            [
              105.35968224065964,
              21.159784440738697
            ],
            [
              105.36472727309287,
              21.139114801586103
            ],
            [
              105.37923087876885,
              21.13342449920047
            ],
            [
              105.3866201759626,
              21.163011286513107
            ],
            [
              105.35968224065964,
              21.159784440738697
            ]
          ]
        ]
      }
    },
    {
      "type": "Feature",
      "id": "qhpk_29",
      "properties": {
        "name": "Khu dân cư hiện trạng chỉnh trang ODT-4-23",
        "district": "Huyện Sóc Sơn",
        "code": "ODT",
        "land_use": "Đất ở tại đô thị, phục vụ cải tạo chỉnh trang và xây mới nhà ở.",
        "area_ha": 550.3,
        "density": "55%",
        "height_limit": "3-7 tầng",
        "notes": "Quy hoạch chung xây dựng Thủ đô đến năm 2030 và tầm nhìn đến năm 2050."
      },
      "geometry": {
        "type": "Polygon",
        "coordinates": [
          [
            [
              105.35968224065964,
              21.159784440738697
            ],
            [
              105.3866201759626,
              21.163011286513107
            ],
            [
              105.38377668760504,
              21.182027971356273
            ],
            [
              105.36654412091006,
              21.18409635310064
            ],
            [
              105.35968224065964,
              21.159784440738697
            ]
          ]
        ]
      }
    },
    {
      "type": "Feature",
      "id": "qhpk_30",
      "properties": {
        "name": "Cụm công nghiệp tập trung, kho vận CN-4-24",
        "district": "Huyện Sóc Sơn",
        "code": "CN",
        "land_use": "Đất công nghiệp phi nông nghiệp, sản xuất sạch, kho bãi tập trung.",
        "area_ha": 563.1,
        "density": "65%",
        "height_limit": "5-9 tầng",
        "notes": "Quy hoạch chung xây dựng Thủ đô đến năm 2030 và tầm nhìn đến năm 2050."
      },
      "geometry": {
        "type": "Polygon",
        "coordinates": [
          [
            [
              105.36621251969278,
              21.211579806403556
            ],
            [
              105.36654412091006,
              21.18409635310064
            ],
            [
              105.38377668760504,
              21.182027971356273
            ],
            [
              105.37980542577634,
              21.21740887991374
            ],
            [
              105.36621251969278,
              21.211579806403556
            ]
          ]
        ]
      }
    },
    {
      "type": "Feature",
      "id": "qhpk_31",
      "properties": {
        "name": "Khu dân cư hiện trạng chỉnh trang ODT-4-25",
        "district": "Huyện Sóc Sơn",
        "code": "ODT",
        "land_use": "Đất ở tại đô thị, phục vụ cải tạo chỉnh trang và xây mới nhà ở.",
        "area_ha": 472.9,
        "density": "55%",
        "height_limit": "3-7 tầng",
        "notes": "Quy hoạch chung xây dựng Thủ đô đến năm 2030 và tầm nhìn đến năm 2050."
      },
      "geometry": {
        "type": "Polygon",
        "coordinates": [
          [
            [
              105.3602322509765,
              21.239026945997967
            ],
            [
              105.36621251969278,
              21.211579806403556
            ],
            [
              105.37980542577634,
              21.21740887991374
            ],
            [
              105.38036897466623,
              21.237866085235467
            ],
            [
              105.3602322509765,
              21.239026945997967
            ]
          ]
        ]
      }
    },
    {
      "type": "Feature",
      "id": "qhpk_32",
      "properties": {
        "name": "Tổ hợp dịch vụ, trung tâm thương mại TMDV-4-26",
        "district": "Huyện Sóc Sơn",
        "code": "TMDV",
        "land_use": "Đất thương mại dịch vụ cao tầng, văn phòng, siêu thị, khách sạn.",
        "area_ha": 581.3,
        "density": "45%",
        "height_limit": "5-9 tầng",
        "notes": "Quy hoạch chung xây dựng Thủ đô đến năm 2030 và tầm nhìn đến năm 2050."
      },
      "geometry": {
        "type": "Polygon",
        "coordinates": [
          [
            [
              105.3602322509765,
              21.239026945997967
            ],
            [
              105.38036897466623,
              21.237866085235467
            ],
            [
              105.3798431362162,
              21.262405872088802
            ],
            [
              105.36297791194583,
              21.268576666233145
            ],
            [
              105.3602322509765,
              21.239026945997967
            ]
          ]
        ]
      }
    },
    {
      "type": "Feature",
      "id": "qhpk_33",
      "properties": {
        "name": "Khu dân cư hiện trạng chỉnh trang ODT-4-27",
        "district": "Huyện Sóc Sơn",
        "code": "ODT",
        "land_use": "Đất ở tại đô thị, phục vụ cải tạo chỉnh trang và xây mới nhà ở.",
        "area_ha": 516.8,
        "density": "55%",
        "height_limit": "3-7 tầng",
        "notes": "Quy hoạch chung xây dựng Thủ đô đến năm 2030 và tầm nhìn đến năm 2050."
      },
      "geometry": {
        "type": "Polygon",
        "coordinates": [
          [
            [
              105.36288278367734,
              21.285355976597536
            ],
            [
              105.36297791194583,
              21.268576666233145
            ],
            [
              105.3798431362162,
              21.262405872088802
            ],
            [
              105.38243790371911,
              21.2915130754831
            ],
            [
              105.3739881323017,
              21.291999199261795
            ],
            [
              105.36288278367734,
              21.285355976597536
            ]
          ]
        ]
      }
    },
    {
      "type": "Feature",
      "id": "qhpk_34",
      "properties": {
        "name": "Khu dân cư hiện trạng chỉnh trang ODT-5-17",
        "district": "Huyện Ba Vì",
        "code": "ODT",
        "land_use": "Đất ở tại đô thị, phục vụ cải tạo chỉnh trang và xây mới nhà ở.",
        "area_ha": 466.6,
        "density": "55%",
        "height_limit": "3-7 tầng",
        "notes": "Quy hoạch chung xây dựng Thủ đô đến năm 2030 và tầm nhìn đến năm 2050."
      },
      "geometry": {
        "type": "Polygon",
        "coordinates": [
          [
            [
              105.38031639140145,
              21.032228531723533
            ],
            [
              105.3814229769245,
              21.02069424924102
            ],
            [
              105.387251,
              21.024316
            ],
            [
              105.38765,
              21.022611
            ],
            [
              105.386594,
              21.01989
            ],
            [
              105.391793,
              21.01488
            ],
            [
              105.392642,
              21.010079
            ],
            [
              105.39251652408682,
              21.00959302536073
            ],
            [
              105.40491910416966,
              21.01290305961925
            ],
            [
              105.4011103530453,
              21.03505776890154
            ],
            [
              105.38031639140145,
              21.032228531723533
            ]
          ]
        ]
      }
    },
    {
      "type": "Feature",
      "id": "qhpk_35",
      "properties": {
        "name": "Công viên cây xanh, hồ điều hòa CX-5-18",
        "district": "Huyện Ba Vì",
        "code": "CX",
        "land_use": "Đất cây xanh công viên, mặt nước cảnh quan điều hòa khí hậu đô thị.",
        "area_ha": 617.5,
        "density": "45%",
        "height_limit": "5-9 tầng",
        "notes": "Quy hoạch chung xây dựng Thủ đô đến năm 2030 và tầm nhìn đến năm 2050."
      },
      "geometry": {
        "type": "Polygon",
        "coordinates": [
          [
            [
              105.38031639140145,
              21.032228531723533
            ],
            [
              105.4011103530453,
              21.03505776890154
            ],
            [
              105.40690317297882,
              21.057893635396667
            ],
            [
              105.3872379570517,
              21.061922545703972
            ],
            [
              105.38031639140145,
              21.032228531723533
            ]
          ]
        ]
      }
    },
    {
      "type": "Feature",
      "id": "qhpk_36",
      "properties": {
        "name": "Khu đô thị hỗn hợp cao tầng HHT-5-19",
        "district": "Huyện Ba Vì",
        "code": "HHT",
        "land_use": "Đất hỗn hợp đa chức năng kết hợp nhà ở và trung tâm thương mại.",
        "area_ha": 761.4,
        "density": "45%",
        "height_limit": "18-35 tầng",
        "notes": "Quy hoạch chung xây dựng Thủ đô đến năm 2030 và tầm nhìn đến năm 2050."
      },
      "geometry": {
        "type": "Polygon",
        "coordinates": [
          [
            [
              105.37846507100144,
              21.08780168260977
            ],
            [
              105.3872379570517,
              21.061922545703972
            ],
            [
              105.40690317297882,
              21.057893635396667
            ],
            [
              105.40744485347062,
              21.087080922186903
            ],
            [
              105.37846507100144,
              21.08780168260977
            ]
          ]
        ]
      }
    },
    {
      "type": "Feature",
      "id": "qhpk_37",
      "properties": {
        "name": "Khu hành chính công sở, liên cơ quan HCTH-5-20",
        "district": "Huyện Ba Vì",
        "code": "HCTH",
        "land_use": "Đất hành chính công sở, cơ quan đầu não nhà nước địa phương.",
        "area_ha": 535.4,
        "density": "25%",
        "height_limit": "5-9 tầng",
        "notes": "Quy hoạch chung xây dựng Thủ đô đến năm 2030 và tầm nhìn đến năm 2050."
      },
      "geometry": {
        "type": "Polygon",
        "coordinates": [
          [
            [
              105.37846507100144,
              21.08780168260977
            ],
            [
              105.40744485347062,
              21.087080922186903
            ],
            [
              105.39889789320408,
              21.1067196633629
            ],
            [
              105.38160856014764,
              21.10859079127873
            ],
            [
              105.37846507100144,
              21.08780168260977
            ]
          ]
        ]
      }
    },
    {
      "type": "Feature",
      "id": "qhpk_38",
      "properties": {
        "name": "Khu đô thị hỗn hợp cao tầng HHT-5-21",
        "district": "Huyện Ba Vì",
        "code": "HHT",
        "land_use": "Đất hỗn hợp đa chức năng kết hợp nhà ở và trung tâm thương mại.",
        "area_ha": 667.7,
        "density": "45%",
        "height_limit": "18-35 tầng",
        "notes": "Quy hoạch chung xây dựng Thủ đô đến năm 2030 và tầm nhìn đến năm 2050."
      },
      "geometry": {
        "type": "Polygon",
        "coordinates": [
          [
            [
              105.37923087876885,
              21.13342449920047
            ],
            [
              105.38160856014764,
              21.10859079127873
            ],
            [
              105.39889789320408,
              21.1067196633629
            ],
            [
              105.40083407381583,
              21.141360512667035
            ],
            [
              105.37923087876885,
              21.13342449920047
            ]
          ]
        ]
      }
    },
    {
      "type": "Feature",
      "id": "qhpk_39",
      "properties": {
        "name": "Khu dân cư hiện trạng chỉnh trang ODT-5-22",
        "district": "Huyện Ba Vì",
        "code": "ODT",
        "land_use": "Đất ở tại đô thị, phục vụ cải tạo chỉnh trang và xây mới nhà ở.",
        "area_ha": 510.1,
        "density": "55%",
        "height_limit": "3-7 tầng",
        "notes": "Quy hoạch chung xây dựng Thủ đô đến năm 2030 và tầm nhìn đến năm 2050."
      },
      "geometry": {
        "type": "Polygon",
        "coordinates": [
          [
            [
              105.37923087876885,
              21.13342449920047
            ],
            [
              105.40083407381583,
              21.141360512667035
            ],
            [
              105.40389550392204,
              21.158098284067503
            ],
            [
              105.3866201759626,
              21.163011286513107
            ],
            [
              105.37923087876885,
              21.13342449920047
            ]
          ]
        ]
      }
    },
    {
      "type": "Feature",
      "id": "qhpk_40",
      "properties": {
        "name": "Công viên cây xanh, hồ điều hòa CX-5-23",
        "district": "Huyện Sóc Sơn",
        "code": "CX",
        "land_use": "Đất cây xanh công viên, mặt nước cảnh quan điều hòa khí hậu đô thị.",
        "area_ha": 472.1,
        "density": "45%",
        "height_limit": "5-9 tầng",
        "notes": "Quy hoạch chung xây dựng Thủ đô đến năm 2030 và tầm nhìn đến năm 2050."
      },
      "geometry": {
        "type": "Polygon",
        "coordinates": [
          [
            [
              105.38377668760504,
              21.182027971356273
            ],
            [
              105.3866201759626,
              21.163011286513107
            ],
            [
              105.40389550392204,
              21.158098284067503
            ],
            [
              105.40300129460272,
              21.1842321505747
            ],
            [
              105.38377668760504,
              21.182027971356273
            ]
          ]
        ]
      }
    },
    {
      "type": "Feature",
      "id": "qhpk_41",
      "properties": {
        "name": "Công viên cây xanh, hồ điều hòa CX-5-24",
        "district": "Huyện Sóc Sơn",
        "code": "CX",
        "land_use": "Đất cây xanh công viên, mặt nước cảnh quan điều hòa khí hậu đô thị.",
        "area_ha": 759.6,
        "density": "45%",
        "height_limit": "5-9 tầng",
        "notes": "Quy hoạch chung xây dựng Thủ đô đến năm 2030 và tầm nhìn đến năm 2050."
      },
      "geometry": {
        "type": "Polygon",
        "coordinates": [
          [
            [
              105.37980542577634,
              21.21740887991374
            ],
            [
              105.38377668760504,
              21.182027971356273
            ],
            [
              105.40300129460272,
              21.1842321505747
            ],
            [
              105.40580447181357,
              21.207334823864755
            ],
            [
              105.37980542577634,
              21.21740887991374
            ]
          ]
        ]
      }
    },
    {
      "type": "Feature",
      "id": "qhpk_42",
      "properties": {
        "name": "Khu đô thị hỗn hợp cao tầng HHT-5-25",
        "district": "Huyện Sóc Sơn",
        "code": "HHT",
        "land_use": "Đất hỗn hợp đa chức năng kết hợp nhà ở và trung tâm thương mại.",
        "area_ha": 644.8,
        "density": "45%",
        "height_limit": "18-35 tầng",
        "notes": "Quy hoạch chung xây dựng Thủ đô đến năm 2030 và tầm nhìn đến năm 2050."
      },
      "geometry": {
        "type": "Polygon",
        "coordinates": [
          [
            [
              105.37980542577634,
              21.21740887991374
            ],
            [
              105.40580447181357,
              21.207334823864755
            ],
            [
              105.40236891831839,
              21.234316553195463
            ],
            [
              105.38036897466623,
              21.237866085235467
            ],
            [
              105.37980542577634,
              21.21740887991374
            ]
          ]
        ]
      }
    },
    {
      "type": "Feature",
      "id": "qhpk_43",
      "properties": {
        "name": "Khu đô thị hỗn hợp cao tầng HHT-5-26",
        "district": "Huyện Sóc Sơn",
        "code": "HHT",
        "land_use": "Đất hỗn hợp đa chức năng kết hợp nhà ở và trung tâm thương mại.",
        "area_ha": 649.7,
        "density": "45%",
        "height_limit": "18-35 tầng",
        "notes": "Quy hoạch chung xây dựng Thủ đô đến năm 2030 và tầm nhìn đến năm 2050."
      },
      "geometry": {
        "type": "Polygon",
        "coordinates": [
          [
            [
              105.3798431362162,
              21.262405872088802
            ],
            [
              105.38036897466623,
              21.237866085235467
            ],
            [
              105.40236891831839,
              21.234316553195463
            ],
            [
              105.40032537526209,
              21.263041217598907
            ],
            [
              105.3798431362162,
              21.262405872088802
            ]
          ]
        ]
      }
    },
    {
      "type": "Feature",
      "id": "qhpk_44",
      "properties": {
        "name": "Khu hành chính công sở, liên cơ quan HCTH-5-27",
        "district": "Huyện Sóc Sơn",
        "code": "HCTH",
        "land_use": "Đất hành chính công sở, cơ quan đầu não nhà nước địa phương.",
        "area_ha": 653.7,
        "density": "25%",
        "height_limit": "5-9 tầng",
        "notes": "Quy hoạch chung xây dựng Thủ đô đến năm 2030 và tầm nhìn đến năm 2050."
      },
      "geometry": {
        "type": "Polygon",
        "coordinates": [
          [
            [
              105.3798431362162,
              21.262405872088802
            ],
            [
              105.40032537526209,
              21.263041217598907
            ],
            [
              105.40403592376909,
              21.287337005650382
            ],
            [
              105.38243790371911,
              21.2915130754831
            ],
            [
              105.3798431362162,
              21.262405872088802
            ]
          ]
        ]
      }
    },
    {
      "type": "Feature",
      "id": "qhpk_45",
      "properties": {
        "name": "Khu dân cư hiện trạng chỉnh trang ODT-5-28",
        "district": "Huyện Sóc Sơn",
        "code": "ODT",
        "land_use": "Đất ở tại đô thị, phục vụ cải tạo chỉnh trang và xây mới nhà ở.",
        "area_ha": 344.4,
        "density": "55%",
        "height_limit": "3-7 tầng",
        "notes": "Quy hoạch chung xây dựng Thủ đô đến năm 2030 và tầm nhìn đến năm 2050."
      },
      "geometry": {
        "type": "Polygon",
        "coordinates": [
          [
            [
              105.38243790371911,
              21.2915130754831
            ],
            [
              105.40403592376909,
              21.287337005650382
            ],
            [
              105.40545144989748,
              21.300067130706623
            ],
            [
              105.391958,
              21.305671
            ],
            [
              105.38328401001868,
              21.30039627636271
            ],
            [
              105.38243790371911,
              21.2915130754831
            ]
          ]
        ]
      }
    },
    {
      "type": "Feature",
      "id": "qhpk_46",
      "properties": {
        "name": "Tổ hợp dịch vụ, trung tâm thương mại TMDV-6-16",
        "district": "Huyện Ba Vì",
        "code": "TMDV",
        "land_use": "Đất thương mại dịch vụ cao tầng, văn phòng, siêu thị, khách sạn.",
        "area_ha": 334.3,
        "density": "45%",
        "height_limit": "5-9 tầng",
        "notes": "Quy hoạch chung xây dựng Thủ đô đến năm 2030 và tầm nhìn đến năm 2050."
      },
      "geometry": {
        "type": "Polygon",
        "coordinates": [
          [
            [
              105.40380137815218,
              20.99802292810383
            ],
            [
              105.41223,
              20.998734
            ],
            [
              105.413358,
              20.997079
            ],
            [
              105.416518,
              20.998348
            ],
            [
              105.418684,
              20.994327
            ],
            [
              105.417949,
              20.992545
            ],
            [
              105.42014847425888,
              20.989296223250722
            ],
            [
              105.42257814898976,
              20.989851442983262
            ],
            [
              105.42575644742004,
              21.006939656156135
            ],
            [
              105.40491910416966,
              21.01290305961925
            ],
            [
              105.40380137815218,
              20.99802292810383
            ]
          ]
        ]
      }
    },
    {
      "type": "Feature",
      "id": "qhpk_47",
      "properties": {
        "name": "Khu hành chính công sở, liên cơ quan HCTH-6-17",
        "district": "Huyện Ba Vì",
        "code": "HCTH",
        "land_use": "Đất hành chính công sở, cơ quan đầu não nhà nước địa phương.",
        "area_ha": 587.1,
        "density": "25%",
        "height_limit": "5-9 tầng",
        "notes": "Quy hoạch chung xây dựng Thủ đô đến năm 2030 và tầm nhìn đến năm 2050."
      },
      "geometry": {
        "type": "Polygon",
        "coordinates": [
          [
            [
              105.4011103530453,
              21.03505776890154
            ],
            [
              105.40491910416966,
              21.01290305961925
            ],
            [
              105.42575644742004,
              21.006939656156135
            ],
            [
              105.41954495085265,
              21.03749504212176
            ],
            [
              105.4011103530453,
              21.03505776890154
            ]
          ]
        ]
      }
    },
    {
      "type": "Feature",
      "id": "qhpk_48",
      "properties": {
        "name": "Khu dân cư hiện trạng chỉnh trang ODT-6-18",
        "district": "Huyện Ba Vì",
        "code": "ODT",
        "land_use": "Đất ở tại đô thị, phục vụ cải tạo chỉnh trang và xây mới nhà ở.",
        "area_ha": 483.2,
        "density": "55%",
        "height_limit": "3-7 tầng",
        "notes": "Quy hoạch chung xây dựng Thủ đô đến năm 2030 và tầm nhìn đến năm 2050."
      },
      "geometry": {
        "type": "Polygon",
        "coordinates": [
          [
            [
              105.4011103530453,
              21.03505776890154
            ],
            [
              105.41954495085265,
              21.03749504212176
            ],
            [
              105.42722730190165,
              21.059163893389908
            ],
            [
              105.40690317297882,
              21.057893635396667
            ],
            [
              105.4011103530453,
              21.03505776890154
            ]
          ]
        ]
      }
    },
    {
      "type": "Feature",
      "id": "qhpk_49",
      "properties": {
        "name": "Khu hành chính công sở, liên cơ quan HCTH-6-19",
        "district": "Huyện Ba Vì",
        "code": "HCTH",
        "land_use": "Đất hành chính công sở, cơ quan đầu não nhà nước địa phương.",
        "area_ha": 563,
        "density": "25%",
        "height_limit": "5-9 tầng",
        "notes": "Quy hoạch chung xây dựng Thủ đô đến năm 2030 và tầm nhìn đến năm 2050."
      },
      "geometry": {
        "type": "Polygon",
        "coordinates": [
          [
            [
              105.40690317297882,
              21.057893635396667
            ],
            [
              105.42722730190165,
              21.059163893389908
            ],
            [
              105.41931318172857,
              21.089717940788784
            ],
            [
              105.40744485347062,
              21.087080922186903
            ],
            [
              105.40690317297882,
              21.057893635396667
            ]
          ]
        ]
      }
    },
    {
      "type": "Feature",
      "id": "qhpk_50",
      "properties": {
        "name": "Công viên cây xanh, hồ điều hòa CX-6-20",
        "district": "Huyện Ba Vì",
        "code": "CX",
        "land_use": "Đất cây xanh công viên, mặt nước cảnh quan điều hòa khí hậu đô thị.",
        "area_ha": 399.7,
        "density": "45%",
        "height_limit": "5-9 tầng",
        "notes": "Quy hoạch chung xây dựng Thủ đô đến năm 2030 và tầm nhìn đến năm 2050."
      },
      "geometry": {
        "type": "Polygon",
        "coordinates": [
          [
            [
              105.39889789320408,
              21.1067196633629
            ],
            [
              105.40744485347062,
              21.087080922186903
            ],
            [
              105.41931318172857,
              21.089717940788784
            ],
            [
              105.42326682255414,
              21.10785166799279
            ],
            [
              105.39889789320408,
              21.1067196633629
            ]
          ]
        ]
      }
    },
    {
      "type": "Feature",
      "id": "qhpk_51",
      "properties": {
        "name": "Cụm công nghiệp tập trung, kho vận CN-6-21",
        "district": "Huyện Ba Vì",
        "code": "CN",
        "land_use": "Đất công nghiệp phi nông nghiệp, sản xuất sạch, kho bãi tập trung.",
        "area_ha": 852.2,
        "density": "65%",
        "height_limit": "5-9 tầng",
        "notes": "Quy hoạch chung xây dựng Thủ đô đến năm 2030 và tầm nhìn đến năm 2050."
      },
      "geometry": {
        "type": "Polygon",
        "coordinates": [
          [
            [
              105.39889789320408,
              21.1067196633629
            ],
            [
              105.42326682255414,
              21.10785166799279
            ],
            [
              105.42339604031213,
              21.13600194661547
            ],
            [
              105.40083407381583,
              21.141360512667035
            ],
            [
              105.39889789320408,
              21.1067196633629
            ]
          ]
        ]
      }
    },
    {
      "type": "Feature",
      "id": "qhpk_52",
      "properties": {
        "name": "Khu dân cư hiện trạng chỉnh trang ODT-6-22",
        "district": "Huyện Ba Vì",
        "code": "ODT",
        "land_use": "Đất ở tại đô thị, phục vụ cải tạo chỉnh trang và xây mới nhà ở.",
        "area_ha": 425.4,
        "density": "55%",
        "height_limit": "3-7 tầng",
        "notes": "Quy hoạch chung xây dựng Thủ đô đến năm 2030 và tầm nhìn đến năm 2050."
      },
      "geometry": {
        "type": "Polygon",
        "coordinates": [
          [
            [
              105.40083407381583,
              21.141360512667035
            ],
            [
              105.42339604031213,
              21.13600194661547
            ],
            [
              105.41938585379783,
              21.158169941469527
            ],
            [
              105.40389550392204,
              21.158098284067503
            ],
            [
              105.40083407381583,
              21.141360512667035
            ]
          ]
        ]
      }
    },
    {
      "type": "Feature",
      "id": "qhpk_53",
      "properties": {
        "name": "Khu dân cư hiện trạng chỉnh trang ODT-6-23",
        "district": "Huyện Sóc Sơn",
        "code": "ODT",
        "land_use": "Đất ở tại đô thị, phục vụ cải tạo chỉnh trang và xây mới nhà ở.",
        "area_ha": 526.2,
        "density": "55%",
        "height_limit": "3-7 tầng",
        "notes": "Quy hoạch chung xây dựng Thủ đô đến năm 2030 và tầm nhìn đến năm 2050."
      },
      "geometry": {
        "type": "Polygon",
        "coordinates": [
          [
            [
              105.40300129460272,
              21.1842321505747
            ],
            [
              105.40389550392204,
              21.158098284067503
            ],
            [
              105.41938585379783,
              21.158169941469527
            ],
            [
              105.41961092089458,
              21.1888130745384
            ],
            [
              105.40300129460272,
              21.1842321505747
            ]
          ]
        ]
      }
    },
    {
      "type": "Feature",
      "id": "qhpk_54",
      "properties": {
        "name": "Khu hành chính công sở, liên cơ quan HCTH-6-24",
        "district": "Huyện Sóc Sơn",
        "code": "HCTH",
        "land_use": "Đất hành chính công sở, cơ quan đầu não nhà nước địa phương.",
        "area_ha": 509.3,
        "density": "25%",
        "height_limit": "5-9 tầng",
        "notes": "Quy hoạch chung xây dựng Thủ đô đến năm 2030 và tầm nhìn đến năm 2050."
      },
      "geometry": {
        "type": "Polygon",
        "coordinates": [
          [
            [
              105.40300129460272,
              21.1842321505747
            ],
            [
              105.41961092089458,
              21.1888130745384
            ],
            [
              105.42539736019637,
              21.21818150289283
            ],
            [
              105.40580447181357,
              21.207334823864755
            ],
            [
              105.40300129460272,
              21.1842321505747
            ]
          ]
        ]
      }
    },
    {
      "type": "Feature",
      "id": "qhpk_55",
      "properties": {
        "name": "Công viên cây xanh, hồ điều hòa CX-6-25",
        "district": "Huyện Sóc Sơn",
        "code": "CX",
        "land_use": "Đất cây xanh công viên, mặt nước cảnh quan điều hòa khí hậu đô thị.",
        "area_ha": 590,
        "density": "45%",
        "height_limit": "5-9 tầng",
        "notes": "Quy hoạch chung xây dựng Thủ đô đến năm 2030 và tầm nhìn đến năm 2050."
      },
      "geometry": {
        "type": "Polygon",
        "coordinates": [
          [
            [
              105.40236891831839,
              21.234316553195463
            ],
            [
              105.40580447181357,
              21.207334823864755
            ],
            [
              105.42539736019637,
              21.21818150289283
            ],
            [
              105.42832294963551,
              21.23601154765908
            ],
            [
              105.40236891831839,
              21.234316553195463
            ]
          ]
        ]
      }
    },
    {
      "type": "Feature",
      "id": "qhpk_56",
      "properties": {
        "name": "Khu dân cư hiện trạng chỉnh trang ODT-6-26",
        "district": "Huyện Sóc Sơn",
        "code": "ODT",
        "land_use": "Đất ở tại đô thị, phục vụ cải tạo chỉnh trang và xây mới nhà ở.",
        "area_ha": 820.8,
        "density": "55%",
        "height_limit": "3-7 tầng",
        "notes": "Quy hoạch chung xây dựng Thủ đô đến năm 2030 và tầm nhìn đến năm 2050."
      },
      "geometry": {
        "type": "Polygon",
        "coordinates": [
          [
            [
              105.40032537526209,
              21.263041217598907
            ],
            [
              105.40236891831839,
              21.234316553195463
            ],
            [
              105.42832294963551,
              21.23601154765908
            ],
            [
              105.42091379652557,
              21.267295276756705
            ],
            [
              105.40032537526209,
              21.263041217598907
            ]
          ]
        ]
      }
    },
    {
      "type": "Feature",
      "id": "qhpk_57",
      "properties": {
        "name": "Tổ hợp dịch vụ, trung tâm thương mại TMDV-6-27",
        "district": "Huyện Sóc Sơn",
        "code": "TMDV",
        "land_use": "Đất thương mại dịch vụ cao tầng, văn phòng, siêu thị, khách sạn.",
        "area_ha": 515.2,
        "density": "45%",
        "height_limit": "5-9 tầng",
        "notes": "Quy hoạch chung xây dựng Thủ đô đến năm 2030 và tầm nhìn đến năm 2050."
      },
      "geometry": {
        "type": "Polygon",
        "coordinates": [
          [
            [
              105.40032537526209,
              21.263041217598907
            ],
            [
              105.42091379652557,
              21.267295276756705
            ],
            [
              105.42295323298781,
              21.289158366979642
            ],
            [
              105.40403592376909,
              21.287337005650382
            ],
            [
              105.40032537526209,
              21.263041217598907
            ]
          ]
        ]
      }
    },
    {
      "type": "Feature",
      "id": "qhpk_58",
      "properties": {
        "name": "Khu dân cư hiện trạng chỉnh trang ODT-7-16",
        "district": "Huyện Ba Vì",
        "code": "ODT",
        "land_use": "Đất ở tại đô thị, phục vụ cải tạo chỉnh trang và xây mới nhà ở.",
        "area_ha": 514.3,
        "density": "55%",
        "height_limit": "3-7 tầng",
        "notes": "Quy hoạch chung xây dựng Thủ đô đến năm 2030 và tầm nhìn đến năm 2050."
      },
      "geometry": {
        "type": "Polygon",
        "coordinates": [
          [
            [
              105.42257814898976,
              20.989851442983262
            ],
            [
              105.44249165731307,
              20.98272315806388
            ],
            [
              105.44828767974683,
              21.00589008819102
            ],
            [
              105.42575644742004,
              21.006939656156135
            ],
            [
              105.42257814898976,
              20.989851442983262
            ]
          ]
        ]
      }
    },
    {
      "type": "Feature",
      "id": "qhpk_59",
      "properties": {
        "name": "Khu dân cư hiện trạng chỉnh trang ODT-7-17",
        "district": "Huyện Ba Vì",
        "code": "ODT",
        "land_use": "Đất ở tại đô thị, phục vụ cải tạo chỉnh trang và xây mới nhà ở.",
        "area_ha": 742.9,
        "density": "55%",
        "height_limit": "3-7 tầng",
        "notes": "Quy hoạch chung xây dựng Thủ đô đến năm 2030 và tầm nhìn đến năm 2050."
      },
      "geometry": {
        "type": "Polygon",
        "coordinates": [
          [
            [
              105.41954495085265,
              21.03749504212176
            ],
            [
              105.42575644742004,
              21.006939656156135
            ],
            [
              105.44828767974683,
              21.00589008819102
            ],
            [
              105.44541855986498,
              21.030107488843324
            ],
            [
              105.41954495085265,
              21.03749504212176
            ]
          ]
        ]
      }
    },
    {
      "type": "Feature",
      "id": "qhpk_60",
      "properties": {
        "name": "Khu dân cư hiện trạng chỉnh trang ODT-7-18",
        "district": "Huyện Ba Vì",
        "code": "ODT",
        "land_use": "Đất ở tại đô thị, phục vụ cải tạo chỉnh trang và xây mới nhà ở.",
        "area_ha": 658.9,
        "density": "55%",
        "height_limit": "3-7 tầng",
        "notes": "Quy hoạch chung xây dựng Thủ đô đến năm 2030 và tầm nhìn đến năm 2050."
      },
      "geometry": {
        "type": "Polygon",
        "coordinates": [
          [
            [
              105.41954495085265,
              21.03749504212176
            ],
            [
              105.44541855986498,
              21.030107488843324
            ],
            [
              105.44067143975205,
              21.066523465963083
            ],
            [
              105.42722730190165,
              21.059163893389908
            ],
            [
              105.41954495085265,
              21.03749504212176
            ]
          ]
        ]
      }
    },
    {
      "type": "Feature",
      "id": "qhpk_61",
      "properties": {
        "name": "Khu dân cư hiện trạng chỉnh trang ODT-7-19",
        "district": "Huyện Ba Vì",
        "code": "ODT",
        "land_use": "Đất ở tại đô thị, phục vụ cải tạo chỉnh trang và xây mới nhà ở.",
        "area_ha": 547.5,
        "density": "55%",
        "height_limit": "3-7 tầng",
        "notes": "Quy hoạch chung xây dựng Thủ đô đến năm 2030 và tầm nhìn đến năm 2050."
      },
      "geometry": {
        "type": "Polygon",
        "coordinates": [
          [
            [
              105.41931318172857,
              21.089717940788784
            ],
            [
              105.42722730190165,
              21.059163893389908
            ],
            [
              105.44067143975205,
              21.066523465963083
            ],
            [
              105.44832965577005,
              21.080683386369675
            ],
            [
              105.41931318172857,
              21.089717940788784
            ]
          ]
        ]
      }
    },
    {
      "type": "Feature",
      "id": "qhpk_62",
      "properties": {
        "name": "Tổ hợp dịch vụ, trung tâm thương mại TMDV-7-20",
        "district": "Huyện Ba Vì",
        "code": "TMDV",
        "land_use": "Đất thương mại dịch vụ cao tầng, văn phòng, siêu thị, khách sạn.",
        "area_ha": 766.9,
        "density": "45%",
        "height_limit": "5-9 tầng",
        "notes": "Quy hoạch chung xây dựng Thủ đô đến năm 2030 và tầm nhìn đến năm 2050."
      },
      "geometry": {
        "type": "Polygon",
        "coordinates": [
          [
            [
              105.41931318172857,
              21.089717940788784
            ],
            [
              105.44832965577005,
              21.080683386369675
            ],
            [
              105.44764034604967,
              21.112063350161637
            ],
            [
              105.42326682255414,
              21.10785166799279
            ],
            [
              105.41931318172857,
              21.089717940788784
            ]
          ]
        ]
      }
    },
    {
      "type": "Feature",
      "id": "qhpk_63",
      "properties": {
        "name": "Tổ hợp dịch vụ, trung tâm thương mại TMDV-7-21",
        "district": "Huyện Ba Vì",
        "code": "TMDV",
        "land_use": "Đất thương mại dịch vụ cao tầng, văn phòng, siêu thị, khách sạn.",
        "area_ha": 612,
        "density": "45%",
        "height_limit": "5-9 tầng",
        "notes": "Quy hoạch chung xây dựng Thủ đô đến năm 2030 và tầm nhìn đến năm 2050."
      },
      "geometry": {
        "type": "Polygon",
        "coordinates": [
          [
            [
              105.42326682255414,
              21.10785166799279
            ],
            [
              105.44764034604967,
              21.112063350161637
            ],
            [
              105.44268912956076,
              21.132446639530393
            ],
            [
              105.42339604031213,
              21.13600194661547
            ],
            [
              105.42326682255414,
              21.10785166799279
            ]
          ]
        ]
      }
    },
    {
      "type": "Feature",
      "id": "qhpk_64",
      "properties": {
        "name": "Tổ hợp dịch vụ, trung tâm thương mại TMDV-7-22",
        "district": "Huyện Ba Vì",
        "code": "TMDV",
        "land_use": "Đất thương mại dịch vụ cao tầng, văn phòng, siêu thị, khách sạn.",
        "area_ha": 661.3,
        "density": "45%",
        "height_limit": "5-9 tầng",
        "notes": "Quy hoạch chung xây dựng Thủ đô đến năm 2030 và tầm nhìn đến năm 2050."
      },
      "geometry": {
        "type": "Polygon",
        "coordinates": [
          [
            [
              105.41938585379783,
              21.158169941469527
            ],
            [
              105.42339604031213,
              21.13600194661547
            ],
            [
              105.44268912956076,
              21.132446639530393
            ],
            [
              105.44169313430422,
              21.165021487353886
            ],
            [
              105.41938585379783,
              21.158169941469527
            ]
          ]
        ]
      }
    },
    {
      "type": "Feature",
      "id": "qhpk_65",
      "properties": {
        "name": "Khu dân cư hiện trạng chỉnh trang ODT-7-23",
        "district": "Huyện Sóc Sơn",
        "code": "ODT",
        "land_use": "Đất ở tại đô thị, phục vụ cải tạo chỉnh trang và xây mới nhà ở.",
        "area_ha": 636.5,
        "density": "55%",
        "height_limit": "3-7 tầng",
        "notes": "Quy hoạch chung xây dựng Thủ đô đến năm 2030 và tầm nhìn đến năm 2050."
      },
      "geometry": {
        "type": "Polygon",
        "coordinates": [
          [
            [
              105.41938585379783,
              21.158169941469527
            ],
            [
              105.44169313430422,
              21.165021487353886
            ],
            [
              105.44025752116606,
              21.185680239055873
            ],
            [
              105.41961092089458,
              21.1888130745384
            ],
            [
              105.41938585379783,
              21.158169941469527
            ]
          ]
        ]
      }
    },
    {
      "type": "Feature",
      "id": "qhpk_66",
      "properties": {
        "name": "Tổ hợp dịch vụ, trung tâm thương mại TMDV-7-24",
        "district": "Huyện Sóc Sơn",
        "code": "TMDV",
        "land_use": "Đất thương mại dịch vụ cao tầng, văn phòng, siêu thị, khách sạn.",
        "area_ha": 696.4,
        "density": "45%",
        "height_limit": "5-9 tầng",
        "notes": "Quy hoạch chung xây dựng Thủ đô đến năm 2030 và tầm nhìn đến năm 2050."
      },
      "geometry": {
        "type": "Polygon",
        "coordinates": [
          [
            [
              105.41961092089458,
              21.1888130745384
            ],
            [
              105.44025752116606,
              21.185680239055873
            ],
            [
              105.44453185860257,
              21.215614429247072
            ],
            [
              105.42539736019637,
              21.21818150289283
            ],
            [
              105.41961092089458,
              21.1888130745384
            ]
          ]
        ]
      }
    },
    {
      "type": "Feature",
      "id": "qhpk_67",
      "properties": {
        "name": "Khu đô thị hỗn hợp cao tầng HHT-7-25",
        "district": "Huyện Sóc Sơn",
        "code": "HHT",
        "land_use": "Đất hỗn hợp đa chức năng kết hợp nhà ở và trung tâm thương mại.",
        "area_ha": 338.9,
        "density": "45%",
        "height_limit": "18-35 tầng",
        "notes": "Quy hoạch chung xây dựng Thủ đô đến năm 2030 và tầm nhìn đến năm 2050."
      },
      "geometry": {
        "type": "Polygon",
        "coordinates": [
          [
            [
              105.42539736019637,
              21.21818150289283
            ],
            [
              105.44453185860257,
              21.215614429247072
            ],
            [
              105.44126868480016,
              21.234494942364268
            ],
            [
              105.42832294963551,
              21.23601154765908
            ],
            [
              105.42539736019637,
              21.21818150289283
            ]
          ]
        ]
      }
    },
    {
      "type": "Feature",
      "id": "qhpk_68",
      "properties": {
        "name": "Khu dân cư hiện trạng chỉnh trang ODT-7-26",
        "district": "Huyện Sóc Sơn",
        "code": "ODT",
        "land_use": "Đất ở tại đô thị, phục vụ cải tạo chỉnh trang và xây mới nhà ở.",
        "area_ha": 643.1,
        "density": "55%",
        "height_limit": "3-7 tầng",
        "notes": "Quy hoạch chung xây dựng Thủ đô đến năm 2030 và tầm nhìn đến năm 2050."
      },
      "geometry": {
        "type": "Polygon",
        "coordinates": [
          [
            [
              105.42091379652557,
              21.267295276756705
            ],
            [
              105.42832294963551,
              21.23601154765908
            ],
            [
              105.44126868480016,
              21.234494942364268
            ],
            [
              105.44431524623438,
              21.262733936173586
            ],
            [
              105.4440843586794,
              21.26481861656131
            ],
            [
              105.42091379652557,
              21.267295276756705
            ]
          ]
        ]
      }
    },
    {
      "type": "Feature",
      "id": "qhpk_69",
      "properties": {
        "name": "Tổ hợp dịch vụ, trung tâm thương mại TMDV-7-27",
        "district": "Huyện Sóc Sơn",
        "code": "TMDV",
        "land_use": "Đất thương mại dịch vụ cao tầng, văn phòng, siêu thị, khách sạn.",
        "area_ha": 479.3,
        "density": "45%",
        "height_limit": "5-9 tầng",
        "notes": "Quy hoạch chung xây dựng Thủ đô đến năm 2030 và tầm nhìn đến năm 2050."
      },
      "geometry": {
        "type": "Polygon",
        "coordinates": [
          [
            [
              105.42091379652557,
              21.267295276756705
            ],
            [
              105.4440843586794,
              21.26481861656131
            ],
            [
              105.443527,
              21.269851
            ],
            [
              105.43938,
              21.281639
            ],
            [
              105.435223,
              21.286576
            ],
            [
              105.429627,
              21.288977
            ],
            [
              105.4295475926742,
              21.28903157542284
            ],
            [
              105.42295323298781,
              21.289158366979642
            ],
            [
              105.42091379652557,
              21.267295276756705
            ]
          ]
        ]
      }
    },
    {
      "type": "Feature",
      "id": "qhpk_70",
      "properties": {
        "name": "Khu dân cư hiện trạng chỉnh trang ODT-8-15",
        "district": "Huyện Ba Vì",
        "code": "ODT",
        "land_use": "Đất ở tại đô thị, phục vụ cải tạo chỉnh trang và xây mới nhà ở.",
        "area_ha": 809.8,
        "density": "55%",
        "height_limit": "3-7 tầng",
        "notes": "Quy hoạch chung xây dựng Thủ đô đến năm 2030 và tầm nhìn đến năm 2050."
      },
      "geometry": {
        "type": "Polygon",
        "coordinates": [
          [
            [
              105.44169847204839,
              20.964802376744284
            ],
            [
              105.442263,
              20.964191
            ],
            [
              105.44408526133408,
              20.957140257191107
            ],
            [
              105.46741789675448,
              20.955772448490787
            ],
            [
              105.46635232885161,
              20.98749680916071
            ],
            [
              105.44249165731307,
              20.98272315806388
            ],
            [
              105.44169847204839,
              20.964802376744284
            ]
          ]
        ]
      }
    },
    {
      "type": "Feature",
      "id": "qhpk_71",
      "properties": {
        "name": "Khu đô thị hỗn hợp cao tầng HHT-8-16",
        "district": "Huyện Ba Vì",
        "code": "HHT",
        "land_use": "Đất hỗn hợp đa chức năng kết hợp nhà ở và trung tâm thương mại.",
        "area_ha": 552.5,
        "density": "45%",
        "height_limit": "18-35 tầng",
        "notes": "Quy hoạch chung xây dựng Thủ đô đến năm 2030 và tầm nhìn đến năm 2050."
      },
      "geometry": {
        "type": "Polygon",
        "coordinates": [
          [
            [
              105.44249165731307,
              20.98272315806388
            ],
            [
              105.46635232885161,
              20.98749680916071
            ],
            [
              105.46210676626312,
              21.015744336388888
            ],
            [
              105.44828767974683,
              21.00589008819102
            ],
            [
              105.44249165731307,
              20.98272315806388
            ]
          ]
        ]
      }
    },
    {
      "type": "Feature",
      "id": "qhpk_72",
      "properties": {
        "name": "Tổ hợp dịch vụ, trung tâm thương mại TMDV-8-17",
        "district": "Huyện Ba Vì",
        "code": "TMDV",
        "land_use": "Đất thương mại dịch vụ cao tầng, văn phòng, siêu thị, khách sạn.",
        "area_ha": 434.6,
        "density": "45%",
        "height_limit": "5-9 tầng",
        "notes": "Quy hoạch chung xây dựng Thủ đô đến năm 2030 và tầm nhìn đến năm 2050."
      },
      "geometry": {
        "type": "Polygon",
        "coordinates": [
          [
            [
              105.44541855986498,
              21.030107488843324
            ],
            [
              105.44828767974683,
              21.00589008819102
            ],
            [
              105.46210676626312,
              21.015744336388888
            ],
            [
              105.46528405224898,
              21.03639228375775
            ],
            [
              105.44541855986498,
              21.030107488843324
            ]
          ]
        ]
      }
    },
    {
      "type": "Feature",
      "id": "qhpk_73",
      "properties": {
        "name": "Khu dân cư hiện trạng chỉnh trang ODT-8-18",
        "district": "Huyện Ba Vì",
        "code": "ODT",
        "land_use": "Đất ở tại đô thị, phục vụ cải tạo chỉnh trang và xây mới nhà ở.",
        "area_ha": 767.2,
        "density": "55%",
        "height_limit": "3-7 tầng",
        "notes": "Quy hoạch chung xây dựng Thủ đô đến năm 2030 và tầm nhìn đến năm 2050."
      },
      "geometry": {
        "type": "Polygon",
        "coordinates": [
          [
            [
              105.44067143975205,
              21.066523465963083
            ],
            [
              105.44541855986498,
              21.030107488843324
            ],
            [
              105.46528405224898,
              21.03639228375775
            ],
            [
              105.46839849764227,
              21.05599996813814
            ],
            [
              105.44067143975205,
              21.066523465963083
            ]
          ]
        ]
      }
    },
    {
      "type": "Feature",
      "id": "qhpk_74",
      "properties": {
        "name": "Khu dân cư hiện trạng chỉnh trang ODT-8-19",
        "district": "Huyện Ba Vì",
        "code": "ODT",
        "land_use": "Đất ở tại đô thị, phục vụ cải tạo chỉnh trang và xây mới nhà ở.",
        "area_ha": 575.1,
        "density": "55%",
        "height_limit": "3-7 tầng",
        "notes": "Quy hoạch chung xây dựng Thủ đô đến năm 2030 và tầm nhìn đến năm 2050."
      },
      "geometry": {
        "type": "Polygon",
        "coordinates": [
          [
            [
              105.44067143975205,
              21.066523465963083
            ],
            [
              105.46839849764227,
              21.05599996813814
            ],
            [
              105.46044456603833,
              21.091877823636587
            ],
            [
              105.44832965577005,
              21.080683386369675
            ],
            [
              105.44067143975205,
              21.066523465963083
            ]
          ]
        ]
      }
    },
    {
      "type": "Feature",
      "id": "qhpk_75",
      "properties": {
        "name": "Tổ hợp dịch vụ, trung tâm thương mại TMDV-8-20",
        "district": "Huyện Ba Vì",
        "code": "TMDV",
        "land_use": "Đất thương mại dịch vụ cao tầng, văn phòng, siêu thị, khách sạn.",
        "area_ha": 398.2,
        "density": "45%",
        "height_limit": "5-9 tầng",
        "notes": "Quy hoạch chung xây dựng Thủ đô đến năm 2030 và tầm nhìn đến năm 2050."
      },
      "geometry": {
        "type": "Polygon",
        "coordinates": [
          [
            [
              105.44764034604967,
              21.112063350161637
            ],
            [
              105.44832965577005,
              21.080683386369675
            ],
            [
              105.46044456603833,
              21.091877823636587
            ],
            [
              105.46367767187473,
              21.110403876800735
            ],
            [
              105.44764034604967,
              21.112063350161637
            ]
          ]
        ]
      }
    },
    {
      "type": "Feature",
      "id": "qhpk_76",
      "properties": {
        "name": "Khu dân cư hiện trạng chỉnh trang ODT-8-21",
        "district": "Huyện Ba Vì",
        "code": "ODT",
        "land_use": "Đất ở tại đô thị, phục vụ cải tạo chỉnh trang và xây mới nhà ở.",
        "area_ha": 559.5,
        "density": "55%",
        "height_limit": "3-7 tầng",
        "notes": "Quy hoạch chung xây dựng Thủ đô đến năm 2030 và tầm nhìn đến năm 2050."
      },
      "geometry": {
        "type": "Polygon",
        "coordinates": [
          [
            [
              105.44268912956076,
              21.132446639530393
            ],
            [
              105.44764034604967,
              21.112063350161637
            ],
            [
              105.46367767187473,
              21.110403876800735
            ],
            [
              105.46912244405031,
              21.135731995260738
            ],
            [
              105.44268912956076,
              21.132446639530393
            ]
          ]
        ]
      }
    },
    {
      "type": "Feature",
      "id": "qhpk_77",
      "properties": {
        "name": "Khu dân cư hiện trạng chỉnh trang ODT-8-22",
        "district": "Huyện Ba Vì",
        "code": "ODT",
        "land_use": "Đất ở tại đô thị, phục vụ cải tạo chỉnh trang và xây mới nhà ở.",
        "area_ha": 789.2,
        "density": "55%",
        "height_limit": "3-7 tầng",
        "notes": "Quy hoạch chung xây dựng Thủ đô đến năm 2030 và tầm nhìn đến năm 2050."
      },
      "geometry": {
        "type": "Polygon",
        "coordinates": [
          [
            [
              105.44169313430422,
              21.165021487353886
            ],
            [
              105.44268912956076,
              21.132446639530393
            ],
            [
              105.46912244405031,
              21.135731995260738
            ],
            [
              105.46181675490674,
              21.161924444562096
            ],
            [
              105.44169313430422,
              21.165021487353886
            ]
          ]
        ]
      }
    },
    {
      "type": "Feature",
      "id": "qhpk_78",
      "properties": {
        "name": "Khu dân cư hiện trạng chỉnh trang ODT-8-23",
        "district": "Huyện Sóc Sơn",
        "code": "ODT",
        "land_use": "Đất ở tại đô thị, phục vụ cải tạo chỉnh trang và xây mới nhà ở.",
        "area_ha": 617.7,
        "density": "55%",
        "height_limit": "3-7 tầng",
        "notes": "Quy hoạch chung xây dựng Thủ đô đến năm 2030 và tầm nhìn đến năm 2050."
      },
      "geometry": {
        "type": "Polygon",
        "coordinates": [
          [
            [
              105.44025752116606,
              21.185680239055873
            ],
            [
              105.44169313430422,
              21.165021487353886
            ],
            [
              105.46181675490674,
              21.161924444562096
            ],
            [
              105.46741191313494,
              21.183381096992623
            ],
            [
              105.46726736410662,
              21.185774429284432
            ],
            [
              105.44025752116606,
              21.185680239055873
            ]
          ]
        ]
      }
    },
    {
      "type": "Feature",
      "id": "qhpk_79",
      "properties": {
        "name": "Khu dân cư hiện trạng chỉnh trang ODT-8-24",
        "district": "Huyện Sóc Sơn",
        "code": "ODT",
        "land_use": "Đất ở tại đô thị, phục vụ cải tạo chỉnh trang và xây mới nhà ở.",
        "area_ha": 790.9,
        "density": "55%",
        "height_limit": "3-7 tầng",
        "notes": "Quy hoạch chung xây dựng Thủ đô đến năm 2030 và tầm nhìn đến năm 2050."
      },
      "geometry": {
        "type": "Polygon",
        "coordinates": [
          [
            [
              105.44025752116606,
              21.185680239055873
            ],
            [
              105.46726736410662,
              21.185774429284432
            ],
            [
              105.46694807449612,
              21.191060982532907
            ],
            [
              105.46486499313065,
              21.201171543231915
            ],
            [
              105.463893,
              21.201297
            ],
            [
              105.463033,
              21.203141
            ],
            [
              105.46440223281168,
              21.20341762270417
            ],
            [
              105.4637990090502,
              21.206345463429273
            ],
            [
              105.462347,
              21.20609
            ],
            [
              105.461432,
              21.208144
            ],
            [
              105.463254,
              21.208708
            ],
            [
              105.46307446655597,
              21.209862143568827
            ],
            [
              105.4617216464075,
              21.2164282674143
            ],
            [
              105.46122085684557,
              21.217913713960687
            ],
            [
              105.44453185860257,
              21.215614429247072
            ],
            [
              105.44025752116606,
              21.185680239055873
            ]
          ]
        ]
      }
    },
    {
      "type": "Feature",
      "id": "qhpk_80",
      "properties": {
        "name": "Khu đô thị hỗn hợp cao tầng HHT-8-25",
        "district": "Huyện Sóc Sơn",
        "code": "HHT",
        "land_use": "Đất hỗn hợp đa chức năng kết hợp nhà ở và trung tâm thương mại.",
        "area_ha": 328.8,
        "density": "45%",
        "height_limit": "18-35 tầng",
        "notes": "Quy hoạch chung xây dựng Thủ đô đến năm 2030 và tầm nhìn đến năm 2050."
      },
      "geometry": {
        "type": "Polygon",
        "coordinates": [
          [
            [
              105.44126868480016,
              21.234494942364268
            ],
            [
              105.44453185860257,
              21.215614429247072
            ],
            [
              105.46122085684557,
              21.217913713960687
            ],
            [
              105.458549,
              21.225839
            ],
            [
              105.45227508704181,
              21.236739991703548
            ],
            [
              105.44126868480016,
              21.234494942364268
            ]
          ]
        ]
      }
    },
    {
      "type": "Feature",
      "id": "qhpk_81",
      "properties": {
        "name": "Khu dân cư hiện trạng chỉnh trang ODT-9-15",
        "district": "Huyện Ba Vì",
        "code": "ODT",
        "land_use": "Đất ở tại đô thị, phục vụ cải tạo chỉnh trang và xây mới nhà ở.",
        "area_ha": 703.6,
        "density": "55%",
        "height_limit": "3-7 tầng",
        "notes": "Quy hoạch chung xây dựng Thủ đô đến năm 2030 và tầm nhìn đến năm 2050."
      },
      "geometry": {
        "type": "Polygon",
        "coordinates": [
          [
            [
              105.46635232885161,
              20.98749680916071
            ],
            [
              105.46741789675448,
              20.955772448490787
            ],
            [
              105.48805133259233,
              20.960326055078163
            ],
            [
              105.48914263881444,
              20.9847365207125
            ],
            [
              105.46635232885161,
              20.98749680916071
            ]
          ]
        ]
      }
    },
    {
      "type": "Feature",
      "id": "qhpk_82",
      "properties": {
        "name": "Khu dân cư hiện trạng chỉnh trang ODT-9-16",
        "district": "Huyện Ba Vì",
        "code": "ODT",
        "land_use": "Đất ở tại đô thị, phục vụ cải tạo chỉnh trang và xây mới nhà ở.",
        "area_ha": 647.1,
        "density": "55%",
        "height_limit": "3-7 tầng",
        "notes": "Quy hoạch chung xây dựng Thủ đô đến năm 2030 và tầm nhìn đến năm 2050."
      },
      "geometry": {
        "type": "Polygon",
        "coordinates": [
          [
            [
              105.46210676626312,
              21.015744336388888
            ],
            [
              105.46635232885161,
              20.98749680916071
            ],
            [
              105.48914263881444,
              20.9847365207125
            ],
            [
              105.48349874622328,
              21.00930305706929
            ],
            [
              105.46210676626312,
              21.015744336388888
            ]
          ]
        ]
      }
    },
    {
      "type": "Feature",
      "id": "qhpk_83",
      "properties": {
        "name": "Công viên cây xanh, hồ điều hòa CX-9-17",
        "district": "Huyện Ba Vì",
        "code": "CX",
        "land_use": "Đất cây xanh công viên, mặt nước cảnh quan điều hòa khí hậu đô thị.",
        "area_ha": 534.8,
        "density": "45%",
        "height_limit": "5-9 tầng",
        "notes": "Quy hoạch chung xây dựng Thủ đô đến năm 2030 và tầm nhìn đến năm 2050."
      },
      "geometry": {
        "type": "Polygon",
        "coordinates": [
          [
            [
              105.46210676626312,
              21.015744336388888
            ],
            [
              105.48349874622328,
              21.00930305706929
            ],
            [
              105.48590466113032,
              21.031227247438913
            ],
            [
              105.46528405224898,
              21.03639228375775
            ],
            [
              105.46210676626312,
              21.015744336388888
            ]
          ]
        ]
      }
    },
    {
      "type": "Feature",
      "id": "qhpk_84",
      "properties": {
        "name": "Khu dân cư hiện trạng chỉnh trang ODT-9-18",
        "district": "Huyện Ba Vì",
        "code": "ODT",
        "land_use": "Đất ở tại đô thị, phục vụ cải tạo chỉnh trang và xây mới nhà ở.",
        "area_ha": 475.8,
        "density": "55%",
        "height_limit": "3-7 tầng",
        "notes": "Quy hoạch chung xây dựng Thủ đô đến năm 2030 và tầm nhìn đến năm 2050."
      },
      "geometry": {
        "type": "Polygon",
        "coordinates": [
          [
            [
              105.46528405224898,
              21.03639228375775
            ],
            [
              105.48590466113032,
              21.031227247438913
            ],
            [
              105.48261444157389,
              21.05897227671094
            ],
            [
              105.46839849764227,
              21.05599996813814
            ],
            [
              105.46528405224898,
              21.03639228375775
            ]
          ]
        ]
      }
    },
    {
      "type": "Feature",
      "id": "qhpk_85",
      "properties": {
        "name": "Công viên cây xanh, hồ điều hòa CX-9-19",
        "district": "Huyện Ba Vì",
        "code": "CX",
        "land_use": "Đất cây xanh công viên, mặt nước cảnh quan điều hòa khí hậu đô thị.",
        "area_ha": 613.1,
        "density": "45%",
        "height_limit": "5-9 tầng",
        "notes": "Quy hoạch chung xây dựng Thủ đô đến năm 2030 và tầm nhìn đến năm 2050."
      },
      "geometry": {
        "type": "Polygon",
        "coordinates": [
          [
            [
              105.46044456603833,
              21.091877823636587
            ],
            [
              105.46839849764227,
              21.05599996813814
            ],
            [
              105.48261444157389,
              21.05897227671094
            ],
            [
              105.48353778168051,
              21.08147193849047
            ],
            [
              105.46044456603833,
              21.091877823636587
            ]
          ]
        ]
      }
    },
    {
      "type": "Feature",
      "id": "qhpk_86",
      "properties": {
        "name": "Tổ hợp dịch vụ, trung tâm thương mại TMDV-9-20",
        "district": "Huyện Ba Vì",
        "code": "TMDV",
        "land_use": "Đất thương mại dịch vụ cao tầng, văn phòng, siêu thị, khách sạn.",
        "area_ha": 669.9,
        "density": "45%",
        "height_limit": "5-9 tầng",
        "notes": "Quy hoạch chung xây dựng Thủ đô đến năm 2030 và tầm nhìn đến năm 2050."
      },
      "geometry": {
        "type": "Polygon",
        "coordinates": [
          [
            [
              105.46044456603833,
              21.091877823636587
            ],
            [
              105.48353778168051,
              21.08147193849047
            ],
            [
              105.4867584645993,
              21.112029931566433
            ],
            [
              105.46367767187473,
              21.110403876800735
            ],
            [
              105.46044456603833,
              21.091877823636587
            ]
          ]
        ]
      }
    },
    {
      "type": "Feature",
      "id": "qhpk_87",
      "properties": {
        "name": "Khu dân cư hiện trạng chỉnh trang ODT-9-21",
        "district": "Huyện Ba Vì",
        "code": "ODT",
        "land_use": "Đất ở tại đô thị, phục vụ cải tạo chỉnh trang và xây mới nhà ở.",
        "area_ha": 577.1,
        "density": "55%",
        "height_limit": "3-7 tầng",
        "notes": "Quy hoạch chung xây dựng Thủ đô đến năm 2030 và tầm nhìn đến năm 2050."
      },
      "geometry": {
        "type": "Polygon",
        "coordinates": [
          [
            [
              105.46367767187473,
              21.110403876800735
            ],
            [
              105.4867584645993,
              21.112029931566433
            ],
            [
              105.48941624948431,
              21.132552578581993
            ],
            [
              105.46912244405031,
              21.135731995260738
            ],
            [
              105.46367767187473,
              21.110403876800735
            ]
          ]
        ]
      }
    },
    {
      "type": "Feature",
      "id": "qhpk_88",
      "properties": {
        "name": "Khu đô thị hỗn hợp cao tầng HHT-9-22",
        "district": "Huyện Ba Vì",
        "code": "HHT",
        "land_use": "Đất hỗn hợp đa chức năng kết hợp nhà ở và trung tâm thương mại.",
        "area_ha": 799.3,
        "density": "45%",
        "height_limit": "18-35 tầng",
        "notes": "Quy hoạch chung xây dựng Thủ đô đến năm 2030 và tầm nhìn đến năm 2050."
      },
      "geometry": {
        "type": "Polygon",
        "coordinates": [
          [
            [
              105.46181675490674,
              21.161924444562096
            ],
            [
              105.46912244405031,
              21.135731995260738
            ],
            [
              105.48941624948431,
              21.132552578581993
            ],
            [
              105.48991662691125,
              21.161653419826532
            ],
            [
              105.486454,
              21.163018
            ],
            [
              105.48536648732001,
              21.163887498810826
            ],
            [
              105.46181675490674,
              21.161924444562096
            ]
          ]
        ]
      }
    },
    {
      "type": "Feature",
      "id": "qhpk_89",
      "properties": {
        "name": "Khu đô thị hỗn hợp cao tầng HHT-10-14",
        "district": "Huyện Ba Vì",
        "code": "HHT",
        "land_use": "Đất hỗn hợp đa chức năng kết hợp nhà ở và trung tâm thương mại.",
        "area_ha": 484,
        "density": "45%",
        "height_limit": "18-35 tầng",
        "notes": "Quy hoạch chung xây dựng Thủ đô đến năm 2030 và tầm nhìn đến năm 2050."
      },
      "geometry": {
        "type": "Polygon",
        "coordinates": [
          [
            [
              105.48805133259233,
              20.960326055078163
            ],
            [
              105.48817498086535,
              20.93659863843433
            ],
            [
              105.48831658470286,
              20.936161286360527
            ],
            [
              105.50169280177758,
              20.933640486352836
            ],
            [
              105.50658743052905,
              20.961633723541226
            ],
            [
              105.48805133259233,
              20.960326055078163
            ]
          ]
        ]
      }
    },
    {
      "type": "Feature",
      "id": "qhpk_90",
      "properties": {
        "name": "Công viên cây xanh, hồ điều hòa CX-10-15",
        "district": "Huyện Ba Vì",
        "code": "CX",
        "land_use": "Đất cây xanh công viên, mặt nước cảnh quan điều hòa khí hậu đô thị.",
        "area_ha": 566.4,
        "density": "45%",
        "height_limit": "5-9 tầng",
        "notes": "Quy hoạch chung xây dựng Thủ đô đến năm 2030 và tầm nhìn đến năm 2050."
      },
      "geometry": {
        "type": "Polygon",
        "coordinates": [
          [
            [
              105.48805133259233,
              20.960326055078163
            ],
            [
              105.50658743052905,
              20.961633723541226
            ],
            [
              105.50979552636929,
              20.987770722062525
            ],
            [
              105.48914263881444,
              20.9847365207125
            ],
            [
              105.48805133259233,
              20.960326055078163
            ]
          ]
        ]
      }
    },
    {
      "type": "Feature",
      "id": "qhpk_91",
      "properties": {
        "name": "Cụm công nghiệp tập trung, kho vận CN-10-16",
        "district": "Huyện Ba Vì",
        "code": "CN",
        "land_use": "Đất công nghiệp phi nông nghiệp, sản xuất sạch, kho bãi tập trung.",
        "area_ha": 566.9,
        "density": "65%",
        "height_limit": "5-9 tầng",
        "notes": "Quy hoạch chung xây dựng Thủ đô đến năm 2030 và tầm nhìn đến năm 2050."
      },
      "geometry": {
        "type": "Polygon",
        "coordinates": [
          [
            [
              105.48349874622328,
              21.00930305706929
            ],
            [
              105.48914263881444,
              20.9847365207125
            ],
            [
              105.50979552636929,
              20.987770722062525
            ],
            [
              105.50169469999896,
              21.011811593546703
            ],
            [
              105.48349874622328,
              21.00930305706929
            ]
          ]
        ]
      }
    },
    {
      "type": "Feature",
      "id": "qhpk_92",
      "properties": {
        "name": "Công viên cây xanh, hồ điều hòa CX-10-17",
        "district": "Huyện Ba Vì",
        "code": "CX",
        "land_use": "Đất cây xanh công viên, mặt nước cảnh quan điều hòa khí hậu đô thị.",
        "area_ha": 495.1,
        "density": "45%",
        "height_limit": "5-9 tầng",
        "notes": "Quy hoạch chung xây dựng Thủ đô đến năm 2030 và tầm nhìn đến năm 2050."
      },
      "geometry": {
        "type": "Polygon",
        "coordinates": [
          [
            [
              105.48349874622328,
              21.00930305706929
            ],
            [
              105.50169469999896,
              21.011811593546703
            ],
            [
              105.50946952577358,
              21.031699259250953
            ],
            [
              105.48590466113032,
              21.031227247438913
            ],
            [
              105.48349874622328,
              21.00930305706929
            ]
          ]
        ]
      }
    },
    {
      "type": "Feature",
      "id": "qhpk_93",
      "properties": {
        "name": "Khu hành chính công sở, liên cơ quan HCTH-10-18",
        "district": "Huyện Ba Vì",
        "code": "HCTH",
        "land_use": "Đất hành chính công sở, cơ quan đầu não nhà nước địa phương.",
        "area_ha": 828.3,
        "density": "25%",
        "height_limit": "5-9 tầng",
        "notes": "Quy hoạch chung xây dựng Thủ đô đến năm 2030 và tầm nhìn đến năm 2050."
      },
      "geometry": {
        "type": "Polygon",
        "coordinates": [
          [
            [
              105.48261444157389,
              21.05897227671094
            ],
            [
              105.48590466113032,
              21.031227247438913
            ],
            [
              105.50946952577358,
              21.031699259250953
            ],
            [
              105.50450508727457,
              21.065794161254395
            ],
            [
              105.48261444157389,
              21.05897227671094
            ]
          ]
        ]
      }
    },
    {
      "type": "Feature",
      "id": "qhpk_94",
      "properties": {
        "name": "Tổ hợp dịch vụ, trung tâm thương mại TMDV-10-19",
        "district": "Huyện Ba Vì",
        "code": "TMDV",
        "land_use": "Đất thương mại dịch vụ cao tầng, văn phòng, siêu thị, khách sạn.",
        "area_ha": 614.6,
        "density": "45%",
        "height_limit": "5-9 tầng",
        "notes": "Quy hoạch chung xây dựng Thủ đô đến năm 2030 và tầm nhìn đến năm 2050."
      },
      "geometry": {
        "type": "Polygon",
        "coordinates": [
          [
            [
              105.48261444157389,
              21.05897227671094
            ],
            [
              105.50450508727457,
              21.065794161254395
            ],
            [
              105.5082258477159,
              21.090631423789702
            ],
            [
              105.48353778168051,
              21.08147193849047
            ],
            [
              105.48261444157389,
              21.05897227671094
            ]
          ]
        ]
      }
    },
    {
      "type": "Feature",
      "id": "qhpk_95",
      "properties": {
        "name": "Khu dân cư hiện trạng chỉnh trang ODT-10-20",
        "district": "Huyện Ba Vì",
        "code": "ODT",
        "land_use": "Đất ở tại đô thị, phục vụ cải tạo chỉnh trang và xây mới nhà ở.",
        "area_ha": 708.5,
        "density": "55%",
        "height_limit": "3-7 tầng",
        "notes": "Quy hoạch chung xây dựng Thủ đô đến năm 2030 và tầm nhìn đến năm 2050."
      },
      "geometry": {
        "type": "Polygon",
        "coordinates": [
          [
            [
              105.48353778168051,
              21.08147193849047
            ],
            [
              105.5082258477159,
              21.090631423789702
            ],
            [
              105.50612297143152,
              21.11618022249505
            ],
            [
              105.4867584645993,
              21.112029931566433
            ],
            [
              105.48353778168051,
              21.08147193849047
            ]
          ]
        ]
      }
    },
    {
      "type": "Feature",
      "id": "qhpk_96",
      "properties": {
        "name": "Công viên cây xanh, hồ điều hòa CX-10-21",
        "district": "Huyện Ba Vì",
        "code": "CX",
        "land_use": "Đất cây xanh công viên, mặt nước cảnh quan điều hòa khí hậu đô thị.",
        "area_ha": 375.2,
        "density": "45%",
        "height_limit": "5-9 tầng",
        "notes": "Quy hoạch chung xây dựng Thủ đô đến năm 2030 và tầm nhìn đến năm 2050."
      },
      "geometry": {
        "type": "Polygon",
        "coordinates": [
          [
            [
              105.4867584645993,
              21.112029931566433
            ],
            [
              105.50612297143152,
              21.11618022249505
            ],
            [
              105.50174862245392,
              21.13628760866925
            ],
            [
              105.48941624948431,
              21.132552578581993
            ],
            [
              105.4867584645993,
              21.112029931566433
            ]
          ]
        ]
      }
    },
    {
      "type": "Feature",
      "id": "qhpk_97",
      "properties": {
        "name": "Khu đô thị hỗn hợp cao tầng HHT-10-22",
        "district": "Huyện Ba Vì",
        "code": "HHT",
        "land_use": "Đất hỗn hợp đa chức năng kết hợp nhà ở và trung tâm thương mại.",
        "area_ha": 412.7,
        "density": "45%",
        "height_limit": "18-35 tầng",
        "notes": "Quy hoạch chung xây dựng Thủ đô đến năm 2030 và tầm nhìn đến năm 2050."
      },
      "geometry": {
        "type": "Polygon",
        "coordinates": [
          [
            [
              105.48941624948431,
              21.132552578581993
            ],
            [
              105.50174862245392,
              21.13628760866925
            ],
            [
              105.50640533210294,
              21.157997531674486
            ],
            [
              105.495622,
              21.159405
            ],
            [
              105.48991662691125,
              21.161653419826532
            ],
            [
              105.48941624948431,
              21.132552578581993
            ]
          ]
        ]
      }
    },
    {
      "type": "Feature",
      "id": "qhpk_98",
      "properties": {
        "name": "Cụm công nghiệp tập trung, kho vận CN-11-14",
        "district": "Quận Nam Từ Liêm",
        "code": "CN",
        "land_use": "Đất công nghiệp phi nông nghiệp, sản xuất sạch, kho bãi tập trung.",
        "area_ha": 754.7,
        "density": "65%",
        "height_limit": "5-9 tầng",
        "notes": "Quy hoạch chung xây dựng Thủ đô đến năm 2030 và tầm nhìn đến năm 2050."
      },
      "geometry": {
        "type": "Polygon",
        "coordinates": [
          [
            [
              105.50169280177758,
              20.933640486352836
            ],
            [
              105.52220130504716,
              20.9318081617912
            ],
            [
              105.52966190630958,
              20.96392875319783
            ],
            [
              105.50658743052905,
              20.961633723541226
            ],
            [
              105.50169280177758,
              20.933640486352836
            ]
          ]
        ]
      }
    },
    {
      "type": "Feature",
      "id": "qhpk_99",
      "properties": {
        "name": "Khu dân cư hiện trạng chỉnh trang ODT-11-15",
        "district": "Huyện Thạch Thất",
        "code": "ODT",
        "land_use": "Đất ở tại đô thị, phục vụ cải tạo chỉnh trang và xây mới nhà ở.",
        "area_ha": 586.7,
        "density": "55%",
        "height_limit": "3-7 tầng",
        "notes": "Quy hoạch chung xây dựng Thủ đô đến năm 2030 và tầm nhìn đến năm 2050."
      },
      "geometry": {
        "type": "Polygon",
        "coordinates": [
          [
            [
              105.50658743052905,
              20.961633723541226
            ],
            [
              105.52966190630958,
              20.96392875319783
            ],
            [
              105.52525032429956,
              20.990392626672488
            ],
            [
              105.50979552636929,
              20.987770722062525
            ],
            [
              105.50658743052905,
              20.961633723541226
            ]
          ]
        ]
      }
    },
    {
      "type": "Feature",
      "id": "qhpk_100",
      "properties": {
        "name": "Khu dân cư hiện trạng chỉnh trang ODT-11-16",
        "district": "Huyện Thạch Thất",
        "code": "ODT",
        "land_use": "Đất ở tại đô thị, phục vụ cải tạo chỉnh trang và xây mới nhà ở.",
        "area_ha": 586.8,
        "density": "55%",
        "height_limit": "3-7 tầng",
        "notes": "Quy hoạch chung xây dựng Thủ đô đến năm 2030 và tầm nhìn đến năm 2050."
      },
      "geometry": {
        "type": "Polygon",
        "coordinates": [
          [
            [
              105.50169469999896,
              21.011811593546703
            ],
            [
              105.50979552636929,
              20.987770722062525
            ],
            [
              105.52525032429956,
              20.990392626672488
            ],
            [
              105.5288044384781,
              21.013651579024906
            ],
            [
              105.50169469999896,
              21.011811593546703
            ]
          ]
        ]
      }
    },
    {
      "type": "Feature",
      "id": "qhpk_101",
      "properties": {
        "name": "Công viên cây xanh, hồ điều hòa CX-11-17",
        "district": "Huyện Thạch Thất",
        "code": "CX",
        "land_use": "Đất cây xanh công viên, mặt nước cảnh quan điều hòa khí hậu đô thị.",
        "area_ha": 434.1,
        "density": "45%",
        "height_limit": "5-9 tầng",
        "notes": "Quy hoạch chung xây dựng Thủ đô đến năm 2030 và tầm nhìn đến năm 2050."
      },
      "geometry": {
        "type": "Polygon",
        "coordinates": [
          [
            [
              105.50169469999896,
              21.011811593546703
            ],
            [
              105.5288044384781,
              21.013651579024906
            ],
            [
              105.5227207330653,
              21.03109472054234
            ],
            [
              105.50946952577358,
              21.031699259250953
            ],
            [
              105.50169469999896,
              21.011811593546703
            ]
          ]
        ]
      }
    },
    {
      "type": "Feature",
      "id": "qhpk_102",
      "properties": {
        "name": "Khu dân cư hiện trạng chỉnh trang ODT-11-18",
        "district": "Huyện Thạch Thất",
        "code": "ODT",
        "land_use": "Đất ở tại đô thị, phục vụ cải tạo chỉnh trang và xây mới nhà ở.",
        "area_ha": 682.3,
        "density": "55%",
        "height_limit": "3-7 tầng",
        "notes": "Quy hoạch chung xây dựng Thủ đô đến năm 2030 và tầm nhìn đến năm 2050."
      },
      "geometry": {
        "type": "Polygon",
        "coordinates": [
          [
            [
              105.50450508727457,
              21.065794161254395
            ],
            [
              105.50946952577358,
              21.031699259250953
            ],
            [
              105.5227207330653,
              21.03109472054234
            ],
            [
              105.52793376380762,
              21.06144252136636
            ],
            [
              105.50450508727457,
              21.065794161254395
            ]
          ]
        ]
      }
    },
    {
      "type": "Feature",
      "id": "qhpk_103",
      "properties": {
        "name": "Công viên cây xanh, hồ điều hòa CX-11-19",
        "district": "Huyện Thạch Thất",
        "code": "CX",
        "land_use": "Đất cây xanh công viên, mặt nước cảnh quan điều hòa khí hậu đô thị.",
        "area_ha": 608.4,
        "density": "45%",
        "height_limit": "5-9 tầng",
        "notes": "Quy hoạch chung xây dựng Thủ đô đến năm 2030 và tầm nhìn đến năm 2050."
      },
      "geometry": {
        "type": "Polygon",
        "coordinates": [
          [
            [
              105.50450508727457,
              21.065794161254395
            ],
            [
              105.52793376380762,
              21.06144252136636
            ],
            [
              105.52627097373644,
              21.087071888391034
            ],
            [
              105.5082258477159,
              21.090631423789702
            ],
            [
              105.50450508727457,
              21.065794161254395
            ]
          ]
        ]
      }
    },
    {
      "type": "Feature",
      "id": "qhpk_104",
      "properties": {
        "name": "Tổ hợp dịch vụ, trung tâm thương mại TMDV-11-20",
        "district": "Huyện Thạch Thất",
        "code": "TMDV",
        "land_use": "Đất thương mại dịch vụ cao tầng, văn phòng, siêu thị, khách sạn.",
        "area_ha": 501.4,
        "density": "45%",
        "height_limit": "5-9 tầng",
        "notes": "Quy hoạch chung xây dựng Thủ đô đến năm 2030 và tầm nhìn đến năm 2050."
      },
      "geometry": {
        "type": "Polygon",
        "coordinates": [
          [
            [
              105.50612297143152,
              21.11618022249505
            ],
            [
              105.5082258477159,
              21.090631423789702
            ],
            [
              105.52627097373644,
              21.087071888391034
            ],
            [
              105.52227705028632,
              21.113482842517566
            ],
            [
              105.50612297143152,
              21.11618022249505
            ]
          ]
        ]
      }
    },
    {
      "type": "Feature",
      "id": "qhpk_105",
      "properties": {
        "name": "Cụm công nghiệp tập trung, kho vận CN-11-21",
        "district": "Huyện Thạch Thất",
        "code": "CN",
        "land_use": "Đất công nghiệp phi nông nghiệp, sản xuất sạch, kho bãi tập trung.",
        "area_ha": 563.2,
        "density": "65%",
        "height_limit": "5-9 tầng",
        "notes": "Quy hoạch chung xây dựng Thủ đô đến năm 2030 và tầm nhìn đến năm 2050."
      },
      "geometry": {
        "type": "Polygon",
        "coordinates": [
          [
            [
              105.50174862245392,
              21.13628760866925
            ],
            [
              105.50612297143152,
              21.11618022249505
            ],
            [
              105.52227705028632,
              21.113482842517566
            ],
            [
              105.53002656000002,
              21.13720151972192
            ],
            [
              105.50174862245392,
              21.13628760866925
            ]
          ]
        ]
      }
    },
    {
      "type": "Feature",
      "id": "qhpk_106",
      "properties": {
        "name": "Cụm công nghiệp tập trung, kho vận CN-11-22",
        "district": "Huyện Thạch Thất",
        "code": "CN",
        "land_use": "Đất công nghiệp phi nông nghiệp, sản xuất sạch, kho bãi tập trung.",
        "area_ha": 546.4,
        "density": "65%",
        "height_limit": "5-9 tầng",
        "notes": "Quy hoạch chung xây dựng Thủ đô đến năm 2030 và tầm nhìn đến năm 2050."
      },
      "geometry": {
        "type": "Polygon",
        "coordinates": [
          [
            [
              105.50174862245392,
              21.13628760866925
            ],
            [
              105.53002656000002,
              21.13720151972192
            ],
            [
              105.52548844003684,
              21.15550675519529
            ],
            [
              105.50640533210294,
              21.157997531674486
            ],
            [
              105.50174862245392,
              21.13628760866925
            ]
          ]
        ]
      }
    },
    {
      "type": "Feature",
      "id": "qhpk_107",
      "properties": {
        "name": "Tổ hợp dịch vụ, trung tâm thương mại TMDV-12-14",
        "district": "Quận Cầu Giấy",
        "code": "TMDV",
        "land_use": "Đất thương mại dịch vụ cao tầng, văn phòng, siêu thị, khách sạn.",
        "area_ha": 664.6,
        "density": "45%",
        "height_limit": "5-9 tầng",
        "notes": "Quy hoạch chung xây dựng Thủ đô đến năm 2030 và tầm nhìn đến năm 2050."
      },
      "geometry": {
        "type": "Polygon",
        "coordinates": [
          [
            [
              105.52220130504716,
              20.9318081617912
            ],
            [
              105.54619109865561,
              20.93368609798308
            ],
            [
              105.5468504377671,
              20.95634847763876
            ],
            [
              105.52966190630958,
              20.96392875319783
            ],
            [
              105.52220130504716,
              20.9318081617912
            ]
          ]
        ]
      }
    },
    {
      "type": "Feature",
      "id": "qhpk_108",
      "properties": {
        "name": "Khu đô thị hỗn hợp cao tầng HHT-12-15",
        "district": "Huyện Thạch Thất",
        "code": "HHT",
        "land_use": "Đất hỗn hợp đa chức năng kết hợp nhà ở và trung tâm thương mại.",
        "area_ha": 610,
        "density": "45%",
        "height_limit": "18-35 tầng",
        "notes": "Quy hoạch chung xây dựng Thủ đô đến năm 2030 và tầm nhìn đến năm 2050."
      },
      "geometry": {
        "type": "Polygon",
        "coordinates": [
          [
            [
              105.52525032429956,
              20.990392626672488
            ],
            [
              105.52966190630958,
              20.96392875319783
            ],
            [
              105.5468504377671,
              20.95634847763876
            ],
            [
              105.54638532347845,
              20.986496976477937
            ],
            [
              105.52525032429956,
              20.990392626672488
            ]
          ]
        ]
      }
    },
    {
      "type": "Feature",
      "id": "qhpk_109",
      "properties": {
        "name": "Khu dân cư hiện trạng chỉnh trang ODT-12-16",
        "district": "Huyện Thạch Thất",
        "code": "ODT",
        "land_use": "Đất ở tại đô thị, phục vụ cải tạo chỉnh trang và xây mới nhà ở.",
        "area_ha": 457.6,
        "density": "55%",
        "height_limit": "3-7 tầng",
        "notes": "Quy hoạch chung xây dựng Thủ đô đến năm 2030 và tầm nhìn đến năm 2050."
      },
      "geometry": {
        "type": "Polygon",
        "coordinates": [
          [
            [
              105.52525032429956,
              20.990392626672488
            ],
            [
              105.54638532347845,
              20.986496976477937
            ],
            [
              105.54295612306245,
              21.008146020972855
            ],
            [
              105.5288044384781,
              21.013651579024906
            ],
            [
              105.52525032429956,
              20.990392626672488
            ]
          ]
        ]
      }
    },
    {
      "type": "Feature",
      "id": "qhpk_110",
      "properties": {
        "name": "Khu dân cư hiện trạng chỉnh trang ODT-12-17",
        "district": "Huyện Thạch Thất",
        "code": "ODT",
        "land_use": "Đất ở tại đô thị, phục vụ cải tạo chỉnh trang và xây mới nhà ở.",
        "area_ha": 583.4,
        "density": "55%",
        "height_limit": "3-7 tầng",
        "notes": "Quy hoạch chung xây dựng Thủ đô đến năm 2030 và tầm nhìn đến năm 2050."
      },
      "geometry": {
        "type": "Polygon",
        "coordinates": [
          [
            [
              105.5227207330653,
              21.03109472054234
            ],
            [
              105.5288044384781,
              21.013651579024906
            ],
            [
              105.54295612306245,
              21.008146020972855
            ],
            [
              105.5487143425679,
              21.04103479233924
            ],
            [
              105.5227207330653,
              21.03109472054234
            ]
          ]
        ]
      }
    },
    {
      "type": "Feature",
      "id": "qhpk_111",
      "properties": {
        "name": "Khu dân cư hiện trạng chỉnh trang ODT-12-18",
        "district": "Huyện Thạch Thất",
        "code": "ODT",
        "land_use": "Đất ở tại đô thị, phục vụ cải tạo chỉnh trang và xây mới nhà ở.",
        "area_ha": 700.7,
        "density": "55%",
        "height_limit": "3-7 tầng",
        "notes": "Quy hoạch chung xây dựng Thủ đô đến năm 2030 và tầm nhìn đến năm 2050."
      },
      "geometry": {
        "type": "Polygon",
        "coordinates": [
          [
            [
              105.5227207330653,
              21.03109472054234
            ],
            [
              105.5487143425679,
              21.04103479233924
            ],
            [
              105.54721139846143,
              21.065483955933654
            ],
            [
              105.52793376380762,
              21.06144252136636
            ],
            [
              105.5227207330653,
              21.03109472054234
            ]
          ]
        ]
      }
    },
    {
      "type": "Feature",
      "id": "qhpk_112",
      "properties": {
        "name": "Khu dân cư hiện trạng chỉnh trang ODT-12-19",
        "district": "Huyện Thạch Thất",
        "code": "ODT",
        "land_use": "Đất ở tại đô thị, phục vụ cải tạo chỉnh trang và xây mới nhà ở.",
        "area_ha": 605.6,
        "density": "55%",
        "height_limit": "3-7 tầng",
        "notes": "Quy hoạch chung xây dựng Thủ đô đến năm 2030 và tầm nhìn đến năm 2050."
      },
      "geometry": {
        "type": "Polygon",
        "coordinates": [
          [
            [
              105.52627097373644,
              21.087071888391034
            ],
            [
              105.52793376380762,
              21.06144252136636
            ],
            [
              105.54721139846143,
              21.065483955933654
            ],
            [
              105.54698722538194,
              21.091935624621954
            ],
            [
              105.52627097373644,
              21.087071888391034
            ]
          ]
        ]
      }
    },
    {
      "type": "Feature",
      "id": "qhpk_113",
      "properties": {
        "name": "Khu dân cư hiện trạng chỉnh trang ODT-12-20",
        "district": "Huyện Thạch Thất",
        "code": "ODT",
        "land_use": "Đất ở tại đô thị, phục vụ cải tạo chỉnh trang và xây mới nhà ở.",
        "area_ha": 677.3,
        "density": "55%",
        "height_limit": "3-7 tầng",
        "notes": "Quy hoạch chung xây dựng Thủ đô đến năm 2030 và tầm nhìn đến năm 2050."
      },
      "geometry": {
        "type": "Polygon",
        "coordinates": [
          [
            [
              105.52227705028632,
              21.113482842517566
            ],
            [
              105.52627097373644,
              21.087071888391034
            ],
            [
              105.54698722538194,
              21.091935624621954
            ],
            [
              105.5509681856775,
              21.113062595142345
            ],
            [
              105.52227705028632,
              21.113482842517566
            ]
          ]
        ]
      }
    },
    {
      "type": "Feature",
      "id": "qhpk_114",
      "properties": {
        "name": "Tổ hợp dịch vụ, trung tâm thương mại TMDV-12-21",
        "district": "Huyện Thạch Thất",
        "code": "TMDV",
        "land_use": "Đất thương mại dịch vụ cao tầng, văn phòng, siêu thị, khách sạn.",
        "area_ha": 692.6,
        "density": "45%",
        "height_limit": "5-9 tầng",
        "notes": "Quy hoạch chung xây dựng Thủ đô đến năm 2030 và tầm nhìn đến năm 2050."
      },
      "geometry": {
        "type": "Polygon",
        "coordinates": [
          [
            [
              105.52227705028632,
              21.113482842517566
            ],
            [
              105.5509681856775,
              21.113062595142345
            ],
            [
              105.5485393859497,
              21.140559493980152
            ],
            [
              105.53002656000002,
              21.13720151972192
            ],
            [
              105.52227705028632,
              21.113482842517566
            ]
          ]
        ]
      }
    },
    {
      "type": "Feature",
      "id": "qhpk_115",
      "properties": {
        "name": "Khu đô thị hỗn hợp cao tầng HHT-12-22",
        "district": "Huyện Thạch Thất",
        "code": "HHT",
        "land_use": "Đất hỗn hợp đa chức năng kết hợp nhà ở và trung tâm thương mại.",
        "area_ha": 392.8,
        "density": "45%",
        "height_limit": "18-35 tầng",
        "notes": "Quy hoạch chung xây dựng Thủ đô đến năm 2030 và tầm nhìn đến năm 2050."
      },
      "geometry": {
        "type": "Polygon",
        "coordinates": [
          [
            [
              105.52548844003684,
              21.15550675519529
            ],
            [
              105.53002656000002,
              21.13720151972192
            ],
            [
              105.5485393859497,
              21.140559493980152
            ],
            [
              105.54488679950082,
              21.15769289304522
            ],
            [
              105.528306,
              21.155139
            ],
            [
              105.52548844003684,
              21.15550675519529
            ]
          ]
        ]
      }
    },
    {
      "type": "Feature",
      "id": "qhpk_116",
      "properties": {
        "name": "Khu dân cư hiện trạng chỉnh trang ODT-13-14",
        "district": "Quận Long Biên",
        "code": "ODT",
        "land_use": "Đất ở tại đô thị, phục vụ cải tạo chỉnh trang và xây mới nhà ở.",
        "area_ha": 578.3,
        "density": "55%",
        "height_limit": "3-7 tầng",
        "notes": "Quy hoạch chung xây dựng Thủ đô đến năm 2030 và tầm nhìn đến năm 2050."
      },
      "geometry": {
        "type": "Polygon",
        "coordinates": [
          [
            [
              105.54619109865561,
              20.93368609798308
            ],
            [
              105.5657663408977,
              20.93767954755025
            ],
            [
              105.56950540453698,
              20.963625665369367
            ],
            [
              105.5468504377671,
              20.95634847763876
            ],
            [
              105.54619109865561,
              20.93368609798308
            ]
          ]
        ]
      }
    },
    {
      "type": "Feature",
      "id": "qhpk_117",
      "properties": {
        "name": "Khu hành chính công sở, liên cơ quan HCTH-13-15",
        "district": "Huyện Thạch Thất",
        "code": "HCTH",
        "land_use": "Đất hành chính công sở, cơ quan đầu não nhà nước địa phương.",
        "area_ha": 686.9,
        "density": "25%",
        "height_limit": "5-9 tầng",
        "notes": "Quy hoạch chung xây dựng Thủ đô đến năm 2030 và tầm nhìn đến năm 2050."
      },
      "geometry": {
        "type": "Polygon",
        "coordinates": [
          [
            [
              105.54638532347845,
              20.986496976477937
            ],
            [
              105.5468504377671,
              20.95634847763876
            ],
            [
              105.56950540453698,
              20.963625665369367
            ],
            [
              105.56580424700813,
              20.98906857307696
            ],
            [
              105.54638532347845,
              20.986496976477937
            ]
          ]
        ]
      }
    },
    {
      "type": "Feature",
      "id": "qhpk_118",
      "properties": {
        "name": "Khu hành chính công sở, liên cơ quan HCTH-13-16",
        "district": "Huyện Thạch Thất",
        "code": "HCTH",
        "land_use": "Đất hành chính công sở, cơ quan đầu não nhà nước địa phương.",
        "area_ha": 605,
        "density": "25%",
        "height_limit": "5-9 tầng",
        "notes": "Quy hoạch chung xây dựng Thủ đô đến năm 2030 và tầm nhìn đến năm 2050."
      },
      "geometry": {
        "type": "Polygon",
        "coordinates": [
          [
            [
              105.54295612306245,
              21.008146020972855
            ],
            [
              105.54638532347845,
              20.986496976477937
            ],
            [
              105.56580424700813,
              20.98906857307696
            ],
            [
              105.56832999860636,
              21.01405516731351
            ],
            [
              105.54295612306245,
              21.008146020972855
            ]
          ]
        ]
      }
    },
    {
      "type": "Feature",
      "id": "qhpk_119",
      "properties": {
        "name": "Khu hành chính công sở, liên cơ quan HCTH-13-17",
        "district": "Huyện Thạch Thất",
        "code": "HCTH",
        "land_use": "Đất hành chính công sở, cơ quan đầu não nhà nước địa phương.",
        "area_ha": 660.6,
        "density": "25%",
        "height_limit": "5-9 tầng",
        "notes": "Quy hoạch chung xây dựng Thủ đô đến năm 2030 và tầm nhìn đến năm 2050."
      },
      "geometry": {
        "type": "Polygon",
        "coordinates": [
          [
            [
              105.54295612306245,
              21.008146020972855
            ],
            [
              105.56832999860636,
              21.01405516731351
            ],
            [
              105.56932092492325,
              21.03024141397412
            ],
            [
              105.5487143425679,
              21.04103479233924
            ],
            [
              105.54295612306245,
              21.008146020972855
            ]
          ]
        ]
      }
    },
    {
      "type": "Feature",
      "id": "qhpk_120",
      "properties": {
        "name": "Khu đô thị hỗn hợp cao tầng HHT-13-18",
        "district": "Huyện Thạch Thất",
        "code": "HHT",
        "land_use": "Đất hỗn hợp đa chức năng kết hợp nhà ở và trung tâm thương mại.",
        "area_ha": 587.2,
        "density": "45%",
        "height_limit": "18-35 tầng",
        "notes": "Quy hoạch chung xây dựng Thủ đô đến năm 2030 và tầm nhìn đến năm 2050."
      },
      "geometry": {
        "type": "Polygon",
        "coordinates": [
          [
            [
              105.54721139846143,
              21.065483955933654
            ],
            [
              105.5487143425679,
              21.04103479233924
            ],
            [
              105.56932092492325,
              21.03024141397412
            ],
            [
              105.56742673204393,
              21.057236452526528
            ],
            [
              105.54721139846143,
              21.065483955933654
            ]
          ]
        ]
      }
    },
    {
      "type": "Feature",
      "id": "qhpk_121",
      "properties": {
        "name": "Khu dân cư hiện trạng chỉnh trang ODT-13-19",
        "district": "Huyện Thạch Thất",
        "code": "ODT",
        "land_use": "Đất ở tại đô thị, phục vụ cải tạo chỉnh trang và xây mới nhà ở.",
        "area_ha": 614.7,
        "density": "55%",
        "height_limit": "3-7 tầng",
        "notes": "Quy hoạch chung xây dựng Thủ đô đến năm 2030 và tầm nhìn đến năm 2050."
      },
      "geometry": {
        "type": "Polygon",
        "coordinates": [
          [
            [
              105.54698722538194,
              21.091935624621954
            ],
            [
              105.54721139846143,
              21.065483955933654
            ],
            [
              105.56742673204393,
              21.057236452526528
            ],
            [
              105.56869820269549,
              21.081143350192512
            ],
            [
              105.54698722538194,
              21.091935624621954
            ]
          ]
        ]
      }
    },
    {
      "type": "Feature",
      "id": "qhpk_122",
      "properties": {
        "name": "Công viên cây xanh, hồ điều hòa CX-13-20",
        "district": "Huyện Thạch Thất",
        "code": "CX",
        "land_use": "Đất cây xanh công viên, mặt nước cảnh quan điều hòa khí hậu đô thị.",
        "area_ha": 553.2,
        "density": "45%",
        "height_limit": "5-9 tầng",
        "notes": "Quy hoạch chung xây dựng Thủ đô đến năm 2030 và tầm nhìn đến năm 2050."
      },
      "geometry": {
        "type": "Polygon",
        "coordinates": [
          [
            [
              105.54698722538194,
              21.091935624621954
            ],
            [
              105.56869820269549,
              21.081143350192512
            ],
            [
              105.56540054864267,
              21.11287836358369
            ],
            [
              105.5509681856775,
              21.113062595142345
            ],
            [
              105.54698722538194,
              21.091935624621954
            ]
          ]
        ]
      }
    },
    {
      "type": "Feature",
      "id": "qhpk_123",
      "properties": {
        "name": "Tổ hợp dịch vụ, trung tâm thương mại TMDV-13-21",
        "district": "Huyện Thạch Thất",
        "code": "TMDV",
        "land_use": "Đất thương mại dịch vụ cao tầng, văn phòng, siêu thị, khách sạn.",
        "area_ha": 455,
        "density": "45%",
        "height_limit": "5-9 tầng",
        "notes": "Quy hoạch chung xây dựng Thủ đô đến năm 2030 và tầm nhìn đến năm 2050."
      },
      "geometry": {
        "type": "Polygon",
        "coordinates": [
          [
            [
              105.5485393859497,
              21.140559493980152
            ],
            [
              105.5509681856775,
              21.113062595142345
            ],
            [
              105.56540054864267,
              21.11287836358369
            ],
            [
              105.56751806310614,
              21.13269109102718
            ],
            [
              105.5485393859497,
              21.140559493980152
            ]
          ]
        ]
      }
    },
    {
      "type": "Feature",
      "id": "qhpk_124",
      "properties": {
        "name": "Khu hành chính công sở, liên cơ quan HCTH-13-22",
        "district": "Huyện Thạch Thất",
        "code": "HCTH",
        "land_use": "Đất hành chính công sở, cơ quan đầu não nhà nước địa phương.",
        "area_ha": 524.8,
        "density": "25%",
        "height_limit": "5-9 tầng",
        "notes": "Quy hoạch chung xây dựng Thủ đô đến năm 2030 và tầm nhìn đến năm 2050."
      },
      "geometry": {
        "type": "Polygon",
        "coordinates": [
          [
            [
              105.54488679950082,
              21.15769289304522
            ],
            [
              105.5485393859497,
              21.140559493980152
            ],
            [
              105.56751806310614,
              21.13269109102718
            ],
            [
              105.56692210838047,
              21.160070260908093
            ],
            [
              105.553808,
              21.159067
            ],
            [
              105.54488679950082,
              21.15769289304522
            ]
          ]
        ]
      }
    },
    {
      "type": "Feature",
      "id": "qhpk_125",
      "properties": {
        "name": "Tổ hợp dịch vụ, trung tâm thương mại TMDV-14-9",
        "district": "Quận Hoàn Kiếm",
        "code": "TMDV",
        "land_use": "Đất thương mại dịch vụ cao tầng, văn phòng, siêu thị, khách sạn.",
        "area_ha": 406.3,
        "density": "45%",
        "height_limit": "5-9 tầng",
        "notes": "Quy hoạch chung xây dựng Thủ đô đến năm 2030 và tầm nhìn đến năm 2050."
      },
      "geometry": {
        "type": "Polygon",
        "coordinates": [
          [
            [
              105.56486392989665,
              20.822105710334622
            ],
            [
              105.5648919821563,
              20.809193882840123
            ],
            [
              105.5674625716686,
              20.808491525269915
            ],
            [
              105.571369,
              20.808687
            ],
            [
              105.575212,
              20.807943
            ],
            [
              105.582803,
              20.81186
            ],
            [
              105.583594,
              20.817147
            ],
            [
              105.584625,
              20.818821
            ],
            [
              105.5864402209156,
              20.819652101146485
            ],
            [
              105.58693955109753,
              20.8252640230939
            ],
            [
              105.586619,
              20.826169
            ],
            [
              105.58719863183853,
              20.828175805616212
            ],
            [
              105.58776635589986,
              20.834556399530193
            ],
            [
              105.58086797692178,
              20.834626155667028
            ],
            [
              105.57908,
              20.827873
            ],
            [
              105.579566,
              20.826916
            ],
            [
              105.575343,
              20.822525
            ],
            [
              105.566166,
              20.821662
            ],
            [
              105.56486392989665,
              20.822105710334622
            ]
          ]
        ]
      }
    },
    {
      "type": "Feature",
      "id": "qhpk_126",
      "properties": {
        "name": "Công viên cây xanh, hồ điều hòa CX-14-11",
        "district": "Quận Nam Từ Liêm",
        "code": "CX",
        "land_use": "Đất cây xanh công viên, mặt nước cảnh quan điều hòa khí hậu đô thị.",
        "area_ha": 444.7,
        "density": "45%",
        "height_limit": "5-9 tầng",
        "notes": "Quy hoạch chung xây dựng Thủ đô đến năm 2030 và tầm nhìn đến năm 2050."
      },
      "geometry": {
        "type": "Polygon",
        "coordinates": [
          [
            [
              105.57165807207326,
              20.868983290676685
            ],
            [
              105.573172,
              20.868934
            ],
            [
              105.575612,
              20.865896
            ],
            [
              105.575468,
              20.864009
            ],
            [
              105.579399,
              20.861457
            ],
            [
              105.580238,
              20.862435
            ],
            [
              105.58204,
              20.859745
            ],
            [
              105.5851678637557,
              20.85756949796298
            ],
            [
              105.5897120628585,
              20.857391757314332
            ],
            [
              105.59280838481807,
              20.881987915738012
            ],
            [
              105.57234888220744,
              20.88047321212972
            ],
            [
              105.57165807207326,
              20.868983290676685
            ]
          ]
        ]
      }
    },
    {
      "type": "Feature",
      "id": "qhpk_127",
      "properties": {
        "name": "Khu đô thị hỗn hợp cao tầng HHT-14-12",
        "district": "Quận Ba Đình",
        "code": "HHT",
        "land_use": "Đất hỗn hợp đa chức năng kết hợp nhà ở và trung tâm thương mại.",
        "area_ha": 615.8,
        "density": "45%",
        "height_limit": "18-35 tầng",
        "notes": "Quy hoạch chung xây dựng Thủ đô đến năm 2030 và tầm nhìn đến năm 2050."
      },
      "geometry": {
        "type": "Polygon",
        "coordinates": [
          [
            [
              105.56533531075506,
              20.90766452082197
            ],
            [
              105.57234888220744,
              20.88047321212972
            ],
            [
              105.59280838481807,
              20.881987915738012
            ],
            [
              105.58843355660156,
              20.904251144546613
            ],
            [
              105.56533531075506,
              20.90766452082197
            ]
          ]
        ]
      }
    },
    {
      "type": "Feature",
      "id": "qhpk_128",
      "properties": {
        "name": "Công viên cây xanh, hồ điều hòa CX-14-14",
        "district": "Huyện Thạch Thất",
        "code": "CX",
        "land_use": "Đất cây xanh công viên, mặt nước cảnh quan điều hòa khí hậu đô thị.",
        "area_ha": 606.5,
        "density": "45%",
        "height_limit": "5-9 tầng",
        "notes": "Quy hoạch chung xây dựng Thủ đô đến năm 2030 và tầm nhìn đến năm 2050."
      },
      "geometry": {
        "type": "Polygon",
        "coordinates": [
          [
            [
              105.5657663408977,
              20.93767954755025
            ],
            [
              105.58498287252921,
              20.93674353312426
            ],
            [
              105.59052916493539,
              20.962538348311575
            ],
            [
              105.56950540453698,
              20.963625665369367
            ],
            [
              105.5657663408977,
              20.93767954755025
            ]
          ]
        ]
      }
    },
    {
      "type": "Feature",
      "id": "qhpk_129",
      "properties": {
        "name": "Tổ hợp dịch vụ, trung tâm thương mại TMDV-14-15",
        "district": "Huyện Thạch Thất",
        "code": "TMDV",
        "land_use": "Đất thương mại dịch vụ cao tầng, văn phòng, siêu thị, khách sạn.",
        "area_ha": 548.8,
        "density": "45%",
        "height_limit": "5-9 tầng",
        "notes": "Quy hoạch chung xây dựng Thủ đô đến năm 2030 và tầm nhìn đến năm 2050."
      },
      "geometry": {
        "type": "Polygon",
        "coordinates": [
          [
            [
              105.56580424700813,
              20.98906857307696
            ],
            [
              105.56950540453698,
              20.963625665369367
            ],
            [
              105.59052916493539,
              20.962538348311575
            ],
            [
              105.58674665115944,
              20.983574136154253
            ],
            [
              105.56580424700813,
              20.98906857307696
            ]
          ]
        ]
      }
    },
    {
      "type": "Feature",
      "id": "qhpk_130",
      "properties": {
        "name": "Khu dân cư hiện trạng chỉnh trang ODT-14-16",
        "district": "Huyện Thạch Thất",
        "code": "ODT",
        "land_use": "Đất ở tại đô thị, phục vụ cải tạo chỉnh trang và xây mới nhà ở.",
        "area_ha": 614.7,
        "density": "55%",
        "height_limit": "3-7 tầng",
        "notes": "Quy hoạch chung xây dựng Thủ đô đến năm 2030 và tầm nhìn đến năm 2050."
      },
      "geometry": {
        "type": "Polygon",
        "coordinates": [
          [
            [
              105.56580424700813,
              20.98906857307696
            ],
            [
              105.58674665115944,
              20.983574136154253
            ],
            [
              105.58676526032284,
              21.01220530003684
            ],
            [
              105.56832999860636,
              21.01405516731351
            ],
            [
              105.56580424700813,
              20.98906857307696
            ]
          ]
        ]
      }
    },
    {
      "type": "Feature",
      "id": "qhpk_131",
      "properties": {
        "name": "Khu đô thị hỗn hợp cao tầng HHT-14-17",
        "district": "Huyện Thạch Thất",
        "code": "HHT",
        "land_use": "Đất hỗn hợp đa chức năng kết hợp nhà ở và trung tâm thương mại.",
        "area_ha": 366.2,
        "density": "45%",
        "height_limit": "18-35 tầng",
        "notes": "Quy hoạch chung xây dựng Thủ đô đến năm 2030 và tầm nhìn đến năm 2050."
      },
      "geometry": {
        "type": "Polygon",
        "coordinates": [
          [
            [
              105.56832999860636,
              21.01405516731351
            ],
            [
              105.58676526032284,
              21.01220530003684
            ],
            [
              105.58812709965694,
              21.02996778903086
            ],
            [
              105.56932092492325,
              21.03024141397412
            ],
            [
              105.56832999860636,
              21.01405516731351
            ]
          ]
        ]
      }
    },
    {
      "type": "Feature",
      "id": "qhpk_132",
      "properties": {
        "name": "Cụm công nghiệp tập trung, kho vận CN-14-18",
        "district": "Huyện Thạch Thất",
        "code": "CN",
        "land_use": "Đất công nghiệp phi nông nghiệp, sản xuất sạch, kho bãi tập trung.",
        "area_ha": 744,
        "density": "65%",
        "height_limit": "5-9 tầng",
        "notes": "Quy hoạch chung xây dựng Thủ đô đến năm 2030 và tầm nhìn đến năm 2050."
      },
      "geometry": {
        "type": "Polygon",
        "coordinates": [
          [
            [
              105.56742673204393,
              21.057236452526528
            ],
            [
              105.56932092492325,
              21.03024141397412
            ],
            [
              105.58812709965694,
              21.02996778903086
            ],
            [
              105.59161176704811,
              21.063169009119157
            ],
            [
              105.56742673204393,
              21.057236452526528
            ]
          ]
        ]
      }
    },
    {
      "type": "Feature",
      "id": "qhpk_133",
      "properties": {
        "name": "Khu dân cư hiện trạng chỉnh trang ODT-14-19",
        "district": "Huyện Thạch Thất",
        "code": "ODT",
        "land_use": "Đất ở tại đô thị, phục vụ cải tạo chỉnh trang và xây mới nhà ở.",
        "area_ha": 648,
        "density": "55%",
        "height_limit": "3-7 tầng",
        "notes": "Quy hoạch chung xây dựng Thủ đô đến năm 2030 và tầm nhìn đến năm 2050."
      },
      "geometry": {
        "type": "Polygon",
        "coordinates": [
          [
            [
              105.56742673204393,
              21.057236452526528
            ],
            [
              105.59161176704811,
              21.063169009119157
            ],
            [
              105.59211490044585,
              21.08689254305797
            ],
            [
              105.56869820269549,
              21.081143350192512
            ],
            [
              105.56742673204393,
              21.057236452526528
            ]
          ]
        ]
      }
    },
    {
      "type": "Feature",
      "id": "qhpk_134",
      "properties": {
        "name": "Khu dân cư hiện trạng chỉnh trang ODT-14-20",
        "district": "Huyện Thạch Thất",
        "code": "ODT",
        "land_use": "Đất ở tại đô thị, phục vụ cải tạo chỉnh trang và xây mới nhà ở.",
        "area_ha": 683.5,
        "density": "55%",
        "height_limit": "3-7 tầng",
        "notes": "Quy hoạch chung xây dựng Thủ đô đến năm 2030 và tầm nhìn đến năm 2050."
      },
      "geometry": {
        "type": "Polygon",
        "coordinates": [
          [
            [
              105.56540054864267,
              21.11287836358369
            ],
            [
              105.56869820269549,
              21.081143350192512
            ],
            [
              105.59211490044585,
              21.08689254305797
            ],
            [
              105.58715274950814,
              21.107553890723903
            ],
            [
              105.56540054864267,
              21.11287836358369
            ]
          ]
        ]
      }
    },
    {
      "type": "Feature",
      "id": "qhpk_135",
      "properties": {
        "name": "Tổ hợp dịch vụ, trung tâm thương mại TMDV-14-21",
        "district": "Huyện Thạch Thất",
        "code": "TMDV",
        "land_use": "Đất thương mại dịch vụ cao tầng, văn phòng, siêu thị, khách sạn.",
        "area_ha": 630.9,
        "density": "45%",
        "height_limit": "5-9 tầng",
        "notes": "Quy hoạch chung xây dựng Thủ đô đến năm 2030 và tầm nhìn đến năm 2050."
      },
      "geometry": {
        "type": "Polygon",
        "coordinates": [
          [
            [
              105.56540054864267,
              21.11287836358369
            ],
            [
              105.58715274950814,
              21.107553890723903
            ],
            [
              105.58779667709308,
              21.139929146692598
            ],
            [
              105.56751806310614,
              21.13269109102718
            ],
            [
              105.56540054864267,
              21.11287836358369
            ]
          ]
        ]
      }
    },
    {
      "type": "Feature",
      "id": "qhpk_136",
      "properties": {
        "name": "Khu dân cư hiện trạng chỉnh trang ODT-14-22",
        "district": "Huyện Thạch Thất",
        "code": "ODT",
        "land_use": "Đất ở tại đô thị, phục vụ cải tạo chỉnh trang và xây mới nhà ở.",
        "area_ha": 554.6,
        "density": "55%",
        "height_limit": "3-7 tầng",
        "notes": "Quy hoạch chung xây dựng Thủ đô đến năm 2030 và tầm nhìn đến năm 2050."
      },
      "geometry": {
        "type": "Polygon",
        "coordinates": [
          [
            [
              105.56692210838047,
              21.160070260908093
            ],
            [
              105.56751806310614,
              21.13269109102718
            ],
            [
              105.58779667709308,
              21.139929146692598
            ],
            [
              105.58469721069758,
              21.16099905254808
            ],
            [
              105.57480552159508,
              21.16229574782527
            ],
            [
              105.574615,
              21.161162
            ],
            [
              105.570892,
              21.161217
            ],
            [
              105.570814,
              21.160368
            ],
            [
              105.56692210838047,
              21.160070260908093
            ]
          ]
        ]
      }
    },
    {
      "type": "Feature",
      "id": "qhpk_137",
      "properties": {
        "name": "Cụm công nghiệp tập trung, kho vận CN-15-10",
        "district": "Quận Tây Hồ",
        "code": "CN",
        "land_use": "Đất công nghiệp phi nông nghiệp, sản xuất sạch, kho bãi tập trung.",
        "area_ha": 456.4,
        "density": "65%",
        "height_limit": "5-9 tầng",
        "notes": "Quy hoạch chung xây dựng Thủ đô đến năm 2030 và tầm nhìn đến năm 2050."
      },
      "geometry": {
        "type": "Polygon",
        "coordinates": [
          [
            [
              105.58776635589986,
              20.834556399530193
            ],
            [
              105.59768086706332,
              20.833487576532786
            ],
            [
              105.597699,
              20.833507
            ],
            [
              105.596541,
              20.834863
            ],
            [
              105.596764,
              20.838008
            ],
            [
              105.597579,
              20.838997
            ],
            [
              105.596374,
              20.840945
            ],
            [
              105.596859,
              20.841756
            ],
            [
              105.600086,
              20.841099
            ],
            [
              105.602802,
              20.838093
            ],
            [
              105.60691065794583,
              20.83803813407111
            ],
            [
              105.60938630255403,
              20.857611346544807
            ],
            [
              105.5897120628585,
              20.857391757314332
            ],
            [
              105.58776635589986,
              20.834556399530193
            ]
          ]
        ]
      }
    },
    {
      "type": "Feature",
      "id": "qhpk_138",
      "properties": {
        "name": "Tổ hợp dịch vụ, trung tâm thương mại TMDV-15-11",
        "district": "Quận Tây Hồ",
        "code": "TMDV",
        "land_use": "Đất thương mại dịch vụ cao tầng, văn phòng, siêu thị, khách sạn.",
        "area_ha": 577.9,
        "density": "45%",
        "height_limit": "5-9 tầng",
        "notes": "Quy hoạch chung xây dựng Thủ đô đến năm 2030 và tầm nhìn đến năm 2050."
      },
      "geometry": {
        "type": "Polygon",
        "coordinates": [
          [
            [
              105.5897120628585,
              20.857391757314332
            ],
            [
              105.60938630255403,
              20.857611346544807
            ],
            [
              105.60955678404497,
              20.888559647066934
            ],
            [
              105.59280838481807,
              20.881987915738012
            ],
            [
              105.5897120628585,
              20.857391757314332
            ]
          ]
        ]
      }
    },
    {
      "type": "Feature",
      "id": "qhpk_139",
      "properties": {
        "name": "Khu dân cư hiện trạng chỉnh trang ODT-15-12",
        "district": "Quận Long Biên",
        "code": "ODT",
        "land_use": "Đất ở tại đô thị, phục vụ cải tạo chỉnh trang và xây mới nhà ở.",
        "area_ha": 566.6,
        "density": "55%",
        "height_limit": "3-7 tầng",
        "notes": "Quy hoạch chung xây dựng Thủ đô đến năm 2030 và tầm nhìn đến năm 2050."
      },
      "geometry": {
        "type": "Polygon",
        "coordinates": [
          [
            [
              105.58843355660156,
              20.904251144546613
            ],
            [
              105.59280838481807,
              20.881987915738012
            ],
            [
              105.60955678404497,
              20.888559647066934
            ],
            [
              105.61128387281222,
              20.91470295572646
            ],
            [
              105.58843355660156,
              20.904251144546613
            ]
          ]
        ]
      }
    },
    {
      "type": "Feature",
      "id": "qhpk_140",
      "properties": {
        "name": "Khu dân cư hiện trạng chỉnh trang ODT-15-13",
        "district": "Quận Hai Bà Trưng",
        "code": "ODT",
        "land_use": "Đất ở tại đô thị, phục vụ cải tạo chỉnh trang và xây mới nhà ở.",
        "area_ha": 701.1,
        "density": "55%",
        "height_limit": "3-7 tầng",
        "notes": "Quy hoạch chung xây dựng Thủ đô đến năm 2030 và tầm nhìn đến năm 2050."
      },
      "geometry": {
        "type": "Polygon",
        "coordinates": [
          [
            [
              105.58498287252921,
              20.93674353312426
            ],
            [
              105.58843355660156,
              20.904251144546613
            ],
            [
              105.61128387281222,
              20.91470295572646
            ],
            [
              105.61141712054109,
              20.931153629941896
            ],
            [
              105.58498287252921,
              20.93674353312426
            ]
          ]
        ]
      }
    },
    {
      "type": "Feature",
      "id": "qhpk_141",
      "properties": {
        "name": "Khu dân cư hiện trạng chỉnh trang ODT-15-14",
        "district": "Quận Ba Đình",
        "code": "ODT",
        "land_use": "Đất ở tại đô thị, phục vụ cải tạo chỉnh trang và xây mới nhà ở.",
        "area_ha": 747.4,
        "density": "55%",
        "height_limit": "3-7 tầng",
        "notes": "Quy hoạch chung xây dựng Thủ đô đến năm 2030 và tầm nhìn đến năm 2050."
      },
      "geometry": {
        "type": "Polygon",
        "coordinates": [
          [
            [
              105.58498287252921,
              20.93674353312426
            ],
            [
              105.61141712054109,
              20.931153629941896
            ],
            [
              105.60853266125605,
              20.963334714688056
            ],
            [
              105.59052916493539,
              20.962538348311575
            ],
            [
              105.58498287252921,
              20.93674353312426
            ]
          ]
        ]
      }
    },
    {
      "type": "Feature",
      "id": "qhpk_142",
      "properties": {
        "name": "Khu dân cư hiện trạng chỉnh trang ODT-15-15",
        "district": "Huyện Thạch Thất",
        "code": "ODT",
        "land_use": "Đất ở tại đô thị, phục vụ cải tạo chỉnh trang và xây mới nhà ở.",
        "area_ha": 508,
        "density": "55%",
        "height_limit": "3-7 tầng",
        "notes": "Quy hoạch chung xây dựng Thủ đô đến năm 2030 và tầm nhìn đến năm 2050."
      },
      "geometry": {
        "type": "Polygon",
        "coordinates": [
          [
            [
              105.58674665115944,
              20.983574136154253
            ],
            [
              105.59052916493539,
              20.962538348311575
            ],
            [
              105.60853266125605,
              20.963334714688056
            ],
            [
              105.61084068606367,
              20.984059863648206
            ],
            [
              105.58674665115944,
              20.983574136154253
            ]
          ]
        ]
      }
    },
    {
      "type": "Feature",
      "id": "qhpk_143",
      "properties": {
        "name": "Khu dân cư hiện trạng chỉnh trang ODT-15-16",
        "district": "Huyện Thạch Thất",
        "code": "ODT",
        "land_use": "Đất ở tại đô thị, phục vụ cải tạo chỉnh trang và xây mới nhà ở.",
        "area_ha": 776.7,
        "density": "55%",
        "height_limit": "3-7 tầng",
        "notes": "Quy hoạch chung xây dựng Thủ đô đến năm 2030 và tầm nhìn đến năm 2050."
      },
      "geometry": {
        "type": "Polygon",
        "coordinates": [
          [
            [
              105.58674665115944,
              20.983574136154253
            ],
            [
              105.61084068606367,
              20.984059863648206
            ],
            [
              105.60836260631335,
              21.014201559503196
            ],
            [
              105.58676526032284,
              21.01220530003684
            ],
            [
              105.58674665115944,
              20.983574136154253
            ]
          ]
        ]
      }
    },
    {
      "type": "Feature",
      "id": "qhpk_144",
      "properties": {
        "name": "Khu dân cư hiện trạng chỉnh trang ODT-15-17",
        "district": "Huyện Thạch Thất",
        "code": "ODT",
        "land_use": "Đất ở tại đô thị, phục vụ cải tạo chỉnh trang và xây mới nhà ở.",
        "area_ha": 498,
        "density": "55%",
        "height_limit": "3-7 tầng",
        "notes": "Quy hoạch chung xây dựng Thủ đô đến năm 2030 và tầm nhìn đến năm 2050."
      },
      "geometry": {
        "type": "Polygon",
        "coordinates": [
          [
            [
              105.58676526032284,
              21.01220530003684
            ],
            [
              105.60836260631335,
              21.014201559503196
            ],
            [
              105.60700364542471,
              21.03908652857891
            ],
            [
              105.58812709965694,
              21.02996778903086
            ],
            [
              105.58676526032284,
              21.01220530003684
            ]
          ]
        ]
      }
    },
    {
      "type": "Feature",
      "id": "qhpk_145",
      "properties": {
        "name": "Khu đô thị hỗn hợp cao tầng HHT-15-18",
        "district": "Huyện Thạch Thất",
        "code": "HHT",
        "land_use": "Đất hỗn hợp đa chức năng kết hợp nhà ở và trung tâm thương mại.",
        "area_ha": 590.4,
        "density": "45%",
        "height_limit": "18-35 tầng",
        "notes": "Quy hoạch chung xây dựng Thủ đô đến năm 2030 và tầm nhìn đến năm 2050."
      },
      "geometry": {
        "type": "Polygon",
        "coordinates": [
          [
            [
              105.58812709965694,
              21.02996778903086
            ],
            [
              105.60700364542471,
              21.03908652857891
            ],
            [
              105.60900595335727,
              21.06378557387384
            ],
            [
              105.59161176704811,
              21.063169009119157
            ],
            [
              105.58812709965694,
              21.02996778903086
            ]
          ]
        ]
      }
    },
    {
      "type": "Feature",
      "id": "qhpk_146",
      "properties": {
        "name": "Khu dân cư hiện trạng chỉnh trang ODT-15-19",
        "district": "Huyện Thạch Thất",
        "code": "ODT",
        "land_use": "Đất ở tại đô thị, phục vụ cải tạo chỉnh trang và xây mới nhà ở.",
        "area_ha": 401,
        "density": "55%",
        "height_limit": "3-7 tầng",
        "notes": "Quy hoạch chung xây dựng Thủ đô đến năm 2030 và tầm nhìn đến năm 2050."
      },
      "geometry": {
        "type": "Polygon",
        "coordinates": [
          [
            [
              105.59161176704811,
              21.063169009119157
            ],
            [
              105.60900595335727,
              21.06378557387384
            ],
            [
              105.60635304258899,
              21.084157931828326
            ],
            [
              105.59211490044585,
              21.08689254305797
            ],
            [
              105.59161176704811,
              21.063169009119157
            ]
          ]
        ]
      }
    },
    {
      "type": "Feature",
      "id": "qhpk_147",
      "properties": {
        "name": "Tổ hợp dịch vụ, trung tâm thương mại TMDV-15-20",
        "district": "Huyện Thạch Thất",
        "code": "TMDV",
        "land_use": "Đất thương mại dịch vụ cao tầng, văn phòng, siêu thị, khách sạn.",
        "area_ha": 460,
        "density": "45%",
        "height_limit": "5-9 tầng",
        "notes": "Quy hoạch chung xây dựng Thủ đô đến năm 2030 và tầm nhìn đến năm 2050."
      },
      "geometry": {
        "type": "Polygon",
        "coordinates": [
          [
            [
              105.58715274950814,
              21.107553890723903
            ],
            [
              105.59211490044585,
              21.08689254305797
            ],
            [
              105.60635304258899,
              21.084157931828326
            ],
            [
              105.60771527292373,
              21.109423382494384
            ],
            [
              105.58715274950814,
              21.107553890723903
            ]
          ]
        ]
      }
    },
    {
      "type": "Feature",
      "id": "qhpk_148",
      "properties": {
        "name": "Tổ hợp dịch vụ, trung tâm thương mại TMDV-15-21",
        "district": "Huyện Thạch Thất",
        "code": "TMDV",
        "land_use": "Đất thương mại dịch vụ cao tầng, văn phòng, siêu thị, khách sạn.",
        "area_ha": 824.8,
        "density": "45%",
        "height_limit": "5-9 tầng",
        "notes": "Quy hoạch chung xây dựng Thủ đô đến năm 2030 và tầm nhìn đến năm 2050."
      },
      "geometry": {
        "type": "Polygon",
        "coordinates": [
          [
            [
              105.58715274950814,
              21.107553890723903
            ],
            [
              105.60771527292373,
              21.109423382494384
            ],
            [
              105.61257033703524,
              21.14043218236309
            ],
            [
              105.58779667709308,
              21.139929146692598
            ],
            [
              105.58715274950814,
              21.107553890723903
            ]
          ]
        ]
      }
    },
    {
      "type": "Feature",
      "id": "qhpk_149",
      "properties": {
        "name": "Khu dân cư hiện trạng chỉnh trang ODT-15-22",
        "district": "Huyện Sóc Sơn",
        "code": "ODT",
        "land_use": "Đất ở tại đô thị, phục vụ cải tạo chỉnh trang và xây mới nhà ở.",
        "area_ha": 720.9,
        "density": "55%",
        "height_limit": "3-7 tầng",
        "notes": "Quy hoạch chung xây dựng Thủ đô đến năm 2030 và tầm nhìn đến năm 2050."
      },
      "geometry": {
        "type": "Polygon",
        "coordinates": [
          [
            [
              105.58469721069758,
              21.16099905254808
            ],
            [
              105.58779667709308,
              21.139929146692598
            ],
            [
              105.61257033703524,
              21.14043218236309
            ],
            [
              105.61107531504452,
              21.167610399051718
            ],
            [
              105.58469721069758,
              21.16099905254808
            ]
          ]
        ]
      }
    },
    {
      "type": "Feature",
      "id": "qhpk_150",
      "properties": {
        "name": "Khu dân cư hiện trạng chỉnh trang ODT-16-10",
        "district": "Quận Ba Đình",
        "code": "ODT",
        "land_use": "Đất ở tại đô thị, phục vụ cải tạo chỉnh trang và xây mới nhà ở.",
        "area_ha": 618.2,
        "density": "55%",
        "height_limit": "3-7 tầng",
        "notes": "Quy hoạch chung xây dựng Thủ đô đến năm 2030 và tầm nhìn đến năm 2050."
      },
      "geometry": {
        "type": "Polygon",
        "coordinates": [
          [
            [
              105.60691065794583,
              20.83803813407111
            ],
            [
              105.609991,
              20.837997
            ],
            [
              105.611673,
              20.835801
            ],
            [
              105.614311,
              20.835239
            ],
            [
              105.616169,
              20.831694
            ],
            [
              105.618869,
              20.831793
            ],
            [
              105.61834499026374,
              20.830903750707634
            ],
            [
              105.61897340777573,
              20.830817548066626
            ],
            [
              105.621829,
              20.831895
            ],
            [
              105.624091,
              20.831814
            ],
            [
              105.62822,
              20.834199
            ],
            [
              105.632134,
              20.835375
            ],
            [
              105.63218386153598,
              20.83542982112038
            ],
            [
              105.62490815097993,
              20.861424170547675
            ],
            [
              105.60938630255403,
              20.857611346544807
            ],
            [
              105.60691065794583,
              20.83803813407111
            ]
          ]
        ]
      }
    },
    {
      "type": "Feature",
      "id": "qhpk_151",
      "properties": {
        "name": "Khu hành chính công sở, liên cơ quan HCTH-16-11",
        "district": "Quận Đống Đa",
        "code": "HCTH",
        "land_use": "Đất hành chính công sở, cơ quan đầu não nhà nước địa phương.",
        "area_ha": 480.2,
        "density": "25%",
        "height_limit": "5-9 tầng",
        "notes": "Quy hoạch chung xây dựng Thủ đô đến năm 2030 và tầm nhìn đến năm 2050."
      },
      "geometry": {
        "type": "Polygon",
        "coordinates": [
          [
            [
              105.60938630255403,
              20.857611346544807
            ],
            [
              105.62490815097993,
              20.861424170547675
            ],
            [
              105.62583302548195,
              20.882686308037933
            ],
            [
              105.60955678404497,
              20.888559647066934
            ],
            [
              105.60938630255403,
              20.857611346544807
            ]
          ]
        ]
      }
    },
    {
      "type": "Feature",
      "id": "qhpk_152",
      "properties": {
        "name": "Khu dân cư hiện trạng chỉnh trang ODT-16-12",
        "district": "Quận Hai Bà Trưng",
        "code": "ODT",
        "land_use": "Đất ở tại đô thị, phục vụ cải tạo chỉnh trang và xây mới nhà ở.",
        "area_ha": 616,
        "density": "55%",
        "height_limit": "3-7 tầng",
        "notes": "Quy hoạch chung xây dựng Thủ đô đến năm 2030 và tầm nhìn đến năm 2050."
      },
      "geometry": {
        "type": "Polygon",
        "coordinates": [
          [
            [
              105.60955678404497,
              20.888559647066934
            ],
            [
              105.62583302548195,
              20.882686308037933
            ],
            [
              105.6338506798863,
              20.908412619984635
            ],
            [
              105.61128387281222,
              20.91470295572646
            ],
            [
              105.60955678404497,
              20.888559647066934
            ]
          ]
        ]
      }
    },
    {
      "type": "Feature",
      "id": "qhpk_153",
      "properties": {
        "name": "Khu đô thị hỗn hợp cao tầng HHT-16-13",
        "district": "Quận Hoàn Kiếm",
        "code": "HHT",
        "land_use": "Đất hỗn hợp đa chức năng kết hợp nhà ở và trung tâm thương mại.",
        "area_ha": 575.7,
        "density": "45%",
        "height_limit": "18-35 tầng",
        "notes": "Quy hoạch chung xây dựng Thủ đô đến năm 2030 và tầm nhìn đến năm 2050."
      },
      "geometry": {
        "type": "Polygon",
        "coordinates": [
          [
            [
              105.61128387281222,
              20.91470295572646
            ],
            [
              105.6338506798863,
              20.908412619984635
            ],
            [
              105.63150542089525,
              20.938647240921995
            ],
            [
              105.61141712054109,
              20.931153629941896
            ],
            [
              105.61128387281222,
              20.91470295572646
            ]
          ]
        ]
      }
    },
    {
      "type": "Feature",
      "id": "qhpk_154",
      "properties": {
        "name": "Khu dân cư hiện trạng chỉnh trang ODT-16-14",
        "district": "Quận Đống Đa",
        "code": "ODT",
        "land_use": "Đất ở tại đô thị, phục vụ cải tạo chỉnh trang và xây mới nhà ở.",
        "area_ha": 662.6,
        "density": "55%",
        "height_limit": "3-7 tầng",
        "notes": "Quy hoạch chung xây dựng Thủ đô đến năm 2030 và tầm nhìn đến năm 2050."
      },
      "geometry": {
        "type": "Polygon",
        "coordinates": [
          [
            [
              105.60853266125605,
              20.963334714688056
            ],
            [
              105.61141712054109,
              20.931153629941896
            ],
            [
              105.63150542089525,
              20.938647240921995
            ],
            [
              105.63050427422725,
              20.96060155980093
            ],
            [
              105.60853266125605,
              20.963334714688056
            ]
          ]
        ]
      }
    },
    {
      "type": "Feature",
      "id": "qhpk_155",
      "properties": {
        "name": "Khu dân cư hiện trạng chỉnh trang ODT-16-15",
        "district": "Huyện Thạch Thất",
        "code": "ODT",
        "land_use": "Đất ở tại đô thị, phục vụ cải tạo chỉnh trang và xây mới nhà ở.",
        "area_ha": 511.9,
        "density": "55%",
        "height_limit": "3-7 tầng",
        "notes": "Quy hoạch chung xây dựng Thủ đô đến năm 2030 và tầm nhìn đến năm 2050."
      },
      "geometry": {
        "type": "Polygon",
        "coordinates": [
          [
            [
              105.60853266125605,
              20.963334714688056
            ],
            [
              105.63050427422725,
              20.96060155980093
            ],
            [
              105.62501503010769,
              20.98877024259147
            ],
            [
              105.61084068606367,
              20.984059863648206
            ],
            [
              105.60853266125605,
              20.963334714688056
            ]
          ]
        ]
      }
    },
    {
      "type": "Feature",
      "id": "qhpk_156",
      "properties": {
        "name": "Khu dân cư hiện trạng chỉnh trang ODT-16-16",
        "district": "Huyện Thạch Thất",
        "code": "ODT",
        "land_use": "Đất ở tại đô thị, phục vụ cải tạo chỉnh trang và xây mới nhà ở.",
        "area_ha": 513.6,
        "density": "55%",
        "height_limit": "3-7 tầng",
        "notes": "Quy hoạch chung xây dựng Thủ đô đến năm 2030 và tầm nhìn đến năm 2050."
      },
      "geometry": {
        "type": "Polygon",
        "coordinates": [
          [
            [
              105.60836260631335,
              21.014201559503196
            ],
            [
              105.61084068606367,
              20.984059863648206
            ],
            [
              105.62501503010769,
              20.98877024259147
            ],
            [
              105.62714617413121,
              21.012601988395623
            ],
            [
              105.60836260631335,
              21.014201559503196
            ]
          ]
        ]
      }
    },
    {
      "type": "Feature",
      "id": "qhpk_157",
      "properties": {
        "name": "Khu dân cư hiện trạng chỉnh trang ODT-16-17",
        "district": "Huyện Thạch Thất",
        "code": "ODT",
        "land_use": "Đất ở tại đô thị, phục vụ cải tạo chỉnh trang và xây mới nhà ở.",
        "area_ha": 624.3,
        "density": "55%",
        "height_limit": "3-7 tầng",
        "notes": "Quy hoạch chung xây dựng Thủ đô đến năm 2030 và tầm nhìn đến năm 2050."
      },
      "geometry": {
        "type": "Polygon",
        "coordinates": [
          [
            [
              105.60700364542471,
              21.03908652857891
            ],
            [
              105.60836260631335,
              21.014201559503196
            ],
            [
              105.62714617413121,
              21.012601988395623
            ],
            [
              105.63140931749122,
              21.037612184147076
            ],
            [
              105.60700364542471,
              21.03908652857891
            ]
          ]
        ]
      }
    },
    {
      "type": "Feature",
      "id": "qhpk_158",
      "properties": {
        "name": "Khu dân cư hiện trạng chỉnh trang ODT-16-18",
        "district": "Huyện Thạch Thất",
        "code": "ODT",
        "land_use": "Đất ở tại đô thị, phục vụ cải tạo chỉnh trang và xây mới nhà ở.",
        "area_ha": 638.9,
        "density": "55%",
        "height_limit": "3-7 tầng",
        "notes": "Quy hoạch chung xây dựng Thủ đô đến năm 2030 và tầm nhìn đến năm 2050."
      },
      "geometry": {
        "type": "Polygon",
        "coordinates": [
          [
            [
              105.60700364542471,
              21.03908652857891
            ],
            [
              105.63140931749122,
              21.037612184147076
            ],
            [
              105.62882686584213,
              21.063017982954175
            ],
            [
              105.60900595335727,
              21.06378557387384
            ],
            [
              105.60700364542471,
              21.03908652857891
            ]
          ]
        ]
      }
    },
    {
      "type": "Feature",
      "id": "qhpk_159",
      "properties": {
        "name": "Khu dân cư hiện trạng chỉnh trang ODT-16-19",
        "district": "Huyện Thạch Thất",
        "code": "ODT",
        "land_use": "Đất ở tại đô thị, phục vụ cải tạo chỉnh trang và xây mới nhà ở.",
        "area_ha": 428.3,
        "density": "55%",
        "height_limit": "3-7 tầng",
        "notes": "Quy hoạch chung xây dựng Thủ đô đến năm 2030 và tầm nhìn đến năm 2050."
      },
      "geometry": {
        "type": "Polygon",
        "coordinates": [
          [
            [
              105.60635304258899,
              21.084157931828326
            ],
            [
              105.60900595335727,
              21.06378557387384
            ],
            [
              105.62882686584213,
              21.063017982954175
            ],
            [
              105.62626297931071,
              21.08058751333823
            ],
            [
              105.60635304258899,
              21.084157931828326
            ]
          ]
        ]
      }
    },
    {
      "type": "Feature",
      "id": "qhpk_160",
      "properties": {
        "name": "Khu dân cư hiện trạng chỉnh trang ODT-16-20",
        "district": "Huyện Thạch Thất",
        "code": "ODT",
        "land_use": "Đất ở tại đô thị, phục vụ cải tạo chỉnh trang và xây mới nhà ở.",
        "area_ha": 630.6,
        "density": "55%",
        "height_limit": "3-7 tầng",
        "notes": "Quy hoạch chung xây dựng Thủ đô đến năm 2030 và tầm nhìn đến năm 2050."
      },
      "geometry": {
        "type": "Polygon",
        "coordinates": [
          [
            [
              105.60635304258899,
              21.084157931828326
            ],
            [
              105.62626297931071,
              21.08058751333823
            ],
            [
              105.629869488711,
              21.10654121638069
            ],
            [
              105.60771527292373,
              21.109423382494384
            ],
            [
              105.60635304258899,
              21.084157931828326
            ]
          ]
        ]
      }
    },
    {
      "type": "Feature",
      "id": "qhpk_161",
      "properties": {
        "name": "Công viên cây xanh, hồ điều hòa CX-16-21",
        "district": "Huyện Thạch Thất",
        "code": "CX",
        "land_use": "Đất cây xanh công viên, mặt nước cảnh quan điều hòa khí hậu đô thị.",
        "area_ha": 702.8,
        "density": "45%",
        "height_limit": "5-9 tầng",
        "notes": "Quy hoạch chung xây dựng Thủ đô đến năm 2030 và tầm nhìn đến năm 2050."
      },
      "geometry": {
        "type": "Polygon",
        "coordinates": [
          [
            [
              105.60771527292373,
              21.109423382494384
            ],
            [
              105.629869488711,
              21.10654121638069
            ],
            [
              105.62959152841653,
              21.137015907395863
            ],
            [
              105.61257033703524,
              21.14043218236309
            ],
            [
              105.60771527292373,
              21.109423382494384
            ]
          ]
        ]
      }
    },
    {
      "type": "Feature",
      "id": "qhpk_162",
      "properties": {
        "name": "Khu dân cư hiện trạng chỉnh trang ODT-16-22",
        "district": "Huyện Sóc Sơn",
        "code": "ODT",
        "land_use": "Đất ở tại đô thị, phục vụ cải tạo chỉnh trang và xây mới nhà ở.",
        "area_ha": 546.2,
        "density": "55%",
        "height_limit": "3-7 tầng",
        "notes": "Quy hoạch chung xây dựng Thủ đô đến năm 2030 và tầm nhìn đến năm 2050."
      },
      "geometry": {
        "type": "Polygon",
        "coordinates": [
          [
            [
              105.61107531504452,
              21.167610399051718
            ],
            [
              105.61257033703524,
              21.14043218236309
            ],
            [
              105.62959152841653,
              21.137015907395863
            ],
            [
              105.62800544964168,
              21.16608908753481
            ],
            [
              105.61107531504452,
              21.167610399051718
            ]
          ]
        ]
      }
    },
    {
      "type": "Feature",
      "id": "qhpk_163",
      "properties": {
        "name": "Công viên cây xanh, hồ điều hòa CX-16-24",
        "district": "Huyện Sóc Sơn",
        "code": "CX",
        "land_use": "Đất cây xanh công viên, mặt nước cảnh quan điều hòa khí hậu đô thị.",
        "area_ha": 217.9,
        "density": "45%",
        "height_limit": "5-9 tầng",
        "notes": "Quy hoạch chung xây dựng Thủ đô đến năm 2030 và tầm nhìn đến năm 2050."
      },
      "geometry": {
        "type": "Polygon",
        "coordinates": [
          [
            [
              105.615144,
              21.207348
            ],
            [
              105.616506,
              21.205527
            ],
            [
              105.616214,
              21.202567
            ],
            [
              105.622656,
              21.200483
            ],
            [
              105.621609,
              21.197183
            ],
            [
              105.622044,
              21.194962
            ],
            [
              105.621449,
              21.19496
            ],
            [
              105.62456,
              21.193485
            ],
            [
              105.62472252354794,
              21.190859411823777
            ],
            [
              105.63036958039055,
              21.19114571839983
            ],
            [
              105.63152889098845,
              21.208824552459927
            ],
            [
              105.631341,
              21.208864
            ],
            [
              105.628846,
              21.210965
            ],
            [
              105.624359,
              21.209007
            ],
            [
              105.621599,
              21.206055
            ],
            [
              105.618589,
              21.206979
            ],
            [
              105.616996,
              21.208629
            ],
            [
              105.615144,
              21.207348
            ]
          ]
        ]
      }
    },
    {
      "type": "Feature",
      "id": "qhpk_164",
      "properties": {
        "name": "Khu dân cư hiện trạng chỉnh trang ODT-17-8",
        "district": "Quận Hoàn Kiếm",
        "code": "ODT",
        "land_use": "Đất ở tại đô thị, phục vụ cải tạo chỉnh trang và xây mới nhà ở.",
        "area_ha": 263.2,
        "density": "55%",
        "height_limit": "3-7 tầng",
        "notes": "Quy hoạch chung xây dựng Thủ đô đến năm 2030 và tầm nhìn đến năm 2050."
      },
      "geometry": {
        "type": "Polygon",
        "coordinates": [
          [
            [
              105.630621,
              20.793834
            ],
            [
              105.633802,
              20.792969
            ],
            [
              105.635772,
              20.795312
            ],
            [
              105.637234,
              20.793698
            ],
            [
              105.640744,
              20.792715
            ],
            [
              105.643628,
              20.792851
            ],
            [
              105.645779,
              20.796458
            ],
            [
              105.646326,
              20.7927
            ],
            [
              105.648384,
              20.791779
            ],
            [
              105.648657,
              20.790907
            ],
            [
              105.6485095514808,
              20.78288948676877
            ],
            [
              105.65409274542226,
              20.782837378035772
            ],
            [
              105.65025050591598,
              20.802798134093113
            ],
            [
              105.63271542832565,
              20.804429097719517
            ],
            [
              105.632502,
              20.803403
            ],
            [
              105.634257,
              20.802204
            ],
            [
              105.634659,
              20.800576
            ],
            [
              105.633173,
              20.796162
            ],
            [
              105.630621,
              20.793834
            ]
          ]
        ]
      }
    },
    {
      "type": "Feature",
      "id": "qhpk_165",
      "properties": {
        "name": "Công viên cây xanh, hồ điều hòa CX-17-9",
        "district": "Quận Cầu Giấy",
        "code": "CX",
        "land_use": "Đất cây xanh công viên, mặt nước cảnh quan điều hòa khí hậu đô thị.",
        "area_ha": 486.9,
        "density": "45%",
        "height_limit": "5-9 tầng",
        "notes": "Quy hoạch chung xây dựng Thủ đô đến năm 2030 và tầm nhìn đến năm 2050."
      },
      "geometry": {
        "type": "Polygon",
        "coordinates": [
          [
            [
              105.62976566669776,
              20.815719704618996
            ],
            [
              105.630542,
              20.815867
            ],
            [
              105.630978,
              20.813879
            ],
            [
              105.632192,
              20.813629
            ],
            [
              105.631118,
              20.811186
            ],
            [
              105.632244,
              20.809676
            ],
            [
              105.632996,
              20.805778
            ],
            [
              105.63271542832565,
              20.804429097719517
            ],
            [
              105.65025050591598,
              20.802798134093113
            ],
            [
              105.65204194519224,
              20.82814453001699
            ],
            [
              105.64145508693908,
              20.82850023315832
            ],
            [
              105.642106,
              20.827483
            ],
            [
              105.641071,
              20.824032
            ],
            [
              105.639856,
              20.824015
            ],
            [
              105.636133,
              20.821438
            ],
            [
              105.633511,
              20.822146
            ],
            [
              105.632681,
              20.820796
            ],
            [
              105.63144943349617,
              20.820835688558628
            ],
            [
              105.6311509784269,
              20.819928857908135
            ],
            [
              105.632206,
              20.820014
            ],
            [
              105.63121,
              20.817347
            ],
            [
              105.63009543533792,
              20.816721678923557
            ],
            [
              105.62976566669776,
              20.815719704618996
            ]
          ]
        ]
      }
    },
    {
      "type": "Feature",
      "id": "qhpk_166",
      "properties": {
        "name": "Khu đô thị hỗn hợp cao tầng HHT-17-10",
        "district": "Quận Tây Hồ",
        "code": "HHT",
        "land_use": "Đất hỗn hợp đa chức năng kết hợp nhà ở và trung tâm thương mại.",
        "area_ha": 646,
        "density": "45%",
        "height_limit": "18-35 tầng",
        "notes": "Quy hoạch chung xây dựng Thủ đô đến năm 2030 và tầm nhìn đến năm 2050."
      },
      "geometry": {
        "type": "Polygon",
        "coordinates": [
          [
            [
              105.62490815097993,
              20.861424170547675
            ],
            [
              105.63218386153598,
              20.83542982112038
            ],
            [
              105.633823,
              20.837232
            ],
            [
              105.633781,
              20.838522
            ],
            [
              105.636664,
              20.839283
            ],
            [
              105.635281,
              20.835778
            ],
            [
              105.636155,
              20.835309
            ],
            [
              105.635659,
              20.832744
            ],
            [
              105.636408,
              20.831973
            ],
            [
              105.641676,
              20.833027
            ],
            [
              105.641877,
              20.832484
            ],
            [
              105.642055,
              20.830971
            ],
            [
              105.640537,
              20.829935
            ],
            [
              105.64145508693908,
              20.82850023315832
            ],
            [
              105.65204194519224,
              20.82814453001699
            ],
            [
              105.64840242640163,
              20.855957633307355
            ],
            [
              105.62490815097993,
              20.861424170547675
            ]
          ]
        ]
      }
    },
    {
      "type": "Feature",
      "id": "qhpk_167",
      "properties": {
        "name": "Khu đô thị hỗn hợp cao tầng HHT-17-11",
        "district": "Quận Hoàn Kiếm",
        "code": "HHT",
        "land_use": "Đất hỗn hợp đa chức năng kết hợp nhà ở và trung tâm thương mại.",
        "area_ha": 552.2,
        "density": "45%",
        "height_limit": "18-35 tầng",
        "notes": "Quy hoạch chung xây dựng Thủ đô đến năm 2030 và tầm nhìn đến năm 2050."
      },
      "geometry": {
        "type": "Polygon",
        "coordinates": [
          [
            [
              105.62490815097993,
              20.861424170547675
            ],
            [
              105.64840242640163,
              20.855957633307355
            ],
            [
              105.6454460549899,
              20.879458543197423
            ],
            [
              105.62583302548195,
              20.882686308037933
            ],
            [
              105.62490815097993,
              20.861424170547675
            ]
          ]
        ]
      }
    },
    {
      "type": "Feature",
      "id": "qhpk_168",
      "properties": {
        "name": "Khu dân cư hiện trạng chỉnh trang ODT-17-12",
        "district": "Quận Nam Từ Liêm",
        "code": "ODT",
        "land_use": "Đất ở tại đô thị, phục vụ cải tạo chỉnh trang và xây mới nhà ở.",
        "area_ha": 616.5,
        "density": "55%",
        "height_limit": "3-7 tầng",
        "notes": "Quy hoạch chung xây dựng Thủ đô đến năm 2030 và tầm nhìn đến năm 2050."
      },
      "geometry": {
        "type": "Polygon",
        "coordinates": [
          [
            [
              105.62583302548195,
              20.882686308037933
            ],
            [
              105.6454460549899,
              20.879458543197423
            ],
            [
              105.65247227241153,
              20.90821919685394
            ],
            [
              105.6338506798863,
              20.908412619984635
            ],
            [
              105.62583302548195,
              20.882686308037933
            ]
          ]
        ]
      }
    },
    {
      "type": "Feature",
      "id": "qhpk_169",
      "properties": {
        "name": "Khu đô thị hỗn hợp cao tầng HHT-17-13",
        "district": "Quận Hai Bà Trưng",
        "code": "HHT",
        "land_use": "Đất hỗn hợp đa chức năng kết hợp nhà ở và trung tâm thương mại.",
        "area_ha": 572.1,
        "density": "45%",
        "height_limit": "18-35 tầng",
        "notes": "Quy hoạch chung xây dựng Thủ đô đến năm 2030 và tầm nhìn đến năm 2050."
      },
      "geometry": {
        "type": "Polygon",
        "coordinates": [
          [
            [
              105.63150542089525,
              20.938647240921995
            ],
            [
              105.6338506798863,
              20.908412619984635
            ],
            [
              105.65247227241153,
              20.90821919685394
            ],
            [
              105.65214513661367,
              20.929115138044118
            ],
            [
              105.63150542089525,
              20.938647240921995
            ]
          ]
        ]
      }
    },
    {
      "type": "Feature",
      "id": "qhpk_170",
      "properties": {
        "name": "Công viên cây xanh, hồ điều hòa CX-17-14",
        "district": "Quận Hai Bà Trưng",
        "code": "CX",
        "land_use": "Đất cây xanh công viên, mặt nước cảnh quan điều hòa khí hậu đô thị.",
        "area_ha": 572.3,
        "density": "45%",
        "height_limit": "5-9 tầng",
        "notes": "Quy hoạch chung xây dựng Thủ đô đến năm 2030 và tầm nhìn đến năm 2050."
      },
      "geometry": {
        "type": "Polygon",
        "coordinates": [
          [
            [
              105.63050427422725,
              20.96060155980093
            ],
            [
              105.63150542089525,
              20.938647240921995
            ],
            [
              105.65214513661367,
              20.929115138044118
            ],
            [
              105.65026856049303,
              20.957149977862088
            ],
            [
              105.63050427422725,
              20.96060155980093
            ]
          ]
        ]
      }
    },
    {
      "type": "Feature",
      "id": "qhpk_171",
      "properties": {
        "name": "Công viên cây xanh, hồ điều hòa CX-17-15",
        "district": "Huyện Thạch Thất",
        "code": "CX",
        "land_use": "Đất cây xanh công viên, mặt nước cảnh quan điều hòa khí hậu đô thị.",
        "area_ha": 565.5,
        "density": "45%",
        "height_limit": "5-9 tầng",
        "notes": "Quy hoạch chung xây dựng Thủ đô đến năm 2030 và tầm nhìn đến năm 2050."
      },
      "geometry": {
        "type": "Polygon",
        "coordinates": [
          [
            [
              105.62501503010769,
              20.98877024259147
            ],
            [
              105.63050427422725,
              20.96060155980093
            ],
            [
              105.65026856049303,
              20.957149977862088
            ],
            [
              105.64630972463668,
              20.979599755475206
            ],
            [
              105.62501503010769,
              20.98877024259147
            ]
          ]
        ]
      }
    },
    {
      "type": "Feature",
      "id": "qhpk_172",
      "properties": {
        "name": "Khu dân cư hiện trạng chỉnh trang ODT-17-16",
        "district": "Huyện Thạch Thất",
        "code": "ODT",
        "land_use": "Đất ở tại đô thị, phục vụ cải tạo chỉnh trang và xây mới nhà ở.",
        "area_ha": 828.5,
        "density": "55%",
        "height_limit": "3-7 tầng",
        "notes": "Quy hoạch chung xây dựng Thủ đô đến năm 2030 và tầm nhìn đến năm 2050."
      },
      "geometry": {
        "type": "Polygon",
        "coordinates": [
          [
            [
              105.62501503010769,
              20.98877024259147
            ],
            [
              105.64630972463668,
              20.979599755475206
            ],
            [
              105.6544098768879,
              21.013054844402124
            ],
            [
              105.62714617413121,
              21.012601988395623
            ],
            [
              105.62501503010769,
              20.98877024259147
            ]
          ]
        ]
      }
    },
    {
      "type": "Feature",
      "id": "qhpk_173",
      "properties": {
        "name": "Khu dân cư hiện trạng chỉnh trang ODT-17-17",
        "district": "Huyện Thạch Thất",
        "code": "ODT",
        "land_use": "Đất ở tại đô thị, phục vụ cải tạo chỉnh trang và xây mới nhà ở.",
        "area_ha": 583.1,
        "density": "55%",
        "height_limit": "3-7 tầng",
        "notes": "Quy hoạch chung xây dựng Thủ đô đến năm 2030 và tầm nhìn đến năm 2050."
      },
      "geometry": {
        "type": "Polygon",
        "coordinates": [
          [
            [
              105.62714617413121,
              21.012601988395623
            ],
            [
              105.6544098768879,
              21.013054844402124
            ],
            [
              105.6491833906998,
              21.03300706189601
            ],
            [
              105.63140931749122,
              21.037612184147076
            ],
            [
              105.62714617413121,
              21.012601988395623
            ]
          ]
        ]
      }
    },
    {
      "type": "Feature",
      "id": "qhpk_174",
      "properties": {
        "name": "Khu dân cư hiện trạng chỉnh trang ODT-17-18",
        "district": "Huyện Thạch Thất",
        "code": "ODT",
        "land_use": "Đất ở tại đô thị, phục vụ cải tạo chỉnh trang và xây mới nhà ở.",
        "area_ha": 645.2,
        "density": "55%",
        "height_limit": "3-7 tầng",
        "notes": "Quy hoạch chung xây dựng Thủ đô đến năm 2030 và tầm nhìn đến năm 2050."
      },
      "geometry": {
        "type": "Polygon",
        "coordinates": [
          [
            [
              105.62882686584213,
              21.063017982954175
            ],
            [
              105.63140931749122,
              21.037612184147076
            ],
            [
              105.6491833906998,
              21.03300706189601
            ],
            [
              105.65291437022546,
              21.060841169980527
            ],
            [
              105.62882686584213,
              21.063017982954175
            ]
          ]
        ]
      }
    },
    {
      "type": "Feature",
      "id": "qhpk_175",
      "properties": {
        "name": "Khu dân cư hiện trạng chỉnh trang ODT-17-19",
        "district": "Huyện Thạch Thất",
        "code": "ODT",
        "land_use": "Đất ở tại đô thị, phục vụ cải tạo chỉnh trang và xây mới nhà ở.",
        "area_ha": 527.4,
        "density": "55%",
        "height_limit": "3-7 tầng",
        "notes": "Quy hoạch chung xây dựng Thủ đô đến năm 2030 và tầm nhìn đến năm 2050."
      },
      "geometry": {
        "type": "Polygon",
        "coordinates": [
          [
            [
              105.62626297931071,
              21.08058751333823
            ],
            [
              105.62882686584213,
              21.063017982954175
            ],
            [
              105.65291437022546,
              21.060841169980527
            ],
            [
              105.64924219208024,
              21.08219771793126
            ],
            [
              105.62626297931071,
              21.08058751333823
            ]
          ]
        ]
      }
    },
    {
      "type": "Feature",
      "id": "qhpk_176",
      "properties": {
        "name": "Cụm công nghiệp tập trung, kho vận CN-17-20",
        "district": "Huyện Thạch Thất",
        "code": "CN",
        "land_use": "Đất công nghiệp phi nông nghiệp, sản xuất sạch, kho bãi tập trung.",
        "area_ha": 559.8,
        "density": "65%",
        "height_limit": "5-9 tầng",
        "notes": "Quy hoạch chung xây dựng Thủ đô đến năm 2030 và tầm nhìn đến năm 2050."
      },
      "geometry": {
        "type": "Polygon",
        "coordinates": [
          [
            [
              105.62626297931071,
              21.08058751333823
            ],
            [
              105.64924219208024,
              21.08219771793126
            ],
            [
              105.64587049551582,
              21.106046005418907
            ],
            [
              105.629869488711,
              21.10654121638069
            ],
            [
              105.62626297931071,
              21.08058751333823
            ]
          ]
        ]
      }
    },
    {
      "type": "Feature",
      "id": "qhpk_177",
      "properties": {
        "name": "Tổ hợp dịch vụ, trung tâm thương mại TMDV-17-21",
        "district": "Huyện Thạch Thất",
        "code": "TMDV",
        "land_use": "Đất thương mại dịch vụ cao tầng, văn phòng, siêu thị, khách sạn.",
        "area_ha": 657.3,
        "density": "45%",
        "height_limit": "5-9 tầng",
        "notes": "Quy hoạch chung xây dựng Thủ đô đến năm 2030 và tầm nhìn đến năm 2050."
      },
      "geometry": {
        "type": "Polygon",
        "coordinates": [
          [
            [
              105.62959152841653,
              21.137015907395863
            ],
            [
              105.629869488711,
              21.10654121638069
            ],
            [
              105.64587049551582,
              21.106046005418907
            ],
            [
              105.65265852146653,
              21.133204490319127
            ],
            [
              105.62959152841653,
              21.137015907395863
            ]
          ]
        ]
      }
    },
    {
      "type": "Feature",
      "id": "qhpk_178",
      "properties": {
        "name": "Khu dân cư hiện trạng chỉnh trang ODT-17-22",
        "district": "Huyện Sóc Sơn",
        "code": "ODT",
        "land_use": "Đất ở tại đô thị, phục vụ cải tạo chỉnh trang và xây mới nhà ở.",
        "area_ha": 793.1,
        "density": "55%",
        "height_limit": "3-7 tầng",
        "notes": "Quy hoạch chung xây dựng Thủ đô đến năm 2030 và tầm nhìn đến năm 2050."
      },
      "geometry": {
        "type": "Polygon",
        "coordinates": [
          [
            [
              105.62800544964168,
              21.16608908753481
            ],
            [
              105.62959152841653,
              21.137015907395863
            ],
            [
              105.65265852146653,
              21.133204490319127
            ],
            [
              105.64938064837632,
              21.16641773859606
            ],
            [
              105.62800544964168,
              21.16608908753481
            ]
          ]
        ]
      }
    },
    {
      "type": "Feature",
      "id": "qhpk_179",
      "properties": {
        "name": "Cụm công nghiệp tập trung, kho vận CN-17-23",
        "district": "Huyện Sóc Sơn",
        "code": "CN",
        "land_use": "Đất công nghiệp phi nông nghiệp, sản xuất sạch, kho bãi tập trung.",
        "area_ha": 521.5,
        "density": "65%",
        "height_limit": "5-9 tầng",
        "notes": "Quy hoạch chung xây dựng Thủ đô đến năm 2030 và tầm nhìn đến năm 2050."
      },
      "geometry": {
        "type": "Polygon",
        "coordinates": [
          [
            [
              105.62800544964168,
              21.16608908753481
            ],
            [
              105.64938064837632,
              21.16641773859606
            ],
            [
              105.65071094477089,
              21.184143476447556
            ],
            [
              105.63036958039055,
              21.19114571839983
            ],
            [
              105.62800544964168,
              21.16608908753481
            ]
          ]
        ]
      }
    },
    {
      "type": "Feature",
      "id": "qhpk_180",
      "properties": {
        "name": "Tổ hợp dịch vụ, trung tâm thương mại TMDV-17-24",
        "district": "Huyện Sóc Sơn",
        "code": "TMDV",
        "land_use": "Đất thương mại dịch vụ cao tầng, văn phòng, siêu thị, khách sạn.",
        "area_ha": 556,
        "density": "45%",
        "height_limit": "5-9 tầng",
        "notes": "Quy hoạch chung xây dựng Thủ đô đến năm 2030 và tầm nhìn đến năm 2050."
      },
      "geometry": {
        "type": "Polygon",
        "coordinates": [
          [
            [
              105.63036958039055,
              21.19114571839983
            ],
            [
              105.65071094477089,
              21.184143476447556
            ],
            [
              105.65339529179775,
              21.21132364317918
            ],
            [
              105.63936246064716,
              21.211686185217637
            ],
            [
              105.639,
              21.207256
            ],
            [
              105.63152889098845,
              21.208824552459927
            ],
            [
              105.63036958039055,
              21.19114571839983
            ]
          ]
        ]
      }
    },
    {
      "type": "Feature",
      "id": "qhpk_181",
      "properties": {
        "name": "Công viên cây xanh, hồ điều hòa CX-18-6",
        "district": "Huyện Mỹ Đức",
        "code": "CX",
        "land_use": "Đất cây xanh công viên, mặt nước cảnh quan điều hòa khí hậu đô thị.",
        "area_ha": 542.7,
        "density": "45%",
        "height_limit": "5-9 tầng",
        "notes": "Quy hoạch chung xây dựng Thủ đô đến năm 2030 và tầm nhìn đến năm 2050."
      },
      "geometry": {
        "type": "Polygon",
        "coordinates": [
          [
            [
              105.65201160497782,
              20.753739383730995
            ],
            [
              105.653609,
              20.752969
            ],
            [
              105.654396,
              20.74761
            ],
            [
              105.657142,
              20.743518
            ],
            [
              105.657839,
              20.740851
            ],
            [
              105.661188,
              20.739486
            ],
            [
              105.663606,
              20.736293
            ],
            [
              105.667058,
              20.735052
            ],
            [
              105.66581014120463,
              20.732786897108554
            ],
            [
              105.6743848265098,
              20.73555505113095
            ],
            [
              105.67408092611267,
              20.75887326308035
            ],
            [
              105.65288552589637,
              20.762251057662557
            ],
            [
              105.65201160497782,
              20.753739383730995
            ]
          ]
        ]
      }
    },
    {
      "type": "Feature",
      "id": "qhpk_182",
      "properties": {
        "name": "Khu đô thị hỗn hợp cao tầng HHT-18-7",
        "district": "Quận Hai Bà Trưng",
        "code": "HHT",
        "land_use": "Đất hỗn hợp đa chức năng kết hợp nhà ở và trung tâm thương mại.",
        "area_ha": 576.2,
        "density": "45%",
        "height_limit": "18-35 tầng",
        "notes": "Quy hoạch chung xây dựng Thủ đô đến năm 2030 và tầm nhìn đến năm 2050."
      },
      "geometry": {
        "type": "Polygon",
        "coordinates": [
          [
            [
              105.65288552589637,
              20.762251057662557
            ],
            [
              105.67408092611267,
              20.75887326308035
            ],
            [
              105.67343704430213,
              20.78748331903212
            ],
            [
              105.65409274542226,
              20.782837378035772
            ],
            [
              105.65288552589637,
              20.762251057662557
            ]
          ]
        ]
      }
    },
    {
      "type": "Feature",
      "id": "qhpk_183",
      "properties": {
        "name": "Công viên cây xanh, hồ điều hòa CX-18-8",
        "district": "Quận Đống Đa",
        "code": "CX",
        "land_use": "Đất cây xanh công viên, mặt nước cảnh quan điều hòa khí hậu đô thị.",
        "area_ha": 454.7,
        "density": "45%",
        "height_limit": "5-9 tầng",
        "notes": "Quy hoạch chung xây dựng Thủ đô đến năm 2030 và tầm nhìn đến năm 2050."
      },
      "geometry": {
        "type": "Polygon",
        "coordinates": [
          [
            [
              105.65025050591598,
              20.802798134093113
            ],
            [
              105.65409274542226,
              20.782837378035772
            ],
            [
              105.67343704430213,
              20.78748331903212
            ],
            [
              105.67183090722712,
              20.805053902337082
            ],
            [
              105.65025050591598,
              20.802798134093113
            ]
          ]
        ]
      }
    },
    {
      "type": "Feature",
      "id": "qhpk_184",
      "properties": {
        "name": "Cụm công nghiệp tập trung, kho vận CN-18-9",
        "district": "Quận Cầu Giấy",
        "code": "CN",
        "land_use": "Đất công nghiệp phi nông nghiệp, sản xuất sạch, kho bãi tập trung.",
        "area_ha": 543.5,
        "density": "65%",
        "height_limit": "5-9 tầng",
        "notes": "Quy hoạch chung xây dựng Thủ đô đến năm 2030 và tầm nhìn đến năm 2050."
      },
      "geometry": {
        "type": "Polygon",
        "coordinates": [
          [
            [
              105.65025050591598,
              20.802798134093113
            ],
            [
              105.67183090722712,
              20.805053902337082
            ],
            [
              105.66729124437474,
              20.830442126692883
            ],
            [
              105.65204194519224,
              20.82814453001699
            ],
            [
              105.65025050591598,
              20.802798134093113
            ]
          ]
        ]
      }
    },
    {
      "type": "Feature",
      "id": "qhpk_185",
      "properties": {
        "name": "Khu đô thị hỗn hợp cao tầng HHT-18-10",
        "district": "Quận Tây Hồ",
        "code": "HHT",
        "land_use": "Đất hỗn hợp đa chức năng kết hợp nhà ở và trung tâm thương mại.",
        "area_ha": 576.3,
        "density": "45%",
        "height_limit": "18-35 tầng",
        "notes": "Quy hoạch chung xây dựng Thủ đô đến năm 2030 và tầm nhìn đến năm 2050."
      },
      "geometry": {
        "type": "Polygon",
        "coordinates": [
          [
            [
              105.64840242640163,
              20.855957633307355
            ],
            [
              105.65204194519224,
              20.82814453001699
            ],
            [
              105.66729124437474,
              20.830442126692883
            ],
            [
              105.67262266037955,
              20.853146249666153
            ],
            [
              105.64840242640163,
              20.855957633307355
            ]
          ]
        ]
      }
    },
    {
      "type": "Feature",
      "id": "qhpk_186",
      "properties": {
        "name": "Công viên cây xanh, hồ điều hòa CX-18-11",
        "district": "Quận Ba Đình",
        "code": "CX",
        "land_use": "Đất cây xanh công viên, mặt nước cảnh quan điều hòa khí hậu đô thị.",
        "area_ha": 887.2,
        "density": "45%",
        "height_limit": "5-9 tầng",
        "notes": "Quy hoạch chung xây dựng Thủ đô đến năm 2030 và tầm nhìn đến năm 2050."
      },
      "geometry": {
        "type": "Polygon",
        "coordinates": [
          [
            [
              105.6454460549899,
              20.879458543197423
            ],
            [
              105.64840242640163,
              20.855957633307355
            ],
            [
              105.67262266037955,
              20.853146249666153
            ],
            [
              105.67274607869842,
              20.88890495868256
            ],
            [
              105.6454460549899,
              20.879458543197423
            ]
          ]
        ]
      }
    },
    {
      "type": "Feature",
      "id": "qhpk_187",
      "properties": {
        "name": "Khu dân cư hiện trạng chỉnh trang ODT-18-12",
        "district": "Quận Cầu Giấy",
        "code": "ODT",
        "land_use": "Đất ở tại đô thị, phục vụ cải tạo chỉnh trang và xây mới nhà ở.",
        "area_ha": 594.5,
        "density": "55%",
        "height_limit": "3-7 tầng",
        "notes": "Quy hoạch chung xây dựng Thủ đô đến năm 2030 và tầm nhìn đến năm 2050."
      },
      "geometry": {
        "type": "Polygon",
        "coordinates": [
          [
            [
              105.6454460549899,
              20.879458543197423
            ],
            [
              105.67274607869842,
              20.88890495868256
            ],
            [
              105.66988966131646,
              20.906940856294497
            ],
            [
              105.65247227241153,
              20.90821919685394
            ],
            [
              105.6454460549899,
              20.879458543197423
            ]
          ]
        ]
      }
    },
    {
      "type": "Feature",
      "id": "qhpk_188",
      "properties": {
        "name": "Khu dân cư hiện trạng chỉnh trang ODT-18-13",
        "district": "Quận Hai Bà Trưng",
        "code": "ODT",
        "land_use": "Đất ở tại đô thị, phục vụ cải tạo chỉnh trang và xây mới nhà ở.",
        "area_ha": 479.5,
        "density": "55%",
        "height_limit": "3-7 tầng",
        "notes": "Quy hoạch chung xây dựng Thủ đô đến năm 2030 và tầm nhìn đến năm 2050."
      },
      "geometry": {
        "type": "Polygon",
        "coordinates": [
          [
            [
              105.65214513661367,
              20.929115138044118
            ],
            [
              105.65247227241153,
              20.90821919685394
            ],
            [
              105.66988966131646,
              20.906940856294497
            ],
            [
              105.66952894323305,
              20.93370054037491
            ],
            [
              105.65214513661367,
              20.929115138044118
            ]
          ]
        ]
      }
    },
    {
      "type": "Feature",
      "id": "qhpk_189",
      "properties": {
        "name": "Khu dân cư hiện trạng chỉnh trang ODT-18-14",
        "district": "Quận Cầu Giấy",
        "code": "ODT",
        "land_use": "Đất ở tại đô thị, phục vụ cải tạo chỉnh trang và xây mới nhà ở.",
        "area_ha": 511.9,
        "density": "55%",
        "height_limit": "3-7 tầng",
        "notes": "Quy hoạch chung xây dựng Thủ đô đến năm 2030 và tầm nhìn đến năm 2050."
      },
      "geometry": {
        "type": "Polygon",
        "coordinates": [
          [
            [
              105.65026856049303,
              20.957149977862088
            ],
            [
              105.65214513661367,
              20.929115138044118
            ],
            [
              105.66952894323305,
              20.93370054037491
            ],
            [
              105.66685692756427,
              20.957236323823636
            ],
            [
              105.65026856049303,
              20.957149977862088
            ]
          ]
        ]
      }
    },
    {
      "type": "Feature",
      "id": "qhpk_190",
      "properties": {
        "name": "Khu đô thị hỗn hợp cao tầng HHT-18-15",
        "district": "Quận Cầu Giấy",
        "code": "HHT",
        "land_use": "Đất hỗn hợp đa chức năng kết hợp nhà ở và trung tâm thương mại.",
        "area_ha": 530.6,
        "density": "45%",
        "height_limit": "18-35 tầng",
        "notes": "Quy hoạch chung xây dựng Thủ đô đến năm 2030 và tầm nhìn đến năm 2050."
      },
      "geometry": {
        "type": "Polygon",
        "coordinates": [
          [
            [
              105.64630972463668,
              20.979599755475206
            ],
            [
              105.65026856049303,
              20.957149977862088
            ],
            [
              105.66685692756427,
              20.957236323823636
            ],
            [
              105.6708243472002,
              20.979507509293665
            ],
            [
              105.64630972463668,
              20.979599755475206
            ]
          ]
        ]
      }
    },
    {
      "type": "Feature",
      "id": "qhpk_191",
      "properties": {
        "name": "Khu dân cư hiện trạng chỉnh trang ODT-18-16",
        "district": "Quận Long Biên",
        "code": "ODT",
        "land_use": "Đất ở tại đô thị, phục vụ cải tạo chỉnh trang và xây mới nhà ở.",
        "area_ha": 709.2,
        "density": "55%",
        "height_limit": "3-7 tầng",
        "notes": "Quy hoạch chung xây dựng Thủ đô đến năm 2030 và tầm nhìn đến năm 2050."
      },
      "geometry": {
        "type": "Polygon",
        "coordinates": [
          [
            [
              105.64630972463668,
              20.979599755475206
            ],
            [
              105.6708243472002,
              20.979507509293665
            ],
            [
              105.67025715215249,
              21.005513784420764
            ],
            [
              105.6544098768879,
              21.013054844402124
            ],
            [
              105.64630972463668,
              20.979599755475206
            ]
          ]
        ]
      }
    },
    {
      "type": "Feature",
      "id": "qhpk_192",
      "properties": {
        "name": "Khu dân cư hiện trạng chỉnh trang ODT-18-17",
        "district": "Quận Hoàn Kiếm",
        "code": "ODT",
        "land_use": "Đất ở tại đô thị, phục vụ cải tạo chỉnh trang và xây mới nhà ở.",
        "area_ha": 508.3,
        "density": "55%",
        "height_limit": "3-7 tầng",
        "notes": "Quy hoạch chung xây dựng Thủ đô đến năm 2030 và tầm nhìn đến năm 2050."
      },
      "geometry": {
        "type": "Polygon",
        "coordinates": [
          [
            [
              105.6491833906998,
              21.03300706189601
            ],
            [
              105.6544098768879,
              21.013054844402124
            ],
            [
              105.67025715215249,
              21.005513784420764
            ],
            [
              105.67026484352542,
              21.03417045857313
            ],
            [
              105.6491833906998,
              21.03300706189601
            ]
          ]
        ]
      }
    },
    {
      "type": "Feature",
      "id": "qhpk_193",
      "properties": {
        "name": "Công viên cây xanh, hồ điều hòa CX-18-18",
        "district": "Quận Cầu Giấy",
        "code": "CX",
        "land_use": "Đất cây xanh công viên, mặt nước cảnh quan điều hòa khí hậu đô thị.",
        "area_ha": 612.5,
        "density": "45%",
        "height_limit": "5-9 tầng",
        "notes": "Quy hoạch chung xây dựng Thủ đô đến năm 2030 và tầm nhìn đến năm 2050."
      },
      "geometry": {
        "type": "Polygon",
        "coordinates": [
          [
            [
              105.6491833906998,
              21.03300706189601
            ],
            [
              105.67026484352542,
              21.03417045857313
            ],
            [
              105.66716047935657,
              21.066560952088693
            ],
            [
              105.65291437022546,
              21.060841169980527
            ],
            [
              105.6491833906998,
              21.03300706189601
            ]
          ]
        ]
      }
    },
    {
      "type": "Feature",
      "id": "qhpk_194",
      "properties": {
        "name": "Tổ hợp dịch vụ, trung tâm thương mại TMDV-18-19",
        "district": "Quận Long Biên",
        "code": "TMDV",
        "land_use": "Đất thương mại dịch vụ cao tầng, văn phòng, siêu thị, khách sạn.",
        "area_ha": 359.6,
        "density": "45%",
        "height_limit": "5-9 tầng",
        "notes": "Quy hoạch chung xây dựng Thủ đô đến năm 2030 và tầm nhìn đến năm 2050."
      },
      "geometry": {
        "type": "Polygon",
        "coordinates": [
          [
            [
              105.64924219208024,
              21.08219771793126
            ],
            [
              105.65291437022546,
              21.060841169980527
            ],
            [
              105.66716047935657,
              21.066560952088693
            ],
            [
              105.6682488034277,
              21.082248501389955
            ],
            [
              105.64924219208024,
              21.08219771793126
            ]
          ]
        ]
      }
    },
    {
      "type": "Feature",
      "id": "qhpk_195",
      "properties": {
        "name": "Cụm công nghiệp tập trung, kho vận CN-18-20",
        "district": "Quận Nam Từ Liêm",
        "code": "CN",
        "land_use": "Đất công nghiệp phi nông nghiệp, sản xuất sạch, kho bãi tập trung.",
        "area_ha": 676.6,
        "density": "65%",
        "height_limit": "5-9 tầng",
        "notes": "Quy hoạch chung xây dựng Thủ đô đến năm 2030 và tầm nhìn đến năm 2050."
      },
      "geometry": {
        "type": "Polygon",
        "coordinates": [
          [
            [
              105.64587049551582,
              21.106046005418907
            ],
            [
              105.64924219208024,
              21.08219771793126
            ],
            [
              105.6682488034277,
              21.082248501389955
            ],
            [
              105.67161235980367,
              21.110824526854724
            ],
            [
              105.64587049551582,
              21.106046005418907
            ]
          ]
        ]
      }
    },
    {
      "type": "Feature",
      "id": "qhpk_196",
      "properties": {
        "name": "Khu đô thị hỗn hợp cao tầng HHT-18-21",
        "district": "Quận Hoàn Kiếm",
        "code": "HHT",
        "land_use": "Đất hỗn hợp đa chức năng kết hợp nhà ở và trung tâm thương mại.",
        "area_ha": 736.6,
        "density": "45%",
        "height_limit": "18-35 tầng",
        "notes": "Quy hoạch chung xây dựng Thủ đô đến năm 2030 và tầm nhìn đến năm 2050."
      },
      "geometry": {
        "type": "Polygon",
        "coordinates": [
          [
            [
              105.64587049551582,
              21.106046005418907
            ],
            [
              105.67161235980367,
              21.110824526854724
            ],
            [
              105.67279693374479,
              21.141640993167794
            ],
            [
              105.65265852146653,
              21.133204490319127
            ],
            [
              105.64587049551582,
              21.106046005418907
            ]
          ]
        ]
      }
    },
    {
      "type": "Feature",
      "id": "qhpk_197",
      "properties": {
        "name": "Khu đô thị hỗn hợp cao tầng HHT-18-22",
        "district": "Huyện Sóc Sơn",
        "code": "HHT",
        "land_use": "Đất hỗn hợp đa chức năng kết hợp nhà ở và trung tâm thương mại.",
        "area_ha": 642.4,
        "density": "45%",
        "height_limit": "18-35 tầng",
        "notes": "Quy hoạch chung xây dựng Thủ đô đến năm 2030 và tầm nhìn đến năm 2050."
      },
      "geometry": {
        "type": "Polygon",
        "coordinates": [
          [
            [
              105.64938064837632,
              21.16641773859606
            ],
            [
              105.65265852146653,
              21.133204490319127
            ],
            [
              105.67279693374479,
              21.141640993167794
            ],
            [
              105.66980251726827,
              21.162642819098455
            ],
            [
              105.64938064837632,
              21.16641773859606
            ]
          ]
        ]
      }
    },
    {
      "type": "Feature",
      "id": "qhpk_198",
      "properties": {
        "name": "Công viên cây xanh, hồ điều hòa CX-18-23",
        "district": "Huyện Sóc Sơn",
        "code": "CX",
        "land_use": "Đất cây xanh công viên, mặt nước cảnh quan điều hòa khí hậu đô thị.",
        "area_ha": 508.5,
        "density": "45%",
        "height_limit": "5-9 tầng",
        "notes": "Quy hoạch chung xây dựng Thủ đô đến năm 2030 và tầm nhìn đến năm 2050."
      },
      "geometry": {
        "type": "Polygon",
        "coordinates": [
          [
            [
              105.64938064837632,
              21.16641773859606
            ],
            [
              105.66980251726827,
              21.162642819098455
            ],
            [
              105.66668013273535,
              21.193138608429674
            ],
            [
              105.65071094477089,
              21.184143476447556
            ],
            [
              105.64938064837632,
              21.16641773859606
            ]
          ]
        ]
      }
    },
    {
      "type": "Feature",
      "id": "qhpk_199",
      "properties": {
        "name": "Tổ hợp dịch vụ, trung tâm thương mại TMDV-18-24",
        "district": "Huyện Sóc Sơn",
        "code": "TMDV",
        "land_use": "Đất thương mại dịch vụ cao tầng, văn phòng, siêu thị, khách sạn.",
        "area_ha": 484,
        "density": "45%",
        "height_limit": "5-9 tầng",
        "notes": "Quy hoạch chung xây dựng Thủ đô đến năm 2030 và tầm nhìn đến năm 2050."
      },
      "geometry": {
        "type": "Polygon",
        "coordinates": [
          [
            [
              105.65071094477089,
              21.184143476447556
            ],
            [
              105.66668013273535,
              21.193138608429674
            ],
            [
              105.67187968872416,
              21.21837311827999
            ],
            [
              105.65339529179775,
              21.21132364317918
            ],
            [
              105.65071094477089,
              21.184143476447556
            ]
          ]
        ]
      }
    },
    {
      "type": "Feature",
      "id": "qhpk_200",
      "properties": {
        "name": "Khu đô thị hỗn hợp cao tầng HHT-18-25",
        "district": "Huyện Sóc Sơn",
        "code": "HHT",
        "land_use": "Đất hỗn hợp đa chức năng kết hợp nhà ở và trung tâm thương mại.",
        "area_ha": 431,
        "density": "45%",
        "height_limit": "18-35 tầng",
        "notes": "Quy hoạch chung xây dựng Thủ đô đến năm 2030 và tầm nhìn đến năm 2050."
      },
      "geometry": {
        "type": "Polygon",
        "coordinates": [
          [
            [
              105.64938311109952,
              21.236756790591528
            ],
            [
              105.65103778439726,
              21.226267843790247
            ],
            [
              105.651863,
              21.225934
            ],
            [
              105.654711,
              21.227536
            ],
            [
              105.65907,
              21.223128
            ],
            [
              105.658129,
              21.220236
            ],
            [
              105.653133,
              21.217714
            ],
            [
              105.65241729994288,
              21.217523117451105
            ],
            [
              105.65339529179775,
              21.21132364317918
            ],
            [
              105.67187968872416,
              21.21837311827999
            ],
            [
              105.66973680093552,
              21.23309892912864
            ],
            [
              105.668847,
              21.233181
            ],
            [
              105.668545,
              21.236197
            ],
            [
              105.667078,
              21.239427
            ],
            [
              105.661445,
              21.234966
            ],
            [
              105.656639,
              21.234828
            ],
            [
              105.65287233486895,
              21.23788657390657
            ],
            [
              105.64938311109952,
              21.236756790591528
            ]
          ]
        ]
      }
    },
    {
      "type": "Feature",
      "id": "qhpk_201",
      "properties": {
        "name": "Công viên cây xanh, hồ điều hòa CX-19-1",
        "district": "Huyện Mỹ Đức",
        "code": "CX",
        "land_use": "Đất cây xanh công viên, mặt nước cảnh quan điều hòa khí hậu đô thị.",
        "area_ha": 258.5,
        "density": "45%",
        "height_limit": "5-9 tầng",
        "notes": "Quy hoạch chung xây dựng Thủ đô đến năm 2030 và tầm nhìn đến năm 2050."
      },
      "geometry": {
        "type": "Polygon",
        "coordinates": [
          [
            [
              105.67306669484677,
              20.61605244320638
            ],
            [
              105.675328,
              20.61689
            ],
            [
              105.67707,
              20.616173
            ],
            [
              105.677535,
              20.617694
            ],
            [
              105.68157,
              20.617887
            ],
            [
              105.683161,
              20.616321
            ],
            [
              105.685118,
              20.616887
            ],
            [
              105.686937,
              20.615929
            ],
            [
              105.689319,
              20.620136
            ],
            [
              105.691994,
              20.622095
            ],
            [
              105.69300184848683,
              20.62157947186723
            ],
            [
              105.69430937675708,
              20.63140061771614
            ],
            [
              105.67502423546806,
              20.62789364621812
            ],
            [
              105.67306669484677,
              20.61605244320638
            ]
          ]
        ]
      }
    },
    {
      "type": "Feature",
      "id": "qhpk_202",
      "properties": {
        "name": "Khu dân cư hiện trạng chỉnh trang ODT-19-2",
        "district": "Huyện Mỹ Đức",
        "code": "ODT",
        "land_use": "Đất ở tại đô thị, phục vụ cải tạo chỉnh trang và xây mới nhà ở.",
        "area_ha": 285.1,
        "density": "55%",
        "height_limit": "3-7 tầng",
        "notes": "Quy hoạch chung xây dựng Thủ đô đến năm 2030 và tầm nhìn đến năm 2050."
      },
      "geometry": {
        "type": "Polygon",
        "coordinates": [
          [
            [
              105.67497793549428,
              20.62967581272485
            ],
            [
              105.67502423546806,
              20.62789364621812
            ],
            [
              105.69430937675708,
              20.63140061771614
            ],
            [
              105.6873067314924,
              20.655775532085894
            ],
            [
              105.67982932433873,
              20.657298212342248
            ],
            [
              105.680542,
              20.655757
            ],
            [
              105.679624,
              20.65434
            ],
            [
              105.681232,
              20.652204
            ],
            [
              105.67894,
              20.647383
            ],
            [
              105.679233,
              20.645339
            ],
            [
              105.680917,
              20.641923
            ],
            [
              105.686832,
              20.637931
            ],
            [
              105.683383,
              20.635477
            ],
            [
              105.684504,
              20.633122
            ],
            [
              105.680812,
              20.629563
            ],
            [
              105.678184,
              20.628743
            ],
            [
              105.676909,
              20.63029
            ],
            [
              105.67497793549428,
              20.62967581272485
            ]
          ]
        ]
      }
    },
    {
      "type": "Feature",
      "id": "qhpk_203",
      "properties": {
        "name": "Cụm công nghiệp tập trung, kho vận CN-19-3",
        "district": "Huyện Mỹ Đức",
        "code": "CN",
        "land_use": "Đất công nghiệp phi nông nghiệp, sản xuất sạch, kho bãi tập trung.",
        "area_ha": 442.9,
        "density": "65%",
        "height_limit": "5-9 tầng",
        "notes": "Quy hoạch chung xây dựng Thủ đô đến năm 2030 và tầm nhìn đến năm 2050."
      },
      "geometry": {
        "type": "Polygon",
        "coordinates": [
          [
            [
              105.66847738660393,
              20.678895255595755
            ],
            [
              105.671942,
              20.67162
            ],
            [
              105.673466,
              20.67015
            ],
            [
              105.672223,
              20.667779
            ],
            [
              105.673484,
              20.665238
            ],
            [
              105.675462,
              20.663805
            ],
            [
              105.676978,
              20.66468
            ],
            [
              105.677467,
              20.665897
            ],
            [
              105.677025,
              20.667572
            ],
            [
              105.676265,
              20.667661
            ],
            [
              105.676478,
              20.670226
            ],
            [
              105.679182,
              20.668319
            ],
            [
              105.679249,
              20.665338
            ],
            [
              105.681859,
              20.662342
            ],
            [
              105.679169,
              20.661228
            ],
            [
              105.678629,
              20.659894
            ],
            [
              105.67982932433873,
              20.657298212342248
            ],
            [
              105.6873067314924,
              20.655775532085894
            ],
            [
              105.69231477417516,
              20.684172923042517
            ],
            [
              105.66847738660393,
              20.678895255595755
            ]
          ]
        ]
      }
    },
    {
      "type": "Feature",
      "id": "qhpk_204",
      "properties": {
        "name": "Cụm công nghiệp tập trung, kho vận CN-19-4",
        "district": "Huyện Mỹ Đức",
        "code": "CN",
        "land_use": "Đất công nghiệp phi nông nghiệp, sản xuất sạch, kho bãi tập trung.",
        "area_ha": 418.8,
        "density": "65%",
        "height_limit": "5-9 tầng",
        "notes": "Quy hoạch chung xây dựng Thủ đô đến năm 2030 và tầm nhìn đến năm 2050."
      },
      "geometry": {
        "type": "Polygon",
        "coordinates": [
          [
            [
              105.667937,
              20.68003
            ],
            [
              105.66847738660393,
              20.678895255595755
            ],
            [
              105.69231477417516,
              20.684172923042517
            ],
            [
              105.6941815948856,
              20.70377636920973
            ],
            [
              105.67306673381364,
              20.71023029421235
            ],
            [
              105.67239798265437,
              20.706545031041454
            ],
            [
              105.673066,
              20.705705
            ],
            [
              105.674863,
              20.703708
            ],
            [
              105.67654,
              20.703329
            ],
            [
              105.679643,
              20.70091
            ],
            [
              105.680127,
              20.699414
            ],
            [
              105.68175,
              20.699065
            ],
            [
              105.681057,
              20.697447
            ],
            [
              105.682068,
              20.695331
            ],
            [
              105.680832,
              20.69169
            ],
            [
              105.678866,
              20.690497
            ],
            [
              105.679696,
              20.689737
            ],
            [
              105.679928,
              20.687439
            ],
            [
              105.678963,
              20.684066
            ],
            [
              105.677621,
              20.683653
            ],
            [
              105.677221,
              20.682233
            ],
            [
              105.674675,
              20.682048
            ],
            [
              105.672474,
              20.680225
            ],
            [
              105.669605,
              20.680789
            ],
            [
              105.667937,
              20.68003
            ]
          ]
        ]
      }
    },
    {
      "type": "Feature",
      "id": "qhpk_205",
      "properties": {
        "name": "Khu dân cư hiện trạng chỉnh trang ODT-19-5",
        "district": "Huyện Mỹ Đức",
        "code": "ODT",
        "land_use": "Đất ở tại đô thị, phục vụ cải tạo chỉnh trang và xây mới nhà ở.",
        "area_ha": 613.6,
        "density": "55%",
        "height_limit": "3-7 tầng",
        "notes": "Quy hoạch chung xây dựng Thủ đô đến năm 2030 và tầm nhìn đến năm 2050."
      },
      "geometry": {
        "type": "Polygon",
        "coordinates": [
          [
            [
              105.67306673381364,
              20.71023029421235
            ],
            [
              105.6941815948856,
              20.70377636920973
            ],
            [
              105.69222983896357,
              20.733076364849374
            ],
            [
              105.6743848265098,
              20.73555505113095
            ],
            [
              105.67306673381364,
              20.71023029421235
            ]
          ]
        ]
      }
    },
    {
      "type": "Feature",
      "id": "qhpk_206",
      "properties": {
        "name": "Khu dân cư hiện trạng chỉnh trang ODT-19-6",
        "district": "Huyện Mỹ Đức",
        "code": "ODT",
        "land_use": "Đất ở tại đô thị, phục vụ cải tạo chỉnh trang và xây mới nhà ở.",
        "area_ha": 539.8,
        "density": "55%",
        "height_limit": "3-7 tầng",
        "notes": "Quy hoạch chung xây dựng Thủ đô đến năm 2030 và tầm nhìn đến năm 2050."
      },
      "geometry": {
        "type": "Polygon",
        "coordinates": [
          [
            [
              105.67408092611267,
              20.75887326308035
            ],
            [
              105.6743848265098,
              20.73555505113095
            ],
            [
              105.69222983896357,
              20.733076364849374
            ],
            [
              105.69461085418897,
              20.758249150593077
            ],
            [
              105.67408092611267,
              20.75887326308035
            ]
          ]
        ]
      }
    },
    {
      "type": "Feature",
      "id": "qhpk_207",
      "properties": {
        "name": "Khu đô thị hỗn hợp cao tầng HHT-19-7",
        "district": "Quận Cầu Giấy",
        "code": "HHT",
        "land_use": "Đất hỗn hợp đa chức năng kết hợp nhà ở và trung tâm thương mại.",
        "area_ha": 454,
        "density": "45%",
        "height_limit": "18-35 tầng",
        "notes": "Quy hoạch chung xây dựng Thủ đô đến năm 2030 và tầm nhìn đến năm 2050."
      },
      "geometry": {
        "type": "Polygon",
        "coordinates": [
          [
            [
              105.67343704430213,
              20.78748331903212
            ],
            [
              105.67408092611267,
              20.75887326308035
            ],
            [
              105.69461085418897,
              20.758249150593077
            ],
            [
              105.68757289345292,
              20.77733562013239
            ],
            [
              105.67343704430213,
              20.78748331903212
            ]
          ]
        ]
      }
    },
    {
      "type": "Feature",
      "id": "qhpk_208",
      "properties": {
        "name": "Công viên cây xanh, hồ điều hòa CX-19-8",
        "district": "Quận Nam Từ Liêm",
        "code": "CX",
        "land_use": "Đất cây xanh công viên, mặt nước cảnh quan điều hòa khí hậu đô thị.",
        "area_ha": 468.7,
        "density": "45%",
        "height_limit": "5-9 tầng",
        "notes": "Quy hoạch chung xây dựng Thủ đô đến năm 2030 và tầm nhìn đến năm 2050."
      },
      "geometry": {
        "type": "Polygon",
        "coordinates": [
          [
            [
              105.67183090722712,
              20.805053902337082
            ],
            [
              105.67343704430213,
              20.78748331903212
            ],
            [
              105.68757289345292,
              20.77733562013239
            ],
            [
              105.69171202148488,
              20.806824190412883
            ],
            [
              105.67183090722712,
              20.805053902337082
            ]
          ]
        ]
      }
    },
    {
      "type": "Feature",
      "id": "qhpk_209",
      "properties": {
        "name": "Khu hành chính công sở, liên cơ quan HCTH-19-9",
        "district": "Quận Long Biên",
        "code": "HCTH",
        "land_use": "Đất hành chính công sở, cơ quan đầu não nhà nước địa phương.",
        "area_ha": 680.8,
        "density": "25%",
        "height_limit": "5-9 tầng",
        "notes": "Quy hoạch chung xây dựng Thủ đô đến năm 2030 và tầm nhìn đến năm 2050."
      },
      "geometry": {
        "type": "Polygon",
        "coordinates": [
          [
            [
              105.66729124437474,
              20.830442126692883
            ],
            [
              105.67183090722712,
              20.805053902337082
            ],
            [
              105.69171202148488,
              20.806824190412883
            ],
            [
              105.69423062634617,
              20.8316354644634
            ],
            [
              105.66729124437474,
              20.830442126692883
            ]
          ]
        ]
      }
    },
    {
      "type": "Feature",
      "id": "qhpk_210",
      "properties": {
        "name": "Khu đô thị hỗn hợp cao tầng HHT-19-10",
        "district": "Quận Tây Hồ",
        "code": "HHT",
        "land_use": "Đất hỗn hợp đa chức năng kết hợp nhà ở và trung tâm thương mại.",
        "area_ha": 667.3,
        "density": "45%",
        "height_limit": "18-35 tầng",
        "notes": "Quy hoạch chung xây dựng Thủ đô đến năm 2030 và tầm nhìn đến năm 2050."
      },
      "geometry": {
        "type": "Polygon",
        "coordinates": [
          [
            [
              105.66729124437474,
              20.830442126692883
            ],
            [
              105.69423062634617,
              20.8316354644634
            ],
            [
              105.69541343929431,
              20.855898082485307
            ],
            [
              105.67262266037955,
              20.853146249666153
            ],
            [
              105.66729124437474,
              20.830442126692883
            ]
          ]
        ]
      }
    },
    {
      "type": "Feature",
      "id": "qhpk_211",
      "properties": {
        "name": "Công viên cây xanh, hồ điều hòa CX-19-11",
        "district": "Quận Long Biên",
        "code": "CX",
        "land_use": "Đất cây xanh công viên, mặt nước cảnh quan điều hòa khí hậu đô thị.",
        "area_ha": 743.5,
        "density": "45%",
        "height_limit": "5-9 tầng",
        "notes": "Quy hoạch chung xây dựng Thủ đô đến năm 2030 và tầm nhìn đến năm 2050."
      },
      "geometry": {
        "type": "Polygon",
        "coordinates": [
          [
            [
              105.67262266037955,
              20.853146249666153
            ],
            [
              105.69541343929431,
              20.855898082485307
            ],
            [
              105.68860906992397,
              20.886648911350083
            ],
            [
              105.67274607869842,
              20.88890495868256
            ],
            [
              105.67262266037955,
              20.853146249666153
            ]
          ]
        ]
      }
    },
    {
      "type": "Feature",
      "id": "qhpk_212",
      "properties": {
        "name": "Tổ hợp dịch vụ, trung tâm thương mại TMDV-19-12",
        "district": "Quận Tây Hồ",
        "code": "TMDV",
        "land_use": "Đất thương mại dịch vụ cao tầng, văn phòng, siêu thị, khách sạn.",
        "area_ha": 438.8,
        "density": "45%",
        "height_limit": "5-9 tầng",
        "notes": "Quy hoạch chung xây dựng Thủ đô đến năm 2030 và tầm nhìn đến năm 2050."
      },
      "geometry": {
        "type": "Polygon",
        "coordinates": [
          [
            [
              105.66988966131646,
              20.906940856294497
            ],
            [
              105.67274607869842,
              20.88890495868256
            ],
            [
              105.68860906992397,
              20.886648911350083
            ],
            [
              105.68872762876241,
              20.912171183662227
            ],
            [
              105.66988966131646,
              20.906940856294497
            ]
          ]
        ]
      }
    },
    {
      "type": "Feature",
      "id": "qhpk_213",
      "properties": {
        "name": "Khu đô thị hỗn hợp cao tầng HHT-19-13",
        "district": "Quận Hai Bà Trưng",
        "code": "HHT",
        "land_use": "Đất hỗn hợp đa chức năng kết hợp nhà ở và trung tâm thương mại.",
        "area_ha": 639,
        "density": "45%",
        "height_limit": "18-35 tầng",
        "notes": "Quy hoạch chung xây dựng Thủ đô đến năm 2030 và tầm nhìn đến năm 2050."
      },
      "geometry": {
        "type": "Polygon",
        "coordinates": [
          [
            [
              105.66952894323305,
              20.93370054037491
            ],
            [
              105.66988966131646,
              20.906940856294497
            ],
            [
              105.68872762876241,
              20.912171183662227
            ],
            [
              105.69517439412782,
              20.93622105267756
            ],
            [
              105.66952894323305,
              20.93370054037491
            ]
          ]
        ]
      }
    },
    {
      "type": "Feature",
      "id": "qhpk_214",
      "properties": {
        "name": "Khu dân cư hiện trạng chỉnh trang ODT-19-14",
        "district": "Quận Long Biên",
        "code": "ODT",
        "land_use": "Đất ở tại đô thị, phục vụ cải tạo chỉnh trang và xây mới nhà ở.",
        "area_ha": 547.1,
        "density": "55%",
        "height_limit": "3-7 tầng",
        "notes": "Quy hoạch chung xây dựng Thủ đô đến năm 2030 và tầm nhìn đến năm 2050."
      },
      "geometry": {
        "type": "Polygon",
        "coordinates": [
          [
            [
              105.66685692756427,
              20.957236323823636
            ],
            [
              105.66952894323305,
              20.93370054037491
            ],
            [
              105.69517439412782,
              20.93622105267756
            ],
            [
              105.68700076809013,
              20.954198141687925
            ],
            [
              105.66685692756427,
              20.957236323823636
            ]
          ]
        ]
      }
    },
    {
      "type": "Feature",
      "id": "qhpk_215",
      "properties": {
        "name": "Khu dân cư hiện trạng chỉnh trang ODT-19-15",
        "district": "Quận Hai Bà Trưng",
        "code": "ODT",
        "land_use": "Đất ở tại đô thị, phục vụ cải tạo chỉnh trang và xây mới nhà ở.",
        "area_ha": 710.9,
        "density": "55%",
        "height_limit": "3-7 tầng",
        "notes": "Quy hoạch chung xây dựng Thủ đô đến năm 2030 và tầm nhìn đến năm 2050."
      },
      "geometry": {
        "type": "Polygon",
        "coordinates": [
          [
            [
              105.66685692756427,
              20.957236323823636
            ],
            [
              105.68700076809013,
              20.954198141687925
            ],
            [
              105.69433675506241,
              20.9903740206859
            ],
            [
              105.6708243472002,
              20.979507509293665
            ],
            [
              105.66685692756427,
              20.957236323823636
            ]
          ]
        ]
      }
    },
    {
      "type": "Feature",
      "id": "qhpk_216",
      "properties": {
        "name": "Khu dân cư hiện trạng chỉnh trang ODT-19-16",
        "district": "Quận Long Biên",
        "code": "ODT",
        "land_use": "Đất ở tại đô thị, phục vụ cải tạo chỉnh trang và xây mới nhà ở.",
        "area_ha": 643.7,
        "density": "55%",
        "height_limit": "3-7 tầng",
        "notes": "Quy hoạch chung xây dựng Thủ đô đến năm 2030 và tầm nhìn đến năm 2050."
      },
      "geometry": {
        "type": "Polygon",
        "coordinates": [
          [
            [
              105.67025715215249,
              21.005513784420764
            ],
            [
              105.6708243472002,
              20.979507509293665
            ],
            [
              105.69433675506241,
              20.9903740206859
            ],
            [
              105.69042008684299,
              21.013503777491138
            ],
            [
              105.67025715215249,
              21.005513784420764
            ]
          ]
        ]
      }
    },
    {
      "type": "Feature",
      "id": "qhpk_217",
      "properties": {
        "name": "Tổ hợp dịch vụ, trung tâm thương mại TMDV-19-17",
        "district": "Quận Đống Đa",
        "code": "TMDV",
        "land_use": "Đất thương mại dịch vụ cao tầng, văn phòng, siêu thị, khách sạn.",
        "area_ha": 639.4,
        "density": "45%",
        "height_limit": "5-9 tầng",
        "notes": "Quy hoạch chung xây dựng Thủ đô đến năm 2030 và tầm nhìn đến năm 2050."
      },
      "geometry": {
        "type": "Polygon",
        "coordinates": [
          [
            [
              105.67025715215249,
              21.005513784420764
            ],
            [
              105.69042008684299,
              21.013503777491138
            ],
            [
              105.69561977481503,
              21.0344854203745
            ],
            [
              105.67026484352542,
              21.03417045857313
            ],
            [
              105.67025715215249,
              21.005513784420764
            ]
          ]
        ]
      }
    },
    {
      "type": "Feature",
      "id": "qhpk_218",
      "properties": {
        "name": "Công viên cây xanh, hồ điều hòa CX-19-18",
        "district": "Quận Hoàn Kiếm",
        "code": "CX",
        "land_use": "Đất cây xanh công viên, mặt nước cảnh quan điều hòa khí hậu đô thị.",
        "area_ha": 848.4,
        "density": "45%",
        "height_limit": "5-9 tầng",
        "notes": "Quy hoạch chung xây dựng Thủ đô đến năm 2030 và tầm nhìn đến năm 2050."
      },
      "geometry": {
        "type": "Polygon",
        "coordinates": [
          [
            [
              105.66716047935657,
              21.066560952088693
            ],
            [
              105.67026484352542,
              21.03417045857313
            ],
            [
              105.69561977481503,
              21.0344854203745
            ],
            [
              105.6887045218488,
              21.065059231229615
            ],
            [
              105.66716047935657,
              21.066560952088693
            ]
          ]
        ]
      }
    },
    {
      "type": "Feature",
      "id": "qhpk_219",
      "properties": {
        "name": "Khu dân cư hiện trạng chỉnh trang ODT-19-19",
        "district": "Quận Long Biên",
        "code": "ODT",
        "land_use": "Đất ở tại đô thị, phục vụ cải tạo chỉnh trang và xây mới nhà ở.",
        "area_ha": 525.8,
        "density": "55%",
        "height_limit": "3-7 tầng",
        "notes": "Quy hoạch chung xây dựng Thủ đô đến năm 2030 và tầm nhìn đến năm 2050."
      },
      "geometry": {
        "type": "Polygon",
        "coordinates": [
          [
            [
              105.66716047935657,
              21.066560952088693
            ],
            [
              105.6887045218488,
              21.065059231229615
            ],
            [
              105.69356335795375,
              21.088929916927505
            ],
            [
              105.6682488034277,
              21.082248501389955
            ],
            [
              105.66716047935657,
              21.066560952088693
            ]
          ]
        ]
      }
    },
    {
      "type": "Feature",
      "id": "qhpk_220",
      "properties": {
        "name": "Khu đô thị hỗn hợp cao tầng HHT-19-20",
        "district": "Quận Long Biên",
        "code": "HHT",
        "land_use": "Đất hỗn hợp đa chức năng kết hợp nhà ở và trung tâm thương mại.",
        "area_ha": 743.8,
        "density": "45%",
        "height_limit": "18-35 tầng",
        "notes": "Quy hoạch chung xây dựng Thủ đô đến năm 2030 và tầm nhìn đến năm 2050."
      },
      "geometry": {
        "type": "Polygon",
        "coordinates": [
          [
            [
              105.6682488034277,
              21.082248501389955
            ],
            [
              105.69356335795375,
              21.088929916927505
            ],
            [
              105.6942604975289,
              21.11505185853556
            ],
            [
              105.67161235980367,
              21.110824526854724
            ],
            [
              105.6682488034277,
              21.082248501389955
            ]
          ]
        ]
      }
    },
    {
      "type": "Feature",
      "id": "qhpk_221",
      "properties": {
        "name": "Công viên cây xanh, hồ điều hòa CX-19-21",
        "district": "Quận Long Biên",
        "code": "CX",
        "land_use": "Đất cây xanh công viên, mặt nước cảnh quan điều hòa khí hậu đô thị.",
        "area_ha": 625.2,
        "density": "45%",
        "height_limit": "5-9 tầng",
        "notes": "Quy hoạch chung xây dựng Thủ đô đến năm 2030 và tầm nhìn đến năm 2050."
      },
      "geometry": {
        "type": "Polygon",
        "coordinates": [
          [
            [
              105.67161235980367,
              21.110824526854724
            ],
            [
              105.6942604975289,
              21.11505185853556
            ],
            [
              105.68842746376174,
              21.140503455196704
            ],
            [
              105.67279693374479,
              21.141640993167794
            ],
            [
              105.67161235980367,
              21.110824526854724
            ]
          ]
        ]
      }
    },
    {
      "type": "Feature",
      "id": "qhpk_222",
      "properties": {
        "name": "Khu đô thị hỗn hợp cao tầng HHT-19-22",
        "district": "Huyện Sóc Sơn",
        "code": "HHT",
        "land_use": "Đất hỗn hợp đa chức năng kết hợp nhà ở và trung tâm thương mại.",
        "area_ha": 486.2,
        "density": "45%",
        "height_limit": "18-35 tầng",
        "notes": "Quy hoạch chung xây dựng Thủ đô đến năm 2030 và tầm nhìn đến năm 2050."
      },
      "geometry": {
        "type": "Polygon",
        "coordinates": [
          [
            [
              105.66980251726827,
              21.162642819098455
            ],
            [
              105.67279693374479,
              21.141640993167794
            ],
            [
              105.68842746376174,
              21.140503455196704
            ],
            [
              105.69374781750734,
              21.162009152666847
            ],
            [
              105.66980251726827,
              21.162642819098455
            ]
          ]
        ]
      }
    },
    {
      "type": "Feature",
      "id": "qhpk_223",
      "properties": {
        "name": "Cụm công nghiệp tập trung, kho vận CN-19-23",
        "district": "Huyện Sóc Sơn",
        "code": "CN",
        "land_use": "Đất công nghiệp phi nông nghiệp, sản xuất sạch, kho bãi tập trung.",
        "area_ha": 709.3,
        "density": "65%",
        "height_limit": "5-9 tầng",
        "notes": "Quy hoạch chung xây dựng Thủ đô đến năm 2030 và tầm nhìn đến năm 2050."
      },
      "geometry": {
        "type": "Polygon",
        "coordinates": [
          [
            [
              105.66668013273535,
              21.193138608429674
            ],
            [
              105.66980251726827,
              21.162642819098455
            ],
            [
              105.69374781750734,
              21.162009152666847
            ],
            [
              105.68853630147625,
              21.186557388405067
            ],
            [
              105.66668013273535,
              21.193138608429674
            ]
          ]
        ]
      }
    },
    {
      "type": "Feature",
      "id": "qhpk_224",
      "properties": {
        "name": "Khu dân cư hiện trạng chỉnh trang ODT-19-24",
        "district": "Huyện Sóc Sơn",
        "code": "ODT",
        "land_use": "Đất ở tại đô thị, phục vụ cải tạo chỉnh trang và xây mới nhà ở.",
        "area_ha": 668.3,
        "density": "55%",
        "height_limit": "3-7 tầng",
        "notes": "Quy hoạch chung xây dựng Thủ đô đến năm 2030 và tầm nhìn đến năm 2050."
      },
      "geometry": {
        "type": "Polygon",
        "coordinates": [
          [
            [
              105.66668013273535,
              21.193138608429674
            ],
            [
              105.68853630147625,
              21.186557388405067
            ],
            [
              105.69180933818677,
              21.214748132211223
            ],
            [
              105.67187968872416,
              21.21837311827999
            ],
            [
              105.66668013273535,
              21.193138608429674
            ]
          ]
        ]
      }
    },
    {
      "type": "Feature",
      "id": "qhpk_225",
      "properties": {
        "name": "Khu hành chính công sở, liên cơ quan HCTH-19-25",
        "district": "Huyện Sóc Sơn",
        "code": "HCTH",
        "land_use": "Đất hành chính công sở, cơ quan đầu não nhà nước địa phương.",
        "area_ha": 304.9,
        "density": "25%",
        "height_limit": "5-9 tầng",
        "notes": "Quy hoạch chung xây dựng Thủ đô đến năm 2030 và tầm nhìn đến năm 2050."
      },
      "geometry": {
        "type": "Polygon",
        "coordinates": [
          [
            [
              105.66973680093552,
              21.23309892912864
            ],
            [
              105.67187968872416,
              21.21837311827999
            ],
            [
              105.69180933818677,
              21.214748132211223
            ],
            [
              105.69204165642628,
              21.2209091258418
            ],
            [
              105.690518,
              21.220109
            ],
            [
              105.688647,
              21.221536
            ],
            [
              105.685879,
              21.22651
            ],
            [
              105.685664,
              21.229722
            ],
            [
              105.682632,
              21.230496
            ],
            [
              105.682948,
              21.231796
            ],
            [
              105.687375,
              21.232034
            ],
            [
              105.688749,
              21.232859
            ],
            [
              105.688698,
              21.233983
            ],
            [
              105.687616,
              21.234825
            ],
            [
              105.684268,
              21.235466
            ],
            [
              105.681464,
              21.234667
            ],
            [
              105.678962,
              21.228755
            ],
            [
              105.676368,
              21.226974
            ],
            [
              105.671365,
              21.230384
            ],
            [
              105.675438,
              21.234239
            ],
            [
              105.675007,
              21.235738
            ],
            [
              105.673355,
              21.236073
            ],
            [
              105.671178,
              21.232966
            ],
            [
              105.66973680093552,
              21.23309892912864
            ]
          ]
        ]
      }
    },
    {
      "type": "Feature",
      "id": "qhpk_226",
      "properties": {
        "name": "Khu dân cư hiện trạng chỉnh trang ODT-20-2",
        "district": "Huyện Mỹ Đức",
        "code": "ODT",
        "land_use": "Đất ở tại đô thị, phục vụ cải tạo chỉnh trang và xây mới nhà ở.",
        "area_ha": 627,
        "density": "55%",
        "height_limit": "3-7 tầng",
        "notes": "Quy hoạch chung xây dựng Thủ đô đến năm 2030 và tầm nhìn đến năm 2050."
      },
      "geometry": {
        "type": "Polygon",
        "coordinates": [
          [
            [
              105.6873067314924,
              20.655775532085894
            ],
            [
              105.69430937675708,
              20.63140061771614
            ],
            [
              105.70991323711526,
              20.62625507232069
            ],
            [
              105.71064703305012,
              20.65800563095624
            ],
            [
              105.6873067314924,
              20.655775532085894
            ]
          ]
        ]
      }
    },
    {
      "type": "Feature",
      "id": "qhpk_227",
      "properties": {
        "name": "Khu dân cư hiện trạng chỉnh trang ODT-20-3",
        "district": "Huyện Mỹ Đức",
        "code": "ODT",
        "land_use": "Đất ở tại đô thị, phục vụ cải tạo chỉnh trang và xây mới nhà ở.",
        "area_ha": 581.2,
        "density": "55%",
        "height_limit": "3-7 tầng",
        "notes": "Quy hoạch chung xây dựng Thủ đô đến năm 2030 và tầm nhìn đến năm 2050."
      },
      "geometry": {
        "type": "Polygon",
        "coordinates": [
          [
            [
              105.6873067314924,
              20.655775532085894
            ],
            [
              105.71064703305012,
              20.65800563095624
            ],
            [
              105.71078193396147,
              20.67707374825446
            ],
            [
              105.69231477417516,
              20.684172923042517
            ],
            [
              105.6873067314924,
              20.655775532085894
            ]
          ]
        ]
      }
    },
    {
      "type": "Feature",
      "id": "qhpk_228",
      "properties": {
        "name": "Cụm công nghiệp tập trung, kho vận CN-20-4",
        "district": "Huyện Mỹ Đức",
        "code": "CN",
        "land_use": "Đất công nghiệp phi nông nghiệp, sản xuất sạch, kho bãi tập trung.",
        "area_ha": 533,
        "density": "65%",
        "height_limit": "5-9 tầng",
        "notes": "Quy hoạch chung xây dựng Thủ đô đến năm 2030 và tầm nhìn đến năm 2050."
      },
      "geometry": {
        "type": "Polygon",
        "coordinates": [
          [
            [
              105.69231477417516,
              20.684172923042517
            ],
            [
              105.71078193396147,
              20.67707374825446
            ],
            [
              105.71081674632312,
              20.70992872277493
            ],
            [
              105.6941815948856,
              20.70377636920973
            ],
            [
              105.69231477417516,
              20.684172923042517
            ]
          ]
        ]
      }
    },
    {
      "type": "Feature",
      "id": "qhpk_229",
      "properties": {
        "name": "Khu đô thị hỗn hợp cao tầng HHT-20-5",
        "district": "Huyện Mỹ Đức",
        "code": "HHT",
        "land_use": "Đất hỗn hợp đa chức năng kết hợp nhà ở và trung tâm thương mại.",
        "area_ha": 585.1,
        "density": "45%",
        "height_limit": "18-35 tầng",
        "notes": "Quy hoạch chung xây dựng Thủ đô đến năm 2030 và tầm nhìn đến năm 2050."
      },
      "geometry": {
        "type": "Polygon",
        "coordinates": [
          [
            [
              105.69222983896357,
              20.733076364849374
            ],
            [
              105.6941815948856,
              20.70377636920973
            ],
            [
              105.71081674632312,
              20.70992872277493
            ],
            [
              105.71167935322126,
              20.736428304075353
            ],
            [
              105.69222983896357,
              20.733076364849374
            ]
          ]
        ]
      }
    },
    {
      "type": "Feature",
      "id": "qhpk_230",
      "properties": {
        "name": "Công viên cây xanh, hồ điều hòa CX-20-6",
        "district": "Huyện Mỹ Đức",
        "code": "CX",
        "land_use": "Đất cây xanh công viên, mặt nước cảnh quan điều hòa khí hậu đô thị.",
        "area_ha": 512.7,
        "density": "45%",
        "height_limit": "5-9 tầng",
        "notes": "Quy hoạch chung xây dựng Thủ đô đến năm 2030 và tầm nhìn đến năm 2050."
      },
      "geometry": {
        "type": "Polygon",
        "coordinates": [
          [
            [
              105.69222983896357,
              20.733076364849374
            ],
            [
              105.71167935322126,
              20.736428304075353
            ],
            [
              105.71343147010764,
              20.757931401059945
            ],
            [
              105.69461085418897,
              20.758249150593077
            ],
            [
              105.69222983896357,
              20.733076364849374
            ]
          ]
        ]
      }
    },
    {
      "type": "Feature",
      "id": "qhpk_231",
      "properties": {
        "name": "Khu dân cư hiện trạng chỉnh trang ODT-20-7",
        "district": "Quận Hoàn Kiếm",
        "code": "ODT",
        "land_use": "Đất ở tại đô thị, phục vụ cải tạo chỉnh trang và xây mới nhà ở.",
        "area_ha": 484.2,
        "density": "55%",
        "height_limit": "3-7 tầng",
        "notes": "Quy hoạch chung xây dựng Thủ đô đến năm 2030 và tầm nhìn đến năm 2050."
      },
      "geometry": {
        "type": "Polygon",
        "coordinates": [
          [
            [
              105.68757289345292,
              20.77733562013239
            ],
            [
              105.69461085418897,
              20.758249150593077
            ],
            [
              105.71343147010764,
              20.757931401059945
            ],
            [
              105.70849484025058,
              20.780221323100125
            ],
            [
              105.68757289345292,
              20.77733562013239
            ]
          ]
        ]
      }
    },
    {
      "type": "Feature",
      "id": "qhpk_232",
      "properties": {
        "name": "Khu dân cư hiện trạng chỉnh trang ODT-20-8",
        "district": "Quận Hai Bà Trưng",
        "code": "ODT",
        "land_use": "Đất ở tại đô thị, phục vụ cải tạo chỉnh trang và xây mới nhà ở.",
        "area_ha": 711.6,
        "density": "55%",
        "height_limit": "3-7 tầng",
        "notes": "Quy hoạch chung xây dựng Thủ đô đến năm 2030 và tầm nhìn đến năm 2050."
      },
      "geometry": {
        "type": "Polygon",
        "coordinates": [
          [
            [
              105.68757289345292,
              20.77733562013239
            ],
            [
              105.70849484025058,
              20.780221323100125
            ],
            [
              105.71505469093037,
              20.80713425819575
            ],
            [
              105.69171202148488,
              20.806824190412883
            ],
            [
              105.68757289345292,
              20.77733562013239
            ]
          ]
        ]
      }
    },
    {
      "type": "Feature",
      "id": "qhpk_233",
      "properties": {
        "name": "Khu hành chính công sở, liên cơ quan HCTH-20-9",
        "district": "Quận Ba Đình",
        "code": "HCTH",
        "land_use": "Đất hành chính công sở, cơ quan đầu não nhà nước địa phương.",
        "area_ha": 541.1,
        "density": "25%",
        "height_limit": "5-9 tầng",
        "notes": "Quy hoạch chung xây dựng Thủ đô đến năm 2030 và tầm nhìn đến năm 2050."
      },
      "geometry": {
        "type": "Polygon",
        "coordinates": [
          [
            [
              105.69171202148488,
              20.806824190412883
            ],
            [
              105.71505469093037,
              20.80713425819575
            ],
            [
              105.71066813470226,
              20.829487453052742
            ],
            [
              105.69423062634617,
              20.8316354644634
            ],
            [
              105.69171202148488,
              20.806824190412883
            ]
          ]
        ]
      }
    },
    {
      "type": "Feature",
      "id": "qhpk_234",
      "properties": {
        "name": "Khu dân cư hiện trạng chỉnh trang ODT-20-10",
        "district": "Quận Hai Bà Trưng",
        "code": "ODT",
        "land_use": "Đất ở tại đô thị, phục vụ cải tạo chỉnh trang và xây mới nhà ở.",
        "area_ha": 522.5,
        "density": "55%",
        "height_limit": "3-7 tầng",
        "notes": "Quy hoạch chung xây dựng Thủ đô đến năm 2030 và tầm nhìn đến năm 2050."
      },
      "geometry": {
        "type": "Polygon",
        "coordinates": [
          [
            [
              105.69423062634617,
              20.8316354644634
            ],
            [
              105.71066813470226,
              20.829487453052742
            ],
            [
              105.71321117224791,
              20.858063014787085
            ],
            [
              105.69541343929431,
              20.855898082485307
            ],
            [
              105.69423062634617,
              20.8316354644634
            ]
          ]
        ]
      }
    },
    {
      "type": "Feature",
      "id": "qhpk_235",
      "properties": {
        "name": "Cụm công nghiệp tập trung, kho vận CN-20-11",
        "district": "Quận Tây Hồ",
        "code": "CN",
        "land_use": "Đất công nghiệp phi nông nghiệp, sản xuất sạch, kho bãi tập trung.",
        "area_ha": 757.9,
        "density": "65%",
        "height_limit": "5-9 tầng",
        "notes": "Quy hoạch chung xây dựng Thủ đô đến năm 2030 và tầm nhìn đến năm 2050."
      },
      "geometry": {
        "type": "Polygon",
        "coordinates": [
          [
            [
              105.68860906992397,
              20.886648911350083
            ],
            [
              105.69541343929431,
              20.855898082485307
            ],
            [
              105.71321117224791,
              20.858063014787085
            ],
            [
              105.71357576270856,
              20.888123535143404
            ],
            [
              105.68860906992397,
              20.886648911350083
            ]
          ]
        ]
      }
    },
    {
      "type": "Feature",
      "id": "qhpk_236",
      "properties": {
        "name": "Công viên cây xanh, hồ điều hòa CX-20-12",
        "district": "Quận Nam Từ Liêm",
        "code": "CX",
        "land_use": "Đất cây xanh công viên, mặt nước cảnh quan điều hòa khí hậu đô thị.",
        "area_ha": 595.2,
        "density": "45%",
        "height_limit": "5-9 tầng",
        "notes": "Quy hoạch chung xây dựng Thủ đô đến năm 2030 và tầm nhìn đến năm 2050."
      },
      "geometry": {
        "type": "Polygon",
        "coordinates": [
          [
            [
              105.68860906992397,
              20.886648911350083
            ],
            [
              105.71357576270856,
              20.888123535143404
            ],
            [
              105.70947859935472,
              20.90792564074789
            ],
            [
              105.68872762876241,
              20.912171183662227
            ],
            [
              105.68860906992397,
              20.886648911350083
            ]
          ]
        ]
      }
    },
    {
      "type": "Feature",
      "id": "qhpk_237",
      "properties": {
        "name": "Khu dân cư hiện trạng chỉnh trang ODT-20-13",
        "district": "Quận Hai Bà Trưng",
        "code": "ODT",
        "land_use": "Đất ở tại đô thị, phục vụ cải tạo chỉnh trang và xây mới nhà ở.",
        "area_ha": 556.1,
        "density": "55%",
        "height_limit": "3-7 tầng",
        "notes": "Quy hoạch chung xây dựng Thủ đô đến năm 2030 và tầm nhìn đến năm 2050."
      },
      "geometry": {
        "type": "Polygon",
        "coordinates": [
          [
            [
              105.68872762876241,
              20.912171183662227
            ],
            [
              105.70947859935472,
              20.90792564074789
            ],
            [
              105.71062731601255,
              20.936170013209654
            ],
            [
              105.69517439412782,
              20.93622105267756
            ],
            [
              105.68872762876241,
              20.912171183662227
            ]
          ]
        ]
      }
    },
    {
      "type": "Feature",
      "id": "qhpk_238",
      "properties": {
        "name": "Khu dân cư hiện trạng chỉnh trang ODT-20-14",
        "district": "Quận Ba Đình",
        "code": "ODT",
        "land_use": "Đất ở tại đô thị, phục vụ cải tạo chỉnh trang và xây mới nhà ở.",
        "area_ha": 563.8,
        "density": "55%",
        "height_limit": "3-7 tầng",
        "notes": "Quy hoạch chung xây dựng Thủ đô đến năm 2030 và tầm nhìn đến năm 2050."
      },
      "geometry": {
        "type": "Polygon",
        "coordinates": [
          [
            [
              105.68700076809013,
              20.954198141687925
            ],
            [
              105.69517439412782,
              20.93622105267756
            ],
            [
              105.71062731601255,
              20.936170013209654
            ],
            [
              105.7130480701665,
              20.96391665122516
            ],
            [
              105.68700076809013,
              20.954198141687925
            ]
          ]
        ]
      }
    },
    {
      "type": "Feature",
      "id": "qhpk_239",
      "properties": {
        "name": "Khu dân cư hiện trạng chỉnh trang ODT-20-15",
        "district": "Quận Nam Từ Liêm",
        "code": "ODT",
        "land_use": "Đất ở tại đô thị, phục vụ cải tạo chỉnh trang và xây mới nhà ở.",
        "area_ha": 701.9,
        "density": "55%",
        "height_limit": "3-7 tầng",
        "notes": "Quy hoạch chung xây dựng Thủ đô đến năm 2030 và tầm nhìn đến năm 2050."
      },
      "geometry": {
        "type": "Polygon",
        "coordinates": [
          [
            [
              105.68700076809013,
              20.954198141687925
            ],
            [
              105.7130480701665,
              20.96391665122516
            ],
            [
              105.70921982012324,
              20.98776025076153
            ],
            [
              105.69433675506241,
              20.9903740206859
            ],
            [
              105.68700076809013,
              20.954198141687925
            ]
          ]
        ]
      }
    },
    {
      "type": "Feature",
      "id": "qhpk_240",
      "properties": {
        "name": "Khu hành chính công sở, liên cơ quan HCTH-20-16",
        "district": "Quận Hai Bà Trưng",
        "code": "HCTH",
        "land_use": "Đất hành chính công sở, cơ quan đầu não nhà nước địa phương.",
        "area_ha": 527.4,
        "density": "25%",
        "height_limit": "5-9 tầng",
        "notes": "Quy hoạch chung xây dựng Thủ đô đến năm 2030 và tầm nhìn đến năm 2050."
      },
      "geometry": {
        "type": "Polygon",
        "coordinates": [
          [
            [
              105.69042008684299,
              21.013503777491138
            ],
            [
              105.69433675506241,
              20.9903740206859
            ],
            [
              105.70921982012324,
              20.98776025076153
            ],
            [
              105.71215075247055,
              21.01458292106112
            ],
            [
              105.69042008684299,
              21.013503777491138
            ]
          ]
        ]
      }
    },
    {
      "type": "Feature",
      "id": "qhpk_241",
      "properties": {
        "name": "Khu dân cư hiện trạng chỉnh trang ODT-20-17",
        "district": "Quận Đống Đa",
        "code": "ODT",
        "land_use": "Đất ở tại đô thị, phục vụ cải tạo chỉnh trang và xây mới nhà ở.",
        "area_ha": 375.7,
        "density": "55%",
        "height_limit": "3-7 tầng",
        "notes": "Quy hoạch chung xây dựng Thủ đô đến năm 2030 và tầm nhìn đến năm 2050."
      },
      "geometry": {
        "type": "Polygon",
        "coordinates": [
          [
            [
              105.69042008684299,
              21.013503777491138
            ],
            [
              105.71215075247055,
              21.01458292106112
            ],
            [
              105.70820828571706,
              21.03147346952625
            ],
            [
              105.69561977481503,
              21.0344854203745
            ],
            [
              105.69042008684299,
              21.013503777491138
            ]
          ]
        ]
      }
    },
    {
      "type": "Feature",
      "id": "qhpk_242",
      "properties": {
        "name": "Khu hành chính công sở, liên cơ quan HCTH-20-18",
        "district": "Quận Cầu Giấy",
        "code": "HCTH",
        "land_use": "Đất hành chính công sở, cơ quan đầu não nhà nước địa phương.",
        "area_ha": 687.1,
        "density": "25%",
        "height_limit": "5-9 tầng",
        "notes": "Quy hoạch chung xây dựng Thủ đô đến năm 2030 và tầm nhìn đến năm 2050."
      },
      "geometry": {
        "type": "Polygon",
        "coordinates": [
          [
            [
              105.6887045218488,
              21.065059231229615
            ],
            [
              105.69561977481503,
              21.0344854203745
            ],
            [
              105.70820828571706,
              21.03147346952625
            ],
            [
              105.71396467488124,
              21.063952360583983
            ],
            [
              105.6887045218488,
              21.065059231229615
            ]
          ]
        ]
      }
    },
    {
      "type": "Feature",
      "id": "qhpk_243",
      "properties": {
        "name": "Khu dân cư hiện trạng chỉnh trang ODT-20-19",
        "district": "Quận Cầu Giấy",
        "code": "ODT",
        "land_use": "Đất ở tại đô thị, phục vụ cải tạo chỉnh trang và xây mới nhà ở.",
        "area_ha": 512.2,
        "density": "55%",
        "height_limit": "3-7 tầng",
        "notes": "Quy hoạch chung xây dựng Thủ đô đến năm 2030 và tầm nhìn đến năm 2050."
      },
      "geometry": {
        "type": "Polygon",
        "coordinates": [
          [
            [
              105.6887045218488,
              21.065059231229615
            ],
            [
              105.71396467488124,
              21.063952360583983
            ],
            [
              105.70917553295621,
              21.08351609200873
            ],
            [
              105.69356335795375,
              21.088929916927505
            ],
            [
              105.6887045218488,
              21.065059231229615
            ]
          ]
        ]
      }
    },
    {
      "type": "Feature",
      "id": "qhpk_244",
      "properties": {
        "name": "Khu đô thị hỗn hợp cao tầng HHT-20-20",
        "district": "Quận Nam Từ Liêm",
        "code": "HHT",
        "land_use": "Đất hỗn hợp đa chức năng kết hợp nhà ở và trung tâm thương mại.",
        "area_ha": 551.2,
        "density": "45%",
        "height_limit": "18-35 tầng",
        "notes": "Quy hoạch chung xây dựng Thủ đô đến năm 2030 và tầm nhìn đến năm 2050."
      },
      "geometry": {
        "type": "Polygon",
        "coordinates": [
          [
            [
              105.69356335795375,
              21.088929916927505
            ],
            [
              105.70917553295621,
              21.08351609200873
            ],
            [
              105.71358524071884,
              21.1106660741886
            ],
            [
              105.6942604975289,
              21.11505185853556
            ],
            [
              105.69356335795375,
              21.088929916927505
            ]
          ]
        ]
      }
    },
    {
      "type": "Feature",
      "id": "qhpk_245",
      "properties": {
        "name": "Khu dân cư hiện trạng chỉnh trang ODT-20-21",
        "district": "Quận Ba Đình",
        "code": "ODT",
        "land_use": "Đất ở tại đô thị, phục vụ cải tạo chỉnh trang và xây mới nhà ở.",
        "area_ha": 661.7,
        "density": "55%",
        "height_limit": "3-7 tầng",
        "notes": "Quy hoạch chung xây dựng Thủ đô đến năm 2030 và tầm nhìn đến năm 2050."
      },
      "geometry": {
        "type": "Polygon",
        "coordinates": [
          [
            [
              105.68842746376174,
              21.140503455196704
            ],
            [
              105.6942604975289,
              21.11505185853556
            ],
            [
              105.71358524071884,
              21.1106660741886
            ],
            [
              105.71380220475952,
              21.13748663734132
            ],
            [
              105.68842746376174,
              21.140503455196704
            ]
          ]
        ]
      }
    },
    {
      "type": "Feature",
      "id": "qhpk_246",
      "properties": {
        "name": "Công viên cây xanh, hồ điều hòa CX-20-22",
        "district": "Huyện Sóc Sơn",
        "code": "CX",
        "land_use": "Đất cây xanh công viên, mặt nước cảnh quan điều hòa khí hậu đô thị.",
        "area_ha": 549.9,
        "density": "45%",
        "height_limit": "5-9 tầng",
        "notes": "Quy hoạch chung xây dựng Thủ đô đến năm 2030 và tầm nhìn đến năm 2050."
      },
      "geometry": {
        "type": "Polygon",
        "coordinates": [
          [
            [
              105.68842746376174,
              21.140503455196704
            ],
            [
              105.71380220475952,
              21.13748663734132
            ],
            [
              105.70938741315699,
              21.162429043430222
            ],
            [
              105.69374781750734,
              21.162009152666847
            ],
            [
              105.68842746376174,
              21.140503455196704
            ]
          ]
        ]
      }
    },
    {
      "type": "Feature",
      "id": "qhpk_247",
      "properties": {
        "name": "Khu đô thị hỗn hợp cao tầng HHT-20-23",
        "district": "Huyện Sóc Sơn",
        "code": "HHT",
        "land_use": "Đất hỗn hợp đa chức năng kết hợp nhà ở và trung tâm thương mại.",
        "area_ha": 538,
        "density": "45%",
        "height_limit": "18-35 tầng",
        "notes": "Quy hoạch chung xây dựng Thủ đô đến năm 2030 và tầm nhìn đến năm 2050."
      },
      "geometry": {
        "type": "Polygon",
        "coordinates": [
          [
            [
              105.68853630147625,
              21.186557388405067
            ],
            [
              105.69374781750734,
              21.162009152666847
            ],
            [
              105.70938741315699,
              21.162429043430222
            ],
            [
              105.70791075615146,
              21.190376761296868
            ],
            [
              105.68853630147625,
              21.186557388405067
            ]
          ]
        ]
      }
    },
    {
      "type": "Feature",
      "id": "qhpk_248",
      "properties": {
        "name": "Cụm công nghiệp tập trung, kho vận CN-20-24",
        "district": "Huyện Sóc Sơn",
        "code": "CN",
        "land_use": "Đất công nghiệp phi nông nghiệp, sản xuất sạch, kho bãi tập trung.",
        "area_ha": 524.9,
        "density": "65%",
        "height_limit": "5-9 tầng",
        "notes": "Quy hoạch chung xây dựng Thủ đô đến năm 2030 và tầm nhìn đến năm 2050."
      },
      "geometry": {
        "type": "Polygon",
        "coordinates": [
          [
            [
              105.68853630147625,
              21.186557388405067
            ],
            [
              105.70791075615146,
              21.190376761296868
            ],
            [
              105.71225735488167,
              21.207212777795178
            ],
            [
              105.69180933818677,
              21.214748132211223
            ],
            [
              105.68853630147625,
              21.186557388405067
            ]
          ]
        ]
      }
    },
    {
      "type": "Feature",
      "id": "qhpk_249",
      "properties": {
        "name": "Khu dân cư hiện trạng chỉnh trang ODT-21-1",
        "district": "Huyện Mỹ Đức",
        "code": "ODT",
        "land_use": "Đất ở tại đô thị, phục vụ cải tạo chỉnh trang và xây mới nhà ở.",
        "area_ha": 559.6,
        "density": "55%",
        "height_limit": "3-7 tầng",
        "notes": "Quy hoạch chung xây dựng Thủ đô đến năm 2030 và tầm nhìn đến năm 2050."
      },
      "geometry": {
        "type": "Polygon",
        "coordinates": [
          [
            [
              105.70991323711526,
              20.62625507232069
            ],
            [
              105.71018849821036,
              20.60850409818237
            ],
            [
              105.73176173152214,
              20.607764189483795
            ],
            [
              105.73593619097592,
              20.6309801841823
            ],
            [
              105.70991323711526,
              20.62625507232069
            ]
          ]
        ]
      }
    },
    {
      "type": "Feature",
      "id": "qhpk_250",
      "properties": {
        "name": "Khu đô thị hỗn hợp cao tầng HHT-21-2",
        "district": "Huyện Mỹ Đức",
        "code": "HHT",
        "land_use": "Đất hỗn hợp đa chức năng kết hợp nhà ở và trung tâm thương mại.",
        "area_ha": 751.2,
        "density": "45%",
        "height_limit": "18-35 tầng",
        "notes": "Quy hoạch chung xây dựng Thủ đô đến năm 2030 và tầm nhìn đến năm 2050."
      },
      "geometry": {
        "type": "Polygon",
        "coordinates": [
          [
            [
              105.70991323711526,
              20.62625507232069
            ],
            [
              105.73593619097592,
              20.6309801841823
            ],
            [
              105.73089214395966,
              20.655182363227027
            ],
            [
              105.71064703305012,
              20.65800563095624
            ],
            [
              105.70991323711526,
              20.62625507232069
            ]
          ]
        ]
      }
    },
    {
      "type": "Feature",
      "id": "qhpk_251",
      "properties": {
        "name": "Khu hành chính công sở, liên cơ quan HCTH-21-3",
        "district": "Huyện Mỹ Đức",
        "code": "HCTH",
        "land_use": "Đất hành chính công sở, cơ quan đầu não nhà nước địa phương.",
        "area_ha": 484.4,
        "density": "25%",
        "height_limit": "5-9 tầng",
        "notes": "Quy hoạch chung xây dựng Thủ đô đến năm 2030 và tầm nhìn đến năm 2050."
      },
      "geometry": {
        "type": "Polygon",
        "coordinates": [
          [
            [
              105.71064703305012,
              20.65800563095624
            ],
            [
              105.73089214395966,
              20.655182363227027
            ],
            [
              105.7289986534175,
              20.679673658935045
            ],
            [
              105.71078193396147,
              20.67707374825446
            ],
            [
              105.71064703305012,
              20.65800563095624
            ]
          ]
        ]
      }
    },
    {
      "type": "Feature",
      "id": "qhpk_252",
      "properties": {
        "name": "Công viên cây xanh, hồ điều hòa CX-21-4",
        "district": "Huyện Mỹ Đức",
        "code": "CX",
        "land_use": "Đất cây xanh công viên, mặt nước cảnh quan điều hòa khí hậu đô thị.",
        "area_ha": 673,
        "density": "45%",
        "height_limit": "5-9 tầng",
        "notes": "Quy hoạch chung xây dựng Thủ đô đến năm 2030 và tầm nhìn đến năm 2050."
      },
      "geometry": {
        "type": "Polygon",
        "coordinates": [
          [
            [
              105.71078193396147,
              20.67707374825446
            ],
            [
              105.7289986534175,
              20.679673658935045
            ],
            [
              105.73034545651963,
              20.70852433148753
            ],
            [
              105.71081674632312,
              20.70992872277493
            ],
            [
              105.71078193396147,
              20.67707374825446
            ]
          ]
        ]
      }
    },
    {
      "type": "Feature",
      "id": "qhpk_253",
      "properties": {
        "name": "Cụm công nghiệp tập trung, kho vận CN-21-5",
        "district": "Huyện Mỹ Đức",
        "code": "CN",
        "land_use": "Đất công nghiệp phi nông nghiệp, sản xuất sạch, kho bãi tập trung.",
        "area_ha": 505.4,
        "density": "65%",
        "height_limit": "5-9 tầng",
        "notes": "Quy hoạch chung xây dựng Thủ đô đến năm 2030 và tầm nhìn đến năm 2050."
      },
      "geometry": {
        "type": "Polygon",
        "coordinates": [
          [
            [
              105.71081674632312,
              20.70992872277493
            ],
            [
              105.73034545651963,
              20.70852433148753
            ],
            [
              105.73019068070373,
              20.727795843835775
            ],
            [
              105.71167935322126,
              20.736428304075353
            ],
            [
              105.71081674632312,
              20.70992872277493
            ]
          ]
        ]
      }
    },
    {
      "type": "Feature",
      "id": "qhpk_254",
      "properties": {
        "name": "Khu dân cư hiện trạng chỉnh trang ODT-21-6",
        "district": "Huyện Mỹ Đức",
        "code": "ODT",
        "land_use": "Đất ở tại đô thị, phục vụ cải tạo chỉnh trang và xây mới nhà ở.",
        "area_ha": 501.9,
        "density": "55%",
        "height_limit": "3-7 tầng",
        "notes": "Quy hoạch chung xây dựng Thủ đô đến năm 2030 và tầm nhìn đến năm 2050."
      },
      "geometry": {
        "type": "Polygon",
        "coordinates": [
          [
            [
              105.71167935322126,
              20.736428304075353
            ],
            [
              105.73019068070373,
              20.727795843835775
            ],
            [
              105.73172414237241,
              20.752180333908
            ],
            [
              105.71343147010764,
              20.757931401059945
            ],
            [
              105.71167935322126,
              20.736428304075353
            ]
          ]
        ]
      }
    },
    {
      "type": "Feature",
      "id": "qhpk_255",
      "properties": {
        "name": "Khu dân cư hiện trạng chỉnh trang ODT-21-7",
        "district": "Quận Nam Từ Liêm",
        "code": "ODT",
        "land_use": "Đất ở tại đô thị, phục vụ cải tạo chỉnh trang và xây mới nhà ở.",
        "area_ha": 741.9,
        "density": "55%",
        "height_limit": "3-7 tầng",
        "notes": "Quy hoạch chung xây dựng Thủ đô đến năm 2030 và tầm nhìn đến năm 2050."
      },
      "geometry": {
        "type": "Polygon",
        "coordinates": [
          [
            [
              105.70849484025058,
              20.780221323100125
            ],
            [
              105.71343147010764,
              20.757931401059945
            ],
            [
              105.73172414237241,
              20.752180333908
            ],
            [
              105.73419305476244,
              20.78812293442526
            ],
            [
              105.70849484025058,
              20.780221323100125
            ]
          ]
        ]
      }
    },
    {
      "type": "Feature",
      "id": "qhpk_256",
      "properties": {
        "name": "Tổ hợp dịch vụ, trung tâm thương mại TMDV-21-8",
        "district": "Quận Đống Đa",
        "code": "TMDV",
        "land_use": "Đất thương mại dịch vụ cao tầng, văn phòng, siêu thị, khách sạn.",
        "area_ha": 532.1,
        "density": "45%",
        "height_limit": "5-9 tầng",
        "notes": "Quy hoạch chung xây dựng Thủ đô đến năm 2030 và tầm nhìn đến năm 2050."
      },
      "geometry": {
        "type": "Polygon",
        "coordinates": [
          [
            [
              105.70849484025058,
              20.780221323100125
            ],
            [
              105.73419305476244,
              20.78812293442526
            ],
            [
              105.72816147243223,
              20.808793965052036
            ],
            [
              105.71505469093037,
              20.80713425819575
            ],
            [
              105.70849484025058,
              20.780221323100125
            ]
          ]
        ]
      }
    },
    {
      "type": "Feature",
      "id": "qhpk_257",
      "properties": {
        "name": "Khu dân cư hiện trạng chỉnh trang ODT-21-9",
        "district": "Quận Ba Đình",
        "code": "ODT",
        "land_use": "Đất ở tại đô thị, phục vụ cải tạo chỉnh trang và xây mới nhà ở.",
        "area_ha": 488.9,
        "density": "55%",
        "height_limit": "3-7 tầng",
        "notes": "Quy hoạch chung xây dựng Thủ đô đến năm 2030 và tầm nhìn đến năm 2050."
      },
      "geometry": {
        "type": "Polygon",
        "coordinates": [
          [
            [
              105.71066813470226,
              20.829487453052742
            ],
            [
              105.71505469093037,
              20.80713425819575
            ],
            [
              105.72816147243223,
              20.808793965052036
            ],
            [
              105.73075409383577,
              20.836931318179502
            ],
            [
              105.71066813470226,
              20.829487453052742
            ]
          ]
        ]
      }
    },
    {
      "type": "Feature",
      "id": "qhpk_258",
      "properties": {
        "name": "Khu dân cư hiện trạng chỉnh trang ODT-21-10",
        "district": "Quận Đống Đa",
        "code": "ODT",
        "land_use": "Đất ở tại đô thị, phục vụ cải tạo chỉnh trang và xây mới nhà ở.",
        "area_ha": 485.5,
        "density": "55%",
        "height_limit": "3-7 tầng",
        "notes": "Quy hoạch chung xây dựng Thủ đô đến năm 2030 và tầm nhìn đến năm 2050."
      },
      "geometry": {
        "type": "Polygon",
        "coordinates": [
          [
            [
              105.71066813470226,
              20.829487453052742
            ],
            [
              105.73075409383577,
              20.836931318179502
            ],
            [
              105.73092850353304,
              20.85298039365411
            ],
            [
              105.71321117224791,
              20.858063014787085
            ],
            [
              105.71066813470226,
              20.829487453052742
            ]
          ]
        ]
      }
    },
    {
      "type": "Feature",
      "id": "qhpk_259",
      "properties": {
        "name": "Cụm công nghiệp tập trung, kho vận CN-21-11",
        "district": "Quận Nam Từ Liêm",
        "code": "CN",
        "land_use": "Đất công nghiệp phi nông nghiệp, sản xuất sạch, kho bãi tập trung.",
        "area_ha": 711.4,
        "density": "65%",
        "height_limit": "5-9 tầng",
        "notes": "Quy hoạch chung xây dựng Thủ đô đến năm 2030 và tầm nhìn đến năm 2050."
      },
      "geometry": {
        "type": "Polygon",
        "coordinates": [
          [
            [
              105.71321117224791,
              20.858063014787085
            ],
            [
              105.73092850353304,
              20.85298039365411
            ],
            [
              105.73372574655026,
              20.88748258513598
            ],
            [
              105.71357576270856,
              20.888123535143404
            ],
            [
              105.71321117224791,
              20.858063014787085
            ]
          ]
        ]
      }
    },
    {
      "type": "Feature",
      "id": "qhpk_260",
      "properties": {
        "name": "Công viên cây xanh, hồ điều hòa CX-21-12",
        "district": "Quận Cầu Giấy",
        "code": "CX",
        "land_use": "Đất cây xanh công viên, mặt nước cảnh quan điều hòa khí hậu đô thị.",
        "area_ha": 562,
        "density": "45%",
        "height_limit": "5-9 tầng",
        "notes": "Quy hoạch chung xây dựng Thủ đô đến năm 2030 và tầm nhìn đến năm 2050."
      },
      "geometry": {
        "type": "Polygon",
        "coordinates": [
          [
            [
              105.70947859935472,
              20.90792564074789
            ],
            [
              105.71357576270856,
              20.888123535143404
            ],
            [
              105.73372574655026,
              20.88748258513598
            ],
            [
              105.72967398149169,
              20.91468496297515
            ],
            [
              105.70947859935472,
              20.90792564074789
            ]
          ]
        ]
      }
    },
    {
      "type": "Feature",
      "id": "qhpk_261",
      "properties": {
        "name": "Công viên cây xanh, hồ điều hòa CX-21-13",
        "district": "Quận Hoàn Kiếm",
        "code": "CX",
        "land_use": "Đất cây xanh công viên, mặt nước cảnh quan điều hòa khí hậu đô thị.",
        "area_ha": 469.6,
        "density": "45%",
        "height_limit": "5-9 tầng",
        "notes": "Quy hoạch chung xây dựng Thủ đô đến năm 2030 và tầm nhìn đến năm 2050."
      },
      "geometry": {
        "type": "Polygon",
        "coordinates": [
          [
            [
              105.70947859935472,
              20.90792564074789
            ],
            [
              105.72967398149169,
              20.91468496297515
            ],
            [
              105.72822408906949,
              20.929472492487484
            ],
            [
              105.71062731601255,
              20.936170013209654
            ],
            [
              105.70947859935472,
              20.90792564074789
            ]
          ]
        ]
      }
    },
    {
      "type": "Feature",
      "id": "qhpk_262",
      "properties": {
        "name": "Công viên cây xanh, hồ điều hòa CX-21-14",
        "district": "Quận Cầu Giấy",
        "code": "CX",
        "land_use": "Đất cây xanh công viên, mặt nước cảnh quan điều hòa khí hậu đô thị.",
        "area_ha": 708.9,
        "density": "45%",
        "height_limit": "5-9 tầng",
        "notes": "Quy hoạch chung xây dựng Thủ đô đến năm 2030 và tầm nhìn đến năm 2050."
      },
      "geometry": {
        "type": "Polygon",
        "coordinates": [
          [
            [
              105.71062731601255,
              20.936170013209654
            ],
            [
              105.72822408906949,
              20.929472492487484
            ],
            [
              105.73657070494909,
              20.958193818672935
            ],
            [
              105.7130480701665,
              20.96391665122516
            ],
            [
              105.71062731601255,
              20.936170013209654
            ]
          ]
        ]
      }
    },
    {
      "type": "Feature",
      "id": "qhpk_263",
      "properties": {
        "name": "Tổ hợp dịch vụ, trung tâm thương mại TMDV-21-15",
        "district": "Quận Đống Đa",
        "code": "TMDV",
        "land_use": "Đất thương mại dịch vụ cao tầng, văn phòng, siêu thị, khách sạn.",
        "area_ha": 735.8,
        "density": "45%",
        "height_limit": "5-9 tầng",
        "notes": "Quy hoạch chung xây dựng Thủ đô đến năm 2030 và tầm nhìn đến năm 2050."
      },
      "geometry": {
        "type": "Polygon",
        "coordinates": [
          [
            [
              105.70921982012324,
              20.98776025076153
            ],
            [
              105.7130480701665,
              20.96391665122516
            ],
            [
              105.73657070494909,
              20.958193818672935
            ],
            [
              105.73284656543905,
              20.989119096350255
            ],
            [
              105.70921982012324,
              20.98776025076153
            ]
          ]
        ]
      }
    },
    {
      "type": "Feature",
      "id": "qhpk_264",
      "properties": {
        "name": "Khu dân cư hiện trạng chỉnh trang ODT-21-16",
        "district": "Quận Hai Bà Trưng",
        "code": "ODT",
        "land_use": "Đất ở tại đô thị, phục vụ cải tạo chỉnh trang và xây mới nhà ở.",
        "area_ha": 615.3,
        "density": "55%",
        "height_limit": "3-7 tầng",
        "notes": "Quy hoạch chung xây dựng Thủ đô đến năm 2030 và tầm nhìn đến năm 2050."
      },
      "geometry": {
        "type": "Polygon",
        "coordinates": [
          [
            [
              105.70921982012324,
              20.98776025076153
            ],
            [
              105.73284656543905,
              20.989119096350255
            ],
            [
              105.73569270418794,
              21.006701428555075
            ],
            [
              105.71215075247055,
              21.01458292106112
            ],
            [
              105.70921982012324,
              20.98776025076153
            ]
          ]
        ]
      }
    },
    {
      "type": "Feature",
      "id": "qhpk_265",
      "properties": {
        "name": "Khu đô thị hỗn hợp cao tầng HHT-21-17",
        "district": "Quận Ba Đình",
        "code": "HHT",
        "land_use": "Đất hỗn hợp đa chức năng kết hợp nhà ở và trung tâm thương mại.",
        "area_ha": 643.7,
        "density": "45%",
        "height_limit": "18-35 tầng",
        "notes": "Quy hoạch chung xây dựng Thủ đô đến năm 2030 và tầm nhìn đến năm 2050."
      },
      "geometry": {
        "type": "Polygon",
        "coordinates": [
          [
            [
              105.70820828571706,
              21.03147346952625
            ],
            [
              105.71215075247055,
              21.01458292106112
            ],
            [
              105.73569270418794,
              21.006701428555075
            ],
            [
              105.73323275815709,
              21.03616924614388
            ],
            [
              105.70820828571706,
              21.03147346952625
            ]
          ]
        ]
      }
    },
    {
      "type": "Feature",
      "id": "qhpk_266",
      "properties": {
        "name": "Khu hành chính công sở, liên cơ quan HCTH-21-18",
        "district": "Quận Nam Từ Liêm",
        "code": "HCTH",
        "land_use": "Đất hành chính công sở, cơ quan đầu não nhà nước địa phương.",
        "area_ha": 691.1,
        "density": "25%",
        "height_limit": "5-9 tầng",
        "notes": "Quy hoạch chung xây dựng Thủ đô đến năm 2030 và tầm nhìn đến năm 2050."
      },
      "geometry": {
        "type": "Polygon",
        "coordinates": [
          [
            [
              105.70820828571706,
              21.03147346952625
            ],
            [
              105.73323275815709,
              21.03616924614388
            ],
            [
              105.73115873948953,
              21.060545929613337
            ],
            [
              105.71396467488124,
              21.063952360583983
            ],
            [
              105.70820828571706,
              21.03147346952625
            ]
          ]
        ]
      }
    },
    {
      "type": "Feature",
      "id": "qhpk_267",
      "properties": {
        "name": "Khu dân cư hiện trạng chỉnh trang ODT-21-19",
        "district": "Quận Ba Đình",
        "code": "ODT",
        "land_use": "Đất ở tại đô thị, phục vụ cải tạo chỉnh trang và xây mới nhà ở.",
        "area_ha": 543.4,
        "density": "55%",
        "height_limit": "3-7 tầng",
        "notes": "Quy hoạch chung xây dựng Thủ đô đến năm 2030 và tầm nhìn đến năm 2050."
      },
      "geometry": {
        "type": "Polygon",
        "coordinates": [
          [
            [
              105.70917553295621,
              21.08351609200873
            ],
            [
              105.71396467488124,
              21.063952360583983
            ],
            [
              105.73115873948953,
              21.060545929613337
            ],
            [
              105.72909571862935,
              21.090989086297938
            ],
            [
              105.70917553295621,
              21.08351609200873
            ]
          ]
        ]
      }
    },
    {
      "type": "Feature",
      "id": "qhpk_268",
      "properties": {
        "name": "Khu dân cư hiện trạng chỉnh trang ODT-21-20",
        "district": "Quận Hoàn Kiếm",
        "code": "ODT",
        "land_use": "Đất ở tại đô thị, phục vụ cải tạo chỉnh trang và xây mới nhà ở.",
        "area_ha": 555.7,
        "density": "55%",
        "height_limit": "3-7 tầng",
        "notes": "Quy hoạch chung xây dựng Thủ đô đến năm 2030 và tầm nhìn đến năm 2050."
      },
      "geometry": {
        "type": "Polygon",
        "coordinates": [
          [
            [
              105.70917553295621,
              21.08351609200873
            ],
            [
              105.72909571862935,
              21.090989086297938
            ],
            [
              105.73630892866247,
              21.11121031972858
            ],
            [
              105.71358524071884,
              21.1106660741886
            ],
            [
              105.70917553295621,
              21.08351609200873
            ]
          ]
        ]
      }
    },
    {
      "type": "Feature",
      "id": "qhpk_269",
      "properties": {
        "name": "Khu dân cư hiện trạng chỉnh trang ODT-21-21",
        "district": "Quận Tây Hồ",
        "code": "ODT",
        "land_use": "Đất ở tại đô thị, phục vụ cải tạo chỉnh trang và xây mới nhà ở.",
        "area_ha": 527.6,
        "density": "55%",
        "height_limit": "3-7 tầng",
        "notes": "Quy hoạch chung xây dựng Thủ đô đến năm 2030 và tầm nhìn đến năm 2050."
      },
      "geometry": {
        "type": "Polygon",
        "coordinates": [
          [
            [
              105.71358524071884,
              21.1106660741886
            ],
            [
              105.73630892866247,
              21.11121031972858
            ],
            [
              105.72857886584302,
              21.133811752749367
            ],
            [
              105.71380220475952,
              21.13748663734132
            ],
            [
              105.71358524071884,
              21.1106660741886
            ]
          ]
        ]
      }
    },
    {
      "type": "Feature",
      "id": "qhpk_270",
      "properties": {
        "name": "Khu dân cư hiện trạng chỉnh trang ODT-21-22",
        "district": "Quận Cầu Giấy",
        "code": "ODT",
        "land_use": "Đất ở tại đô thị, phục vụ cải tạo chỉnh trang và xây mới nhà ở.",
        "area_ha": 504.4,
        "density": "55%",
        "height_limit": "3-7 tầng",
        "notes": "Quy hoạch chung xây dựng Thủ đô đến năm 2030 và tầm nhìn đến năm 2050."
      },
      "geometry": {
        "type": "Polygon",
        "coordinates": [
          [
            [
              105.70938741315699,
              21.162429043430222
            ],
            [
              105.71380220475952,
              21.13748663734132
            ],
            [
              105.72857886584302,
              21.133811752749367
            ],
            [
              105.72816768045271,
              21.161652398421325
            ],
            [
              105.70938741315699,
              21.162429043430222
            ]
          ]
        ]
      }
    },
    {
      "type": "Feature",
      "id": "qhpk_271",
      "properties": {
        "name": "Khu dân cư hiện trạng chỉnh trang ODT-21-23",
        "district": "Huyện Sóc Sơn",
        "code": "ODT",
        "land_use": "Đất ở tại đô thị, phục vụ cải tạo chỉnh trang và xây mới nhà ở.",
        "area_ha": 778,
        "density": "55%",
        "height_limit": "3-7 tầng",
        "notes": "Quy hoạch chung xây dựng Thủ đô đến năm 2030 và tầm nhìn đến năm 2050."
      },
      "geometry": {
        "type": "Polygon",
        "coordinates": [
          [
            [
              105.70791075615146,
              21.190376761296868
            ],
            [
              105.70938741315699,
              21.162429043430222
            ],
            [
              105.72816768045271,
              21.161652398421325
            ],
            [
              105.73640370271175,
              21.190744393167872
            ],
            [
              105.70791075615146,
              21.190376761296868
            ]
          ]
        ]
      }
    },
    {
      "type": "Feature",
      "id": "qhpk_272",
      "properties": {
        "name": "Khu dân cư hiện trạng chỉnh trang ODT-21-24",
        "district": "Huyện Sóc Sơn",
        "code": "ODT",
        "land_use": "Đất ở tại đô thị, phục vụ cải tạo chỉnh trang và xây mới nhà ở.",
        "area_ha": 531.2,
        "density": "55%",
        "height_limit": "3-7 tầng",
        "notes": "Quy hoạch chung xây dựng Thủ đô đến năm 2030 và tầm nhìn đến năm 2050."
      },
      "geometry": {
        "type": "Polygon",
        "coordinates": [
          [
            [
              105.70791075615146,
              21.190376761296868
            ],
            [
              105.73640370271175,
              21.190744393167872
            ],
            [
              105.73617166481588,
              21.20926651256046
            ],
            [
              105.71225735488167,
              21.207212777795178
            ],
            [
              105.70791075615146,
              21.190376761296868
            ]
          ]
        ]
      }
    },
    {
      "type": "Feature",
      "id": "qhpk_273",
      "properties": {
        "name": "Cụm công nghiệp tập trung, kho vận CN-21-25",
        "district": "Huyện Sóc Sơn",
        "code": "CN",
        "land_use": "Đất công nghiệp phi nông nghiệp, sản xuất sạch, kho bãi tập trung.",
        "area_ha": 454.4,
        "density": "65%",
        "height_limit": "5-9 tầng",
        "notes": "Quy hoạch chung xây dựng Thủ đô đến năm 2030 và tầm nhìn đến năm 2050."
      },
      "geometry": {
        "type": "Polygon",
        "coordinates": [
          [
            [
              105.71195864104176,
              21.22286813836821
            ],
            [
              105.71225735488167,
              21.207212777795178
            ],
            [
              105.73617166481588,
              21.20926651256046
            ],
            [
              105.7319626057213,
              21.230791618575367
            ],
            [
              105.724725,
              21.22472
            ],
            [
              105.721797,
              21.227266
            ],
            [
              105.719676,
              21.223152
            ],
            [
              105.717623,
              21.222868
            ],
            [
              105.715516,
              21.224356
            ],
            [
              105.71195864104176,
              21.22286813836821
            ]
          ]
        ]
      }
    },
    {
      "type": "Feature",
      "id": "qhpk_274",
      "properties": {
        "name": "Cụm công nghiệp tập trung, kho vận CN-22-1",
        "district": "Huyện Mỹ Đức",
        "code": "CN",
        "land_use": "Đất công nghiệp phi nông nghiệp, sản xuất sạch, kho bãi tập trung.",
        "area_ha": 623.3,
        "density": "65%",
        "height_limit": "5-9 tầng",
        "notes": "Quy hoạch chung xây dựng Thủ đô đến năm 2030 và tầm nhìn đến năm 2050."
      },
      "geometry": {
        "type": "Polygon",
        "coordinates": [
          [
            [
              105.73176173152214,
              20.607764189483795
            ],
            [
              105.75340997997381,
              20.601920949802025
            ],
            [
              105.75213431069604,
              20.6355343100215
            ],
            [
              105.73593619097592,
              20.6309801841823
            ],
            [
              105.73176173152214,
              20.607764189483795
            ]
          ]
        ]
      }
    },
    {
      "type": "Feature",
      "id": "qhpk_275",
      "properties": {
        "name": "Khu dân cư hiện trạng chỉnh trang ODT-22-2",
        "district": "Huyện Mỹ Đức",
        "code": "ODT",
        "land_use": "Đất ở tại đô thị, phục vụ cải tạo chỉnh trang và xây mới nhà ở.",
        "area_ha": 479.1,
        "density": "55%",
        "height_limit": "3-7 tầng",
        "notes": "Quy hoạch chung xây dựng Thủ đô đến năm 2030 và tầm nhìn đến năm 2050."
      },
      "geometry": {
        "type": "Polygon",
        "coordinates": [
          [
            [
              105.73089214395966,
              20.655182363227027
            ],
            [
              105.73593619097592,
              20.6309801841823
            ],
            [
              105.75213431069604,
              20.6355343100215
            ],
            [
              105.75299780003688,
              20.654186884830203
            ],
            [
              105.73089214395966,
              20.655182363227027
            ]
          ]
        ]
      }
    },
    {
      "type": "Feature",
      "id": "qhpk_276",
      "properties": {
        "name": "Tổ hợp dịch vụ, trung tâm thương mại TMDV-22-3",
        "district": "Huyện Mỹ Đức",
        "code": "TMDV",
        "land_use": "Đất thương mại dịch vụ cao tầng, văn phòng, siêu thị, khách sạn.",
        "area_ha": 641.1,
        "density": "45%",
        "height_limit": "5-9 tầng",
        "notes": "Quy hoạch chung xây dựng Thủ đô đến năm 2030 và tầm nhìn đến năm 2050."
      },
      "geometry": {
        "type": "Polygon",
        "coordinates": [
          [
            [
              105.7289986534175,
              20.679673658935045
            ],
            [
              105.73089214395966,
              20.655182363227027
            ],
            [
              105.75299780003688,
              20.654186884830203
            ],
            [
              105.75304834972427,
              20.677832258931666
            ],
            [
              105.7289986534175,
              20.679673658935045
            ]
          ]
        ]
      }
    },
    {
      "type": "Feature",
      "id": "qhpk_277",
      "properties": {
        "name": "Công viên cây xanh, hồ điều hòa CX-22-4",
        "district": "Huyện Mỹ Đức",
        "code": "CX",
        "land_use": "Đất cây xanh công viên, mặt nước cảnh quan điều hòa khí hậu đô thị.",
        "area_ha": 758,
        "density": "45%",
        "height_limit": "5-9 tầng",
        "notes": "Quy hoạch chung xây dựng Thủ đô đến năm 2030 và tầm nhìn đến năm 2050."
      },
      "geometry": {
        "type": "Polygon",
        "coordinates": [
          [
            [
              105.7289986534175,
              20.679673658935045
            ],
            [
              105.75304834972427,
              20.677832258931666
            ],
            [
              105.75364746084712,
              20.70408006672123
            ],
            [
              105.73034545651963,
              20.70852433148753
            ],
            [
              105.7289986534175,
              20.679673658935045
            ]
          ]
        ]
      }
    },
    {
      "type": "Feature",
      "id": "qhpk_278",
      "properties": {
        "name": "Khu dân cư hiện trạng chỉnh trang ODT-22-5",
        "district": "Huyện Mỹ Đức",
        "code": "ODT",
        "land_use": "Đất ở tại đô thị, phục vụ cải tạo chỉnh trang và xây mới nhà ở.",
        "area_ha": 580.1,
        "density": "55%",
        "height_limit": "3-7 tầng",
        "notes": "Quy hoạch chung xây dựng Thủ đô đến năm 2030 và tầm nhìn đến năm 2050."
      },
      "geometry": {
        "type": "Polygon",
        "coordinates": [
          [
            [
              105.73019068070373,
              20.727795843835775
            ],
            [
              105.73034545651963,
              20.70852433148753
            ],
            [
              105.75364746084712,
              20.70408006672123
            ],
            [
              105.75092113322637,
              20.730493218799598
            ],
            [
              105.73019068070373,
              20.727795843835775
            ]
          ]
        ]
      }
    },
    {
      "type": "Feature",
      "id": "qhpk_279",
      "properties": {
        "name": "Khu dân cư hiện trạng chỉnh trang ODT-22-6",
        "district": "Huyện Mỹ Đức",
        "code": "ODT",
        "land_use": "Đất ở tại đô thị, phục vụ cải tạo chỉnh trang và xây mới nhà ở.",
        "area_ha": 611,
        "density": "55%",
        "height_limit": "3-7 tầng",
        "notes": "Quy hoạch chung xây dựng Thủ đô đến năm 2030 và tầm nhìn đến năm 2050."
      },
      "geometry": {
        "type": "Polygon",
        "coordinates": [
          [
            [
              105.73019068070373,
              20.727795843835775
            ],
            [
              105.75092113322637,
              20.730493218799598
            ],
            [
              105.75738010746481,
              20.752126922459432
            ],
            [
              105.73172414237241,
              20.752180333908
            ],
            [
              105.73019068070373,
              20.727795843835775
            ]
          ]
        ]
      }
    },
    {
      "type": "Feature",
      "id": "qhpk_280",
      "properties": {
        "name": "Công viên cây xanh, hồ điều hòa CX-22-7",
        "district": "Quận Nam Từ Liêm",
        "code": "CX",
        "land_use": "Đất cây xanh công viên, mặt nước cảnh quan điều hòa khí hậu đô thị.",
        "area_ha": 818.3,
        "density": "45%",
        "height_limit": "5-9 tầng",
        "notes": "Quy hoạch chung xây dựng Thủ đô đến năm 2030 và tầm nhìn đến năm 2050."
      },
      "geometry": {
        "type": "Polygon",
        "coordinates": [
          [
            [
              105.73172414237241,
              20.752180333908
            ],
            [
              105.75738010746481,
              20.752126922459432
            ],
            [
              105.74938916528451,
              20.785812230387727
            ],
            [
              105.73419305476244,
              20.78812293442526
            ],
            [
              105.73172414237241,
              20.752180333908
            ]
          ]
        ]
      }
    },
    {
      "type": "Feature",
      "id": "qhpk_281",
      "properties": {
        "name": "Công viên cây xanh, hồ điều hòa CX-22-8",
        "district": "Quận Đống Đa",
        "code": "CX",
        "land_use": "Đất cây xanh công viên, mặt nước cảnh quan điều hòa khí hậu đô thị.",
        "area_ha": 381.7,
        "density": "45%",
        "height_limit": "5-9 tầng",
        "notes": "Quy hoạch chung xây dựng Thủ đô đến năm 2030 và tầm nhìn đến năm 2050."
      },
      "geometry": {
        "type": "Polygon",
        "coordinates": [
          [
            [
              105.72816147243223,
              20.808793965052036
            ],
            [
              105.73419305476244,
              20.78812293442526
            ],
            [
              105.74938916528451,
              20.785812230387727
            ],
            [
              105.74865902408473,
              20.803572480005176
            ],
            [
              105.72816147243223,
              20.808793965052036
            ]
          ]
        ]
      }
    },
    {
      "type": "Feature",
      "id": "qhpk_282",
      "properties": {
        "name": "Khu dân cư hiện trạng chỉnh trang ODT-22-9",
        "district": "Quận Tây Hồ",
        "code": "ODT",
        "land_use": "Đất ở tại đô thị, phục vụ cải tạo chỉnh trang và xây mới nhà ở.",
        "area_ha": 646.9,
        "density": "55%",
        "height_limit": "3-7 tầng",
        "notes": "Quy hoạch chung xây dựng Thủ đô đến năm 2030 và tầm nhìn đến năm 2050."
      },
      "geometry": {
        "type": "Polygon",
        "coordinates": [
          [
            [
              105.72816147243223,
              20.808793965052036
            ],
            [
              105.74865902408473,
              20.803572480005176
            ],
            [
              105.74832014583464,
              20.833759842360383
            ],
            [
              105.73075409383577,
              20.836931318179502
            ],
            [
              105.72816147243223,
              20.808793965052036
            ]
          ]
        ]
      }
    },
    {
      "type": "Feature",
      "id": "qhpk_283",
      "properties": {
        "name": "Cụm công nghiệp tập trung, kho vận CN-22-10",
        "district": "Quận Long Biên",
        "code": "CN",
        "land_use": "Đất công nghiệp phi nông nghiệp, sản xuất sạch, kho bãi tập trung.",
        "area_ha": 480.6,
        "density": "65%",
        "height_limit": "5-9 tầng",
        "notes": "Quy hoạch chung xây dựng Thủ đô đến năm 2030 và tầm nhìn đến năm 2050."
      },
      "geometry": {
        "type": "Polygon",
        "coordinates": [
          [
            [
              105.73075409383577,
              20.836931318179502
            ],
            [
              105.74832014583464,
              20.833759842360383
            ],
            [
              105.75180310479483,
              20.86149793310907
            ],
            [
              105.73092850353304,
              20.85298039365411
            ],
            [
              105.73075409383577,
              20.836931318179502
            ]
          ]
        ]
      }
    },
    {
      "type": "Feature",
      "id": "qhpk_284",
      "properties": {
        "name": "Khu đô thị hỗn hợp cao tầng HHT-22-11",
        "district": "Quận Cầu Giấy",
        "code": "HHT",
        "land_use": "Đất hỗn hợp đa chức năng kết hợp nhà ở và trung tâm thương mại.",
        "area_ha": 644.2,
        "density": "45%",
        "height_limit": "18-35 tầng",
        "notes": "Quy hoạch chung xây dựng Thủ đô đến năm 2030 và tầm nhìn đến năm 2050."
      },
      "geometry": {
        "type": "Polygon",
        "coordinates": [
          [
            [
              105.73092850353304,
              20.85298039365411
            ],
            [
              105.75180310479483,
              20.86149793310907
            ],
            [
              105.75521614759631,
              20.879762280408894
            ],
            [
              105.73372574655026,
              20.88748258513598
            ],
            [
              105.73092850353304,
              20.85298039365411
            ]
          ]
        ]
      }
    },
    {
      "type": "Feature",
      "id": "qhpk_285",
      "properties": {
        "name": "Khu hành chính công sở, liên cơ quan HCTH-22-12",
        "district": "Quận Nam Từ Liêm",
        "code": "HCTH",
        "land_use": "Đất hành chính công sở, cơ quan đầu não nhà nước địa phương.",
        "area_ha": 687.6,
        "density": "25%",
        "height_limit": "5-9 tầng",
        "notes": "Quy hoạch chung xây dựng Thủ đô đến năm 2030 và tầm nhìn đến năm 2050."
      },
      "geometry": {
        "type": "Polygon",
        "coordinates": [
          [
            [
              105.72967398149169,
              20.91468496297515
            ],
            [
              105.73372574655026,
              20.88748258513598
            ],
            [
              105.75521614759631,
              20.879762280408894
            ],
            [
              105.75432076764322,
              20.9059348427607
            ],
            [
              105.72967398149169,
              20.91468496297515
            ]
          ]
        ]
      }
    },
    {
      "type": "Feature",
      "id": "qhpk_286",
      "properties": {
        "name": "Tổ hợp dịch vụ, trung tâm thương mại TMDV-22-13",
        "district": "Quận Cầu Giấy",
        "code": "TMDV",
        "land_use": "Đất thương mại dịch vụ cao tầng, văn phòng, siêu thị, khách sạn.",
        "area_ha": 647.6,
        "density": "45%",
        "height_limit": "5-9 tầng",
        "notes": "Quy hoạch chung xây dựng Thủ đô đến năm 2030 và tầm nhìn đến năm 2050."
      },
      "geometry": {
        "type": "Polygon",
        "coordinates": [
          [
            [
              105.72822408906949,
              20.929472492487484
            ],
            [
              105.72967398149169,
              20.91468496297515
            ],
            [
              105.75432076764322,
              20.9059348427607
            ],
            [
              105.7507416735378,
              20.938657896740082
            ],
            [
              105.72822408906949,
              20.929472492487484
            ]
          ]
        ]
      }
    },
    {
      "type": "Feature",
      "id": "qhpk_287",
      "properties": {
        "name": "Tổ hợp dịch vụ, trung tâm thương mại TMDV-22-14",
        "district": "Quận Đống Đa",
        "code": "TMDV",
        "land_use": "Đất thương mại dịch vụ cao tầng, văn phòng, siêu thị, khách sạn.",
        "area_ha": 576.9,
        "density": "45%",
        "height_limit": "5-9 tầng",
        "notes": "Quy hoạch chung xây dựng Thủ đô đến năm 2030 và tầm nhìn đến năm 2050."
      },
      "geometry": {
        "type": "Polygon",
        "coordinates": [
          [
            [
              105.72822408906949,
              20.929472492487484
            ],
            [
              105.7507416735378,
              20.938657896740082
            ],
            [
              105.75528051137366,
              20.962685195131225
            ],
            [
              105.73657070494909,
              20.958193818672935
            ],
            [
              105.72822408906949,
              20.929472492487484
            ]
          ]
        ]
      }
    },
    {
      "type": "Feature",
      "id": "qhpk_288",
      "properties": {
        "name": "Khu dân cư hiện trạng chỉnh trang ODT-22-15",
        "district": "Quận Ba Đình",
        "code": "ODT",
        "land_use": "Đất ở tại đô thị, phục vụ cải tạo chỉnh trang và xây mới nhà ở.",
        "area_ha": 670.3,
        "density": "55%",
        "height_limit": "3-7 tầng",
        "notes": "Quy hoạch chung xây dựng Thủ đô đến năm 2030 và tầm nhìn đến năm 2050."
      },
      "geometry": {
        "type": "Polygon",
        "coordinates": [
          [
            [
              105.73284656543905,
              20.989119096350255
            ],
            [
              105.73657070494909,
              20.958193818672935
            ],
            [
              105.75528051137366,
              20.962685195131225
            ],
            [
              105.75299089004487,
              20.990608054146097
            ],
            [
              105.73284656543905,
              20.989119096350255
            ]
          ]
        ]
      }
    },
    {
      "type": "Feature",
      "id": "qhpk_289",
      "properties": {
        "name": "Khu hành chính công sở, liên cơ quan HCTH-22-16",
        "district": "Quận Đống Đa",
        "code": "HCTH",
        "land_use": "Đất hành chính công sở, cơ quan đầu não nhà nước địa phương.",
        "area_ha": 424.6,
        "density": "25%",
        "height_limit": "5-9 tầng",
        "notes": "Quy hoạch chung xây dựng Thủ đô đến năm 2030 và tầm nhìn đến năm 2050."
      },
      "geometry": {
        "type": "Polygon",
        "coordinates": [
          [
            [
              105.73284656543905,
              20.989119096350255
            ],
            [
              105.75299089004487,
              20.990608054146097
            ],
            [
              105.75654157408815,
              21.009608198688465
            ],
            [
              105.73569270418794,
              21.006701428555075
            ],
            [
              105.73284656543905,
              20.989119096350255
            ]
          ]
        ]
      }
    },
    {
      "type": "Feature",
      "id": "qhpk_290",
      "properties": {
        "name": "Công viên cây xanh, hồ điều hòa CX-22-17",
        "district": "Quận Đống Đa",
        "code": "CX",
        "land_use": "Đất cây xanh công viên, mặt nước cảnh quan điều hòa khí hậu đô thị.",
        "area_ha": 672.2,
        "density": "45%",
        "height_limit": "5-9 tầng",
        "notes": "Quy hoạch chung xây dựng Thủ đô đến năm 2030 và tầm nhìn đến năm 2050."
      },
      "geometry": {
        "type": "Polygon",
        "coordinates": [
          [
            [
              105.73323275815709,
              21.03616924614388
            ],
            [
              105.73569270418794,
              21.006701428555075
            ],
            [
              105.75654157408815,
              21.009608198688465
            ],
            [
              105.75592764788864,
              21.03361492303952
            ],
            [
              105.73323275815709,
              21.03616924614388
            ]
          ]
        ]
      }
    },
    {
      "type": "Feature",
      "id": "qhpk_291",
      "properties": {
        "name": "Cụm công nghiệp tập trung, kho vận CN-22-18",
        "district": "Quận Cầu Giấy",
        "code": "CN",
        "land_use": "Đất công nghiệp phi nông nghiệp, sản xuất sạch, kho bãi tập trung.",
        "area_ha": 549.5,
        "density": "65%",
        "height_limit": "5-9 tầng",
        "notes": "Quy hoạch chung xây dựng Thủ đô đến năm 2030 và tầm nhìn đến năm 2050."
      },
      "geometry": {
        "type": "Polygon",
        "coordinates": [
          [
            [
              105.73115873948953,
              21.060545929613337
            ],
            [
              105.73323275815709,
              21.03616924614388
            ],
            [
              105.75592764788864,
              21.03361492303952
            ],
            [
              105.74874522951775,
              21.057754641029184
            ],
            [
              105.73115873948953,
              21.060545929613337
            ]
          ]
        ]
      }
    },
    {
      "type": "Feature",
      "id": "qhpk_292",
      "properties": {
        "name": "Khu dân cư hiện trạng chỉnh trang ODT-22-19",
        "district": "Quận Hoàn Kiếm",
        "code": "ODT",
        "land_use": "Đất ở tại đô thị, phục vụ cải tạo chỉnh trang và xây mới nhà ở.",
        "area_ha": 782.2,
        "density": "55%",
        "height_limit": "3-7 tầng",
        "notes": "Quy hoạch chung xây dựng Thủ đô đến năm 2030 và tầm nhìn đến năm 2050."
      },
      "geometry": {
        "type": "Polygon",
        "coordinates": [
          [
            [
              105.72909571862935,
              21.090989086297938
            ],
            [
              105.73115873948953,
              21.060545929613337
            ],
            [
              105.74874522951775,
              21.057754641029184
            ],
            [
              105.75388971933664,
              21.09110251527039
            ],
            [
              105.72909571862935,
              21.090989086297938
            ]
          ]
        ]
      }
    },
    {
      "type": "Feature",
      "id": "qhpk_293",
      "properties": {
        "name": "Khu đô thị hỗn hợp cao tầng HHT-22-20",
        "district": "Quận Tây Hồ",
        "code": "HHT",
        "land_use": "Đất hỗn hợp đa chức năng kết hợp nhà ở và trung tâm thương mại.",
        "area_ha": 483.7,
        "density": "45%",
        "height_limit": "18-35 tầng",
        "notes": "Quy hoạch chung xây dựng Thủ đô đến năm 2030 và tầm nhìn đến năm 2050."
      },
      "geometry": {
        "type": "Polygon",
        "coordinates": [
          [
            [
              105.72909571862935,
              21.090989086297938
            ],
            [
              105.75388971933664,
              21.09110251527039
            ],
            [
              105.75585781516689,
              21.10807986791462
            ],
            [
              105.73630892866247,
              21.11121031972858
            ],
            [
              105.72909571862935,
              21.090989086297938
            ]
          ]
        ]
      }
    },
    {
      "type": "Feature",
      "id": "qhpk_294",
      "properties": {
        "name": "Khu dân cư hiện trạng chỉnh trang ODT-22-21",
        "district": "Quận Hai Bà Trưng",
        "code": "ODT",
        "land_use": "Đất ở tại đô thị, phục vụ cải tạo chỉnh trang và xây mới nhà ở.",
        "area_ha": 614.5,
        "density": "55%",
        "height_limit": "3-7 tầng",
        "notes": "Quy hoạch chung xây dựng Thủ đô đến năm 2030 và tầm nhìn đến năm 2050."
      },
      "geometry": {
        "type": "Polygon",
        "coordinates": [
          [
            [
              105.72857886584302,
              21.133811752749367
            ],
            [
              105.73630892866247,
              21.11121031972858
            ],
            [
              105.75585781516689,
              21.10807986791462
            ],
            [
              105.75434478193809,
              21.133256649882327
            ],
            [
              105.72857886584302,
              21.133811752749367
            ]
          ]
        ]
      }
    },
    {
      "type": "Feature",
      "id": "qhpk_295",
      "properties": {
        "name": "Khu dân cư hiện trạng chỉnh trang ODT-22-22",
        "district": "Quận Tây Hồ",
        "code": "ODT",
        "land_use": "Đất ở tại đô thị, phục vụ cải tạo chỉnh trang và xây mới nhà ở.",
        "area_ha": 869.1,
        "density": "55%",
        "height_limit": "3-7 tầng",
        "notes": "Quy hoạch chung xây dựng Thủ đô đến năm 2030 và tầm nhìn đến năm 2050."
      },
      "geometry": {
        "type": "Polygon",
        "coordinates": [
          [
            [
              105.72816768045271,
              21.161652398421325
            ],
            [
              105.72857886584302,
              21.133811752749367
            ],
            [
              105.75434478193809,
              21.133256649882327
            ],
            [
              105.75521915119077,
              21.162498558329133
            ],
            [
              105.72816768045271,
              21.161652398421325
            ]
          ]
        ]
      }
    },
    {
      "type": "Feature",
      "id": "qhpk_296",
      "properties": {
        "name": "Khu dân cư hiện trạng chỉnh trang ODT-22-23",
        "district": "Huyện Sóc Sơn",
        "code": "ODT",
        "land_use": "Đất ở tại đô thị, phục vụ cải tạo chỉnh trang và xây mới nhà ở.",
        "area_ha": 659.3,
        "density": "55%",
        "height_limit": "3-7 tầng",
        "notes": "Quy hoạch chung xây dựng Thủ đô đến năm 2030 và tầm nhìn đến năm 2050."
      },
      "geometry": {
        "type": "Polygon",
        "coordinates": [
          [
            [
              105.72816768045271,
              21.161652398421325
            ],
            [
              105.75521915119077,
              21.162498558329133
            ],
            [
              105.75230327792781,
              21.186201207905597
            ],
            [
              105.73640370271175,
              21.190744393167872
            ],
            [
              105.72816768045271,
              21.161652398421325
            ]
          ]
        ]
      }
    },
    {
      "type": "Feature",
      "id": "qhpk_297",
      "properties": {
        "name": "Cụm công nghiệp tập trung, kho vận CN-22-24",
        "district": "Huyện Sóc Sơn",
        "code": "CN",
        "land_use": "Đất công nghiệp phi nông nghiệp, sản xuất sạch, kho bãi tập trung.",
        "area_ha": 418.7,
        "density": "65%",
        "height_limit": "5-9 tầng",
        "notes": "Quy hoạch chung xây dựng Thủ đô đến năm 2030 và tầm nhìn đến năm 2050."
      },
      "geometry": {
        "type": "Polygon",
        "coordinates": [
          [
            [
              105.73617166481588,
              21.20926651256046
            ],
            [
              105.73640370271175,
              21.190744393167872
            ],
            [
              105.75230327792781,
              21.186201207905597
            ],
            [
              105.74943737512871,
              21.21713734945074
            ],
            [
              105.73617166481588,
              21.20926651256046
            ]
          ]
        ]
      }
    },
    {
      "type": "Feature",
      "id": "qhpk_298",
      "properties": {
        "name": "Công viên cây xanh, hồ điều hòa CX-22-25",
        "district": "Huyện Sóc Sơn",
        "code": "CX",
        "land_use": "Đất cây xanh công viên, mặt nước cảnh quan điều hòa khí hậu đô thị.",
        "area_ha": 483.9,
        "density": "45%",
        "height_limit": "5-9 tầng",
        "notes": "Quy hoạch chung xây dựng Thủ đô đến năm 2030 và tầm nhìn đến năm 2050."
      },
      "geometry": {
        "type": "Polygon",
        "coordinates": [
          [
            [
              105.7319626057213,
              21.230791618575367
            ],
            [
              105.73617166481588,
              21.20926651256046
            ],
            [
              105.74943737512871,
              21.21713734945074
            ],
            [
              105.75440213166166,
              21.23696862735533
            ],
            [
              105.73725983825686,
              21.23669395971513
            ],
            [
              105.737508,
              21.235921
            ],
            [
              105.735423,
              21.235177
            ],
            [
              105.732432,
              21.235438
            ],
            [
              105.732643,
              21.234182
            ],
            [
              105.734278,
              21.232734
            ],
            [
              105.7319626057213,
              21.230791618575367
            ]
          ]
        ]
      }
    },
    {
      "type": "Feature",
      "id": "qhpk_299",
      "properties": {
        "name": "Khu dân cư hiện trạng chỉnh trang ODT-22-26",
        "district": "Huyện Sóc Sơn",
        "code": "ODT",
        "land_use": "Đất ở tại đô thị, phục vụ cải tạo chỉnh trang và xây mới nhà ở.",
        "area_ha": 648.3,
        "density": "55%",
        "height_limit": "3-7 tầng",
        "notes": "Quy hoạch chung xây dựng Thủ đô đến năm 2030 và tầm nhìn đến năm 2050."
      },
      "geometry": {
        "type": "Polygon",
        "coordinates": [
          [
            [
              105.7277108992509,
              21.258114829120668
            ],
            [
              105.72902113994863,
              21.249069219977205
            ],
            [
              105.72912,
              21.249021
            ],
            [
              105.72906235195029,
              21.248784701522126
            ],
            [
              105.73017533706341,
              21.241100900878987
            ],
            [
              105.734254,
              21.24181
            ],
            [
              105.736192,
              21.24002
            ],
            [
              105.73725983825686,
              21.23669395971513
            ],
            [
              105.75440213166166,
              21.23696862735533
            ],
            [
              105.74951017085185,
              21.26606891160864
            ],
            [
              105.7277108992509,
              21.258114829120668
            ]
          ]
        ]
      }
    },
    {
      "type": "Feature",
      "id": "qhpk_300",
      "properties": {
        "name": "Công viên cây xanh, hồ điều hòa CX-22-27",
        "district": "Huyện Sóc Sơn",
        "code": "CX",
        "land_use": "Đất cây xanh công viên, mặt nước cảnh quan điều hòa khí hậu đô thị.",
        "area_ha": 632.5,
        "density": "45%",
        "height_limit": "5-9 tầng",
        "notes": "Quy hoạch chung xây dựng Thủ đô đến năm 2030 và tầm nhìn đến năm 2050."
      },
      "geometry": {
        "type": "Polygon",
        "coordinates": [
          [
            [
              105.7277108992509,
              21.258114829120668
            ],
            [
              105.74951017085185,
              21.26606891160864
            ],
            [
              105.75445004089569,
              21.294038736703758
            ],
            [
              105.74510302240917,
              21.292425361472645
            ],
            [
              105.744931,
              21.291905
            ],
            [
              105.74429889764082,
              21.29228656266896
            ],
            [
              105.74261789202495,
              21.291996406740854
            ],
            [
              105.742559,
              21.291906
            ],
            [
              105.742861,
              21.29041
            ],
            [
              105.741464,
              21.29095
            ],
            [
              105.740767,
              21.290199
            ],
            [
              105.74258,
              21.288953
            ],
            [
              105.741899,
              21.287303
            ],
            [
              105.739561,
              21.287743
            ],
            [
              105.739633,
              21.286708
            ],
            [
              105.739076,
              21.286815
            ],
            [
              105.738251,
              21.288122
            ],
            [
              105.736307,
              21.286858
            ],
            [
              105.736778,
              21.285605
            ],
            [
              105.735098,
              21.284167
            ],
            [
              105.735957,
              21.279545
            ],
            [
              105.733345,
              21.27925
            ],
            [
              105.732612,
              21.275096
            ],
            [
              105.73023899356059,
              21.275556227072467
            ],
            [
              105.7277108992509,
              21.258114829120668
            ]
          ]
        ]
      }
    },
    {
      "type": "Feature",
      "id": "qhpk_301",
      "properties": {
        "name": "Khu dân cư hiện trạng chỉnh trang ODT-23-0",
        "district": "Huyện Mỹ Đức",
        "code": "ODT",
        "land_use": "Đất ở tại đô thị, phục vụ cải tạo chỉnh trang và xây mới nhà ở.",
        "area_ha": 595.2,
        "density": "55%",
        "height_limit": "3-7 tầng",
        "notes": "Quy hoạch chung xây dựng Thủ đô đến năm 2030 và tầm nhìn đến năm 2050."
      },
      "geometry": {
        "type": "Polygon",
        "coordinates": [
          [
            [
              105.75180435780649,
              20.5897273405933
            ],
            [
              105.752418,
              20.589504
            ],
            [
              105.756317,
              20.583016
            ],
            [
              105.76041691865743,
              20.5806087249374
            ],
            [
              105.77566874139107,
              20.581269447776315
            ],
            [
              105.7718542389955,
              20.610216733556825
            ],
            [
              105.75340997997381,
              20.601920949802025
            ],
            [
              105.75180435780649,
              20.5897273405933
            ]
          ]
        ]
      }
    },
    {
      "type": "Feature",
      "id": "qhpk_302",
      "properties": {
        "name": "Tổ hợp dịch vụ, trung tâm thương mại TMDV-23-1",
        "district": "Huyện Mỹ Đức",
        "code": "TMDV",
        "land_use": "Đất thương mại dịch vụ cao tầng, văn phòng, siêu thị, khách sạn.",
        "area_ha": 622.6,
        "density": "45%",
        "height_limit": "5-9 tầng",
        "notes": "Quy hoạch chung xây dựng Thủ đô đến năm 2030 và tầm nhìn đến năm 2050."
      },
      "geometry": {
        "type": "Polygon",
        "coordinates": [
          [
            [
              105.75213431069604,
              20.6355343100215
            ],
            [
              105.75340997997381,
              20.601920949802025
            ],
            [
              105.7718542389955,
              20.610216733556825
            ],
            [
              105.77692306049879,
              20.626294596466014
            ],
            [
              105.75213431069604,
              20.6355343100215
            ]
          ]
        ]
      }
    },
    {
      "type": "Feature",
      "id": "qhpk_303",
      "properties": {
        "name": "Khu đô thị hỗn hợp cao tầng HHT-23-2",
        "district": "Huyện Mỹ Đức",
        "code": "HHT",
        "land_use": "Đất hỗn hợp đa chức năng kết hợp nhà ở và trung tâm thương mại.",
        "area_ha": 616.4,
        "density": "45%",
        "height_limit": "18-35 tầng",
        "notes": "Quy hoạch chung xây dựng Thủ đô đến năm 2030 và tầm nhìn đến năm 2050."
      },
      "geometry": {
        "type": "Polygon",
        "coordinates": [
          [
            [
              105.75213431069604,
              20.6355343100215
            ],
            [
              105.77692306049879,
              20.626294596466014
            ],
            [
              105.77101651605122,
              20.658053864806565
            ],
            [
              105.75299780003688,
              20.654186884830203
            ],
            [
              105.75213431069604,
              20.6355343100215
            ]
          ]
        ]
      }
    },
    {
      "type": "Feature",
      "id": "qhpk_304",
      "properties": {
        "name": "Khu dân cư hiện trạng chỉnh trang ODT-23-3",
        "district": "Huyện Mỹ Đức",
        "code": "ODT",
        "land_use": "Đất ở tại đô thị, phục vụ cải tạo chỉnh trang và xây mới nhà ở.",
        "area_ha": 501.1,
        "density": "55%",
        "height_limit": "3-7 tầng",
        "notes": "Quy hoạch chung xây dựng Thủ đô đến năm 2030 và tầm nhìn đến năm 2050."
      },
      "geometry": {
        "type": "Polygon",
        "coordinates": [
          [
            [
              105.75299780003688,
              20.654186884830203
            ],
            [
              105.77101651605122,
              20.658053864806565
            ],
            [
              105.77155088328945,
              20.68198104295458
            ],
            [
              105.75304834972427,
              20.677832258931666
            ],
            [
              105.75299780003688,
              20.654186884830203
            ]
          ]
        ]
      }
    },
    {
      "type": "Feature",
      "id": "qhpk_305",
      "properties": {
        "name": "Khu dân cư hiện trạng chỉnh trang ODT-23-4",
        "district": "Huyện Mỹ Đức",
        "code": "ODT",
        "land_use": "Đất ở tại đô thị, phục vụ cải tạo chỉnh trang và xây mới nhà ở.",
        "area_ha": 592,
        "density": "55%",
        "height_limit": "3-7 tầng",
        "notes": "Quy hoạch chung xây dựng Thủ đô đến năm 2030 và tầm nhìn đến năm 2050."
      },
      "geometry": {
        "type": "Polygon",
        "coordinates": [
          [
            [
              105.75304834972427,
              20.677832258931666
            ],
            [
              105.77155088328945,
              20.68198104295458
            ],
            [
              105.77742549474641,
              20.704912763640614
            ],
            [
              105.75364746084712,
              20.70408006672123
            ],
            [
              105.75304834972427,
              20.677832258931666
            ]
          ]
        ]
      }
    },
    {
      "type": "Feature",
      "id": "qhpk_306",
      "properties": {
        "name": "Tổ hợp dịch vụ, trung tâm thương mại TMDV-23-5",
        "district": "Huyện Mỹ Đức",
        "code": "TMDV",
        "land_use": "Đất thương mại dịch vụ cao tầng, văn phòng, siêu thị, khách sạn.",
        "area_ha": 654.5,
        "density": "45%",
        "height_limit": "5-9 tầng",
        "notes": "Quy hoạch chung xây dựng Thủ đô đến năm 2030 và tầm nhìn đến năm 2050."
      },
      "geometry": {
        "type": "Polygon",
        "coordinates": [
          [
            [
              105.75092113322637,
              20.730493218799598
            ],
            [
              105.75364746084712,
              20.70408006672123
            ],
            [
              105.77742549474641,
              20.704912763640614
            ],
            [
              105.773576320296,
              20.7275518959349
            ],
            [
              105.75092113322637,
              20.730493218799598
            ]
          ]
        ]
      }
    },
    {
      "type": "Feature",
      "id": "qhpk_307",
      "properties": {
        "name": "Công viên cây xanh, hồ điều hòa CX-23-6",
        "district": "Huyện Mỹ Đức",
        "code": "CX",
        "land_use": "Đất cây xanh công viên, mặt nước cảnh quan điều hòa khí hậu đô thị.",
        "area_ha": 535.2,
        "density": "45%",
        "height_limit": "5-9 tầng",
        "notes": "Quy hoạch chung xây dựng Thủ đô đến năm 2030 và tầm nhìn đến năm 2050."
      },
      "geometry": {
        "type": "Polygon",
        "coordinates": [
          [
            [
              105.75092113322637,
              20.730493218799598
            ],
            [
              105.773576320296,
              20.7275518959349
            ],
            [
              105.77334857255632,
              20.75362169258131
            ],
            [
              105.75738010746481,
              20.752126922459432
            ],
            [
              105.75092113322637,
              20.730493218799598
            ]
          ]
        ]
      }
    },
    {
      "type": "Feature",
      "id": "qhpk_308",
      "properties": {
        "name": "Khu dân cư hiện trạng chỉnh trang ODT-23-7",
        "district": "Quận Tây Hồ",
        "code": "ODT",
        "land_use": "Đất ở tại đô thị, phục vụ cải tạo chỉnh trang và xây mới nhà ở.",
        "area_ha": 707.2,
        "density": "55%",
        "height_limit": "3-7 tầng",
        "notes": "Quy hoạch chung xây dựng Thủ đô đến năm 2030 và tầm nhìn đến năm 2050."
      },
      "geometry": {
        "type": "Polygon",
        "coordinates": [
          [
            [
              105.74938916528451,
              20.785812230387727
            ],
            [
              105.75738010746481,
              20.752126922459432
            ],
            [
              105.77334857255632,
              20.75362169258131
            ],
            [
              105.77215824167341,
              20.783337509935464
            ],
            [
              105.74938916528451,
              20.785812230387727
            ]
          ]
        ]
      }
    },
    {
      "type": "Feature",
      "id": "qhpk_309",
      "properties": {
        "name": "Tổ hợp dịch vụ, trung tâm thương mại TMDV-23-8",
        "district": "Quận Long Biên",
        "code": "TMDV",
        "land_use": "Đất thương mại dịch vụ cao tầng, văn phòng, siêu thị, khách sạn.",
        "area_ha": 681.1,
        "density": "45%",
        "height_limit": "5-9 tầng",
        "notes": "Quy hoạch chung xây dựng Thủ đô đến năm 2030 và tầm nhìn đến năm 2050."
      },
      "geometry": {
        "type": "Polygon",
        "coordinates": [
          [
            [
              105.74865902408473,
              20.803572480005176
            ],
            [
              105.74938916528451,
              20.785812230387727
            ],
            [
              105.77215824167341,
              20.783337509935464
            ],
            [
              105.77753382045137,
              20.811728738519797
            ],
            [
              105.74865902408473,
              20.803572480005176
            ]
          ]
        ]
      }
    },
    {
      "type": "Feature",
      "id": "qhpk_310",
      "properties": {
        "name": "Khu hành chính công sở, liên cơ quan HCTH-23-9",
        "district": "Quận Tây Hồ",
        "code": "HCTH",
        "land_use": "Đất hành chính công sở, cơ quan đầu não nhà nước địa phương.",
        "area_ha": 778.1,
        "density": "25%",
        "height_limit": "5-9 tầng",
        "notes": "Quy hoạch chung xây dựng Thủ đô đến năm 2030 và tầm nhìn đến năm 2050."
      },
      "geometry": {
        "type": "Polygon",
        "coordinates": [
          [
            [
              105.74832014583464,
              20.833759842360383
            ],
            [
              105.74865902408473,
              20.803572480005176
            ],
            [
              105.77753382045137,
              20.811728738519797
            ],
            [
              105.76871592882543,
              20.834541391461578
            ],
            [
              105.74832014583464,
              20.833759842360383
            ]
          ]
        ]
      }
    },
    {
      "type": "Feature",
      "id": "qhpk_311",
      "properties": {
        "name": "Khu đô thị hỗn hợp cao tầng HHT-23-10",
        "district": "Quận Nam Từ Liêm",
        "code": "HHT",
        "land_use": "Đất hỗn hợp đa chức năng kết hợp nhà ở và trung tâm thương mại.",
        "area_ha": 593.2,
        "density": "45%",
        "height_limit": "18-35 tầng",
        "notes": "Quy hoạch chung xây dựng Thủ đô đến năm 2030 và tầm nhìn đến năm 2050."
      },
      "geometry": {
        "type": "Polygon",
        "coordinates": [
          [
            [
              105.74832014583464,
              20.833759842360383
            ],
            [
              105.76871592882543,
              20.834541391461578
            ],
            [
              105.76980407951511,
              20.86023022993659
            ],
            [
              105.75180310479483,
              20.86149793310907
            ],
            [
              105.74832014583464,
              20.833759842360383
            ]
          ]
        ]
      }
    },
    {
      "type": "Feature",
      "id": "qhpk_312",
      "properties": {
        "name": "Cụm công nghiệp tập trung, kho vận CN-23-11",
        "district": "Quận Đống Đa",
        "code": "CN",
        "land_use": "Đất công nghiệp phi nông nghiệp, sản xuất sạch, kho bãi tập trung.",
        "area_ha": 451.8,
        "density": "65%",
        "height_limit": "5-9 tầng",
        "notes": "Quy hoạch chung xây dựng Thủ đô đến năm 2030 và tầm nhìn đến năm 2050."
      },
      "geometry": {
        "type": "Polygon",
        "coordinates": [
          [
            [
              105.75180310479483,
              20.86149793310907
            ],
            [
              105.76980407951511,
              20.86023022993659
            ],
            [
              105.77271360823494,
              20.887120891865198
            ],
            [
              105.75521614759631,
              20.879762280408894
            ],
            [
              105.75180310479483,
              20.86149793310907
            ]
          ]
        ]
      }
    },
    {
      "type": "Feature",
      "id": "qhpk_313",
      "properties": {
        "name": "Khu hành chính công sở, liên cơ quan HCTH-23-12",
        "district": "Quận Long Biên",
        "code": "HCTH",
        "land_use": "Đất hành chính công sở, cơ quan đầu não nhà nước địa phương.",
        "area_ha": 521.8,
        "density": "25%",
        "height_limit": "5-9 tầng",
        "notes": "Quy hoạch chung xây dựng Thủ đô đến năm 2030 và tầm nhìn đến năm 2050."
      },
      "geometry": {
        "type": "Polygon",
        "coordinates": [
          [
            [
              105.75432076764322,
              20.9059348427607
            ],
            [
              105.75521614759631,
              20.879762280408894
            ],
            [
              105.77271360823494,
              20.887120891865198
            ],
            [
              105.76944891009646,
              20.914325360179962
            ],
            [
              105.75432076764322,
              20.9059348427607
            ]
          ]
        ]
      }
    },
    {
      "type": "Feature",
      "id": "qhpk_314",
      "properties": {
        "name": "Tổ hợp dịch vụ, trung tâm thương mại TMDV-23-13",
        "district": "Quận Ba Đình",
        "code": "TMDV",
        "land_use": "Đất thương mại dịch vụ cao tầng, văn phòng, siêu thị, khách sạn.",
        "area_ha": 609,
        "density": "45%",
        "height_limit": "5-9 tầng",
        "notes": "Quy hoạch chung xây dựng Thủ đô đến năm 2030 và tầm nhìn đến năm 2050."
      },
      "geometry": {
        "type": "Polygon",
        "coordinates": [
          [
            [
              105.7507416735378,
              20.938657896740082
            ],
            [
              105.75432076764322,
              20.9059348427607
            ],
            [
              105.76944891009646,
              20.914325360179962
            ],
            [
              105.7739112470905,
              20.936824853529494
            ],
            [
              105.7507416735378,
              20.938657896740082
            ]
          ]
        ]
      }
    },
    {
      "type": "Feature",
      "id": "qhpk_315",
      "properties": {
        "name": "Khu dân cư hiện trạng chỉnh trang ODT-23-14",
        "district": "Quận Nam Từ Liêm",
        "code": "ODT",
        "land_use": "Đất ở tại đô thị, phục vụ cải tạo chỉnh trang và xây mới nhà ở.",
        "area_ha": 577.2,
        "density": "55%",
        "height_limit": "3-7 tầng",
        "notes": "Quy hoạch chung xây dựng Thủ đô đến năm 2030 và tầm nhìn đến năm 2050."
      },
      "geometry": {
        "type": "Polygon",
        "coordinates": [
          [
            [
              105.7507416735378,
              20.938657896740082
            ],
            [
              105.7739112470905,
              20.936824853529494
            ],
            [
              105.77355860186348,
              20.96064933874637
            ],
            [
              105.75528051137366,
              20.962685195131225
            ],
            [
              105.7507416735378,
              20.938657896740082
            ]
          ]
        ]
      }
    },
    {
      "type": "Feature",
      "id": "qhpk_316",
      "properties": {
        "name": "Khu đô thị hỗn hợp cao tầng HHT-23-15",
        "district": "Quận Nam Từ Liêm",
        "code": "HHT",
        "land_use": "Đất hỗn hợp đa chức năng kết hợp nhà ở và trung tâm thương mại.",
        "area_ha": 508.4,
        "density": "45%",
        "height_limit": "18-35 tầng",
        "notes": "Quy hoạch chung xây dựng Thủ đô đến năm 2030 và tầm nhìn đến năm 2050."
      },
      "geometry": {
        "type": "Polygon",
        "coordinates": [
          [
            [
              105.75299089004487,
              20.990608054146097
            ],
            [
              105.75528051137366,
              20.962685195131225
            ],
            [
              105.77355860186348,
              20.96064933874637
            ],
            [
              105.77288538192437,
              20.979865174690485
            ],
            [
              105.75299089004487,
              20.990608054146097
            ]
          ]
        ]
      }
    },
    {
      "type": "Feature",
      "id": "qhpk_317",
      "properties": {
        "name": "Khu hành chính công sở, liên cơ quan HCTH-23-16",
        "district": "Quận Nam Từ Liêm",
        "code": "HCTH",
        "land_use": "Đất hành chính công sở, cơ quan đầu não nhà nước địa phương.",
        "area_ha": 591,
        "density": "25%",
        "height_limit": "5-9 tầng",
        "notes": "Quy hoạch chung xây dựng Thủ đô đến năm 2030 và tầm nhìn đến năm 2050."
      },
      "geometry": {
        "type": "Polygon",
        "coordinates": [
          [
            [
              105.75299089004487,
              20.990608054146097
            ],
            [
              105.77288538192437,
              20.979865174690485
            ],
            [
              105.77617261473338,
              21.011073944107697
            ],
            [
              105.75654157408815,
              21.009608198688465
            ],
            [
              105.75299089004487,
              20.990608054146097
            ]
          ]
        ]
      }
    },
    {
      "type": "Feature",
      "id": "qhpk_318",
      "properties": {
        "name": "Khu dân cư hiện trạng chỉnh trang ODT-23-17",
        "district": "Quận Ba Đình",
        "code": "ODT",
        "land_use": "Đất ở tại đô thị, phục vụ cải tạo chỉnh trang và xây mới nhà ở.",
        "area_ha": 492.1,
        "density": "55%",
        "height_limit": "3-7 tầng",
        "notes": "Quy hoạch chung xây dựng Thủ đô đến năm 2030 và tầm nhìn đến năm 2050."
      },
      "geometry": {
        "type": "Polygon",
        "coordinates": [
          [
            [
              105.75592764788864,
              21.03361492303952
            ],
            [
              105.75654157408815,
              21.009608198688465
            ],
            [
              105.77617261473338,
              21.011073944107697
            ],
            [
              105.76899903369889,
              21.03786079694312
            ],
            [
              105.75592764788864,
              21.03361492303952
            ]
          ]
        ]
      }
    },
    {
      "type": "Feature",
      "id": "qhpk_319",
      "properties": {
        "name": "Khu dân cư hiện trạng chỉnh trang ODT-23-18",
        "district": "Quận Cầu Giấy",
        "code": "ODT",
        "land_use": "Đất ở tại đô thị, phục vụ cải tạo chỉnh trang và xây mới nhà ở.",
        "area_ha": 510,
        "density": "55%",
        "height_limit": "3-7 tầng",
        "notes": "Quy hoạch chung xây dựng Thủ đô đến năm 2030 và tầm nhìn đến năm 2050."
      },
      "geometry": {
        "type": "Polygon",
        "coordinates": [
          [
            [
              105.74874522951775,
              21.057754641029184
            ],
            [
              105.75592764788864,
              21.03361492303952
            ],
            [
              105.76899903369889,
              21.03786079694312
            ],
            [
              105.77026533972155,
              21.06317459235097
            ],
            [
              105.74874522951775,
              21.057754641029184
            ]
          ]
        ]
      }
    },
    {
      "type": "Feature",
      "id": "qhpk_320",
      "properties": {
        "name": "Công viên cây xanh, hồ điều hòa CX-23-19",
        "district": "Quận Ba Đình",
        "code": "CX",
        "land_use": "Đất cây xanh công viên, mặt nước cảnh quan điều hòa khí hậu đô thị.",
        "area_ha": 648.1,
        "density": "45%",
        "height_limit": "5-9 tầng",
        "notes": "Quy hoạch chung xây dựng Thủ đô đến năm 2030 và tầm nhìn đến năm 2050."
      },
      "geometry": {
        "type": "Polygon",
        "coordinates": [
          [
            [
              105.74874522951775,
              21.057754641029184
            ],
            [
              105.77026533972155,
              21.06317459235097
            ],
            [
              105.77034849562382,
              21.08951362201434
            ],
            [
              105.75388971933664,
              21.09110251527039
            ],
            [
              105.74874522951775,
              21.057754641029184
            ]
          ]
        ]
      }
    },
    {
      "type": "Feature",
      "id": "qhpk_321",
      "properties": {
        "name": "Công viên cây xanh, hồ điều hòa CX-23-20",
        "district": "Quận Long Biên",
        "code": "CX",
        "land_use": "Đất cây xanh công viên, mặt nước cảnh quan điều hòa khí hậu đô thị.",
        "area_ha": 356.3,
        "density": "45%",
        "height_limit": "5-9 tầng",
        "notes": "Quy hoạch chung xây dựng Thủ đô đến năm 2030 và tầm nhìn đến năm 2050."
      },
      "geometry": {
        "type": "Polygon",
        "coordinates": [
          [
            [
              105.75388971933664,
              21.09110251527039
            ],
            [
              105.77034849562382,
              21.08951362201434
            ],
            [
              105.77278713945101,
              21.109515168492592
            ],
            [
              105.75585781516689,
              21.10807986791462
            ],
            [
              105.75388971933664,
              21.09110251527039
            ]
          ]
        ]
      }
    },
    {
      "type": "Feature",
      "id": "qhpk_322",
      "properties": {
        "name": "Công viên cây xanh, hồ điều hòa CX-23-21",
        "district": "Quận Đống Đa",
        "code": "CX",
        "land_use": "Đất cây xanh công viên, mặt nước cảnh quan điều hòa khí hậu đô thị.",
        "area_ha": 578.2,
        "density": "45%",
        "height_limit": "5-9 tầng",
        "notes": "Quy hoạch chung xây dựng Thủ đô đến năm 2030 và tầm nhìn đến năm 2050."
      },
      "geometry": {
        "type": "Polygon",
        "coordinates": [
          [
            [
              105.75434478193809,
              21.133256649882327
            ],
            [
              105.75585781516689,
              21.10807986791462
            ],
            [
              105.77278713945101,
              21.109515168492592
            ],
            [
              105.77586528206051,
              21.136687637151123
            ],
            [
              105.75434478193809,
              21.133256649882327
            ]
          ]
        ]
      }
    },
    {
      "type": "Feature",
      "id": "qhpk_323",
      "properties": {
        "name": "Khu hành chính công sở, liên cơ quan HCTH-23-22",
        "district": "Quận Tây Hồ",
        "code": "HCTH",
        "land_use": "Đất hành chính công sở, cơ quan đầu não nhà nước địa phương.",
        "area_ha": 606.8,
        "density": "25%",
        "height_limit": "5-9 tầng",
        "notes": "Quy hoạch chung xây dựng Thủ đô đến năm 2030 và tầm nhìn đến năm 2050."
      },
      "geometry": {
        "type": "Polygon",
        "coordinates": [
          [
            [
              105.75434478193809,
              21.133256649882327
            ],
            [
              105.77586528206051,
              21.136687637151123
            ],
            [
              105.77424153098497,
              21.159359211887846
            ],
            [
              105.75521915119077,
              21.162498558329133
            ],
            [
              105.75434478193809,
              21.133256649882327
            ]
          ]
        ]
      }
    },
    {
      "type": "Feature",
      "id": "qhpk_324",
      "properties": {
        "name": "Công viên cây xanh, hồ điều hòa CX-23-23",
        "district": "Huyện Sóc Sơn",
        "code": "CX",
        "land_use": "Đất cây xanh công viên, mặt nước cảnh quan điều hòa khí hậu đô thị.",
        "area_ha": 571.6,
        "density": "45%",
        "height_limit": "5-9 tầng",
        "notes": "Quy hoạch chung xây dựng Thủ đô đến năm 2030 và tầm nhìn đến năm 2050."
      },
      "geometry": {
        "type": "Polygon",
        "coordinates": [
          [
            [
              105.75230327792781,
              21.186201207905597
            ],
            [
              105.75521915119077,
              21.162498558329133
            ],
            [
              105.77424153098497,
              21.159359211887846
            ],
            [
              105.76990072052341,
              21.18973589967448
            ],
            [
              105.75230327792781,
              21.186201207905597
            ]
          ]
        ]
      }
    },
    {
      "type": "Feature",
      "id": "qhpk_325",
      "properties": {
        "name": "Khu dân cư hiện trạng chỉnh trang ODT-23-24",
        "district": "Huyện Sóc Sơn",
        "code": "ODT",
        "land_use": "Đất ở tại đô thị, phục vụ cải tạo chỉnh trang và xây mới nhà ở.",
        "area_ha": 694.6,
        "density": "55%",
        "height_limit": "3-7 tầng",
        "notes": "Quy hoạch chung xây dựng Thủ đô đến năm 2030 và tầm nhìn đến năm 2050."
      },
      "geometry": {
        "type": "Polygon",
        "coordinates": [
          [
            [
              105.74943737512871,
              21.21713734945074
            ],
            [
              105.75230327792781,
              21.186201207905597
            ],
            [
              105.76990072052341,
              21.18973589967448
            ],
            [
              105.7766974090037,
              21.21242982296462
            ],
            [
              105.74943737512871,
              21.21713734945074
            ]
          ]
        ]
      }
    },
    {
      "type": "Feature",
      "id": "qhpk_326",
      "properties": {
        "name": "Khu đô thị hỗn hợp cao tầng HHT-23-25",
        "district": "Huyện Sóc Sơn",
        "code": "HHT",
        "land_use": "Đất hỗn hợp đa chức năng kết hợp nhà ở và trung tâm thương mại.",
        "area_ha": 629.1,
        "density": "45%",
        "height_limit": "18-35 tầng",
        "notes": "Quy hoạch chung xây dựng Thủ đô đến năm 2030 và tầm nhìn đến năm 2050."
      },
      "geometry": {
        "type": "Polygon",
        "coordinates": [
          [
            [
              105.74943737512871,
              21.21713734945074
            ],
            [
              105.7766974090037,
              21.21242982296462
            ],
            [
              105.76988097645689,
              21.243597948897644
            ],
            [
              105.75440213166166,
              21.23696862735533
            ],
            [
              105.74943737512871,
              21.21713734945074
            ]
          ]
        ]
      }
    },
    {
      "type": "Feature",
      "id": "qhpk_327",
      "properties": {
        "name": "Khu đô thị hỗn hợp cao tầng HHT-23-26",
        "district": "Huyện Sóc Sơn",
        "code": "HHT",
        "land_use": "Đất hỗn hợp đa chức năng kết hợp nhà ở và trung tâm thương mại.",
        "area_ha": 611,
        "density": "45%",
        "height_limit": "18-35 tầng",
        "notes": "Quy hoạch chung xây dựng Thủ đô đến năm 2030 và tầm nhìn đến năm 2050."
      },
      "geometry": {
        "type": "Polygon",
        "coordinates": [
          [
            [
              105.74951017085185,
              21.26606891160864
            ],
            [
              105.75440213166166,
              21.23696862735533
            ],
            [
              105.76988097645689,
              21.243597948897644
            ],
            [
              105.77368170415271,
              21.26775578137393
            ],
            [
              105.74951017085185,
              21.26606891160864
            ]
          ]
        ]
      }
    },
    {
      "type": "Feature",
      "id": "qhpk_328",
      "properties": {
        "name": "Khu dân cư hiện trạng chỉnh trang ODT-23-27",
        "district": "Huyện Sóc Sơn",
        "code": "ODT",
        "land_use": "Đất ở tại đô thị, phục vụ cải tạo chỉnh trang và xây mới nhà ở.",
        "area_ha": 654,
        "density": "55%",
        "height_limit": "3-7 tầng",
        "notes": "Quy hoạch chung xây dựng Thủ đô đến năm 2030 và tầm nhìn đến năm 2050."
      },
      "geometry": {
        "type": "Polygon",
        "coordinates": [
          [
            [
              105.74951017085185,
              21.26606891160864
            ],
            [
              105.77368170415271,
              21.26775578137393
            ],
            [
              105.77606300768986,
              21.28881482418747
            ],
            [
              105.75445004089569,
              21.294038736703758
            ],
            [
              105.74951017085185,
              21.26606891160864
            ]
          ]
        ]
      }
    },
    {
      "type": "Feature",
      "id": "qhpk_329",
      "properties": {
        "name": "Công viên cây xanh, hồ điều hòa CX-23-28",
        "district": "Huyện Sóc Sơn",
        "code": "CX",
        "land_use": "Đất cây xanh công viên, mặt nước cảnh quan điều hòa khí hậu đô thị.",
        "area_ha": 422.1,
        "density": "45%",
        "height_limit": "5-9 tầng",
        "notes": "Quy hoạch chung xây dựng Thủ đô đến năm 2030 và tầm nhìn đến năm 2050."
      },
      "geometry": {
        "type": "Polygon",
        "coordinates": [
          [
            [
              105.7543021903259,
              21.29881092133513
            ],
            [
              105.75445004089569,
              21.294038736703758
            ],
            [
              105.77606300768986,
              21.28881482418747
            ],
            [
              105.77012528522413,
              21.318035984137154
            ],
            [
              105.76378319087404,
              21.3151146883679
            ],
            [
              105.762526,
              21.313747
            ],
            [
              105.760237,
              21.308244
            ],
            [
              105.760776,
              21.306674
            ],
            [
              105.758471,
              21.304162
            ],
            [
              105.759113,
              21.30319
            ],
            [
              105.756464,
              21.301647
            ],
            [
              105.756689,
              21.300342
            ],
            [
              105.755279,
              21.29986
            ],
            [
              105.7543021903259,
              21.29881092133513
            ]
          ]
        ]
      }
    },
    {
      "type": "Feature",
      "id": "qhpk_330",
      "properties": {
        "name": "Khu dân cư hiện trạng chỉnh trang ODT-24-0",
        "district": "Huyện Mỹ Đức",
        "code": "ODT",
        "land_use": "Đất ở tại đô thị, phục vụ cải tạo chỉnh trang và xây mới nhà ở.",
        "area_ha": 519,
        "density": "55%",
        "height_limit": "3-7 tầng",
        "notes": "Quy hoạch chung xây dựng Thủ đô đến năm 2030 và tầm nhìn đến năm 2050."
      },
      "geometry": {
        "type": "Polygon",
        "coordinates": [
          [
            [
              105.7718542389955,
              20.610216733556825
            ],
            [
              105.77566874139107,
              20.581269447776315
            ],
            [
              105.7935910949315,
              20.584303123676367
            ],
            [
              105.79140817599482,
              20.603760195164536
            ],
            [
              105.7718542389955,
              20.610216733556825
            ]
          ]
        ]
      }
    },
    {
      "type": "Feature",
      "id": "qhpk_331",
      "properties": {
        "name": "Khu dân cư hiện trạng chỉnh trang ODT-24-1",
        "district": "Huyện Mỹ Đức",
        "code": "ODT",
        "land_use": "Đất ở tại đô thị, phục vụ cải tạo chỉnh trang và xây mới nhà ở.",
        "area_ha": 372.2,
        "density": "55%",
        "height_limit": "3-7 tầng",
        "notes": "Quy hoạch chung xây dựng Thủ đô đến năm 2030 và tầm nhìn đến năm 2050."
      },
      "geometry": {
        "type": "Polygon",
        "coordinates": [
          [
            [
              105.7718542389955,
              20.610216733556825
            ],
            [
              105.79140817599482,
              20.603760195164536
            ],
            [
              105.79083072653178,
              20.62509952757654
            ],
            [
              105.77692306049879,
              20.626294596466014
            ],
            [
              105.7718542389955,
              20.610216733556825
            ]
          ]
        ]
      }
    },
    {
      "type": "Feature",
      "id": "qhpk_332",
      "properties": {
        "name": "Khu đô thị hỗn hợp cao tầng HHT-24-2",
        "district": "Huyện Mỹ Đức",
        "code": "HHT",
        "land_use": "Đất hỗn hợp đa chức năng kết hợp nhà ở và trung tâm thương mại.",
        "area_ha": 769.5,
        "density": "45%",
        "height_limit": "18-35 tầng",
        "notes": "Quy hoạch chung xây dựng Thủ đô đến năm 2030 và tầm nhìn đến năm 2050."
      },
      "geometry": {
        "type": "Polygon",
        "coordinates": [
          [
            [
              105.77101651605122,
              20.658053864806565
            ],
            [
              105.77692306049879,
              20.626294596466014
            ],
            [
              105.79083072653178,
              20.62509952757654
            ],
            [
              105.7969498060713,
              20.660114793179492
            ],
            [
              105.77101651605122,
              20.658053864806565
            ]
          ]
        ]
      }
    },
    {
      "type": "Feature",
      "id": "qhpk_333",
      "properties": {
        "name": "Tổ hợp dịch vụ, trung tâm thương mại TMDV-24-3",
        "district": "Huyện Mỹ Đức",
        "code": "TMDV",
        "land_use": "Đất thương mại dịch vụ cao tầng, văn phòng, siêu thị, khách sạn.",
        "area_ha": 556.2,
        "density": "45%",
        "height_limit": "5-9 tầng",
        "notes": "Quy hoạch chung xây dựng Thủ đô đến năm 2030 và tầm nhìn đến năm 2050."
      },
      "geometry": {
        "type": "Polygon",
        "coordinates": [
          [
            [
              105.77101651605122,
              20.658053864806565
            ],
            [
              105.7969498060713,
              20.660114793179492
            ],
            [
              105.79151109578564,
              20.678270366921318
            ],
            [
              105.77155088328945,
              20.68198104295458
            ],
            [
              105.77101651605122,
              20.658053864806565
            ]
          ]
        ]
      }
    },
    {
      "type": "Feature",
      "id": "qhpk_334",
      "properties": {
        "name": "Khu dân cư hiện trạng chỉnh trang ODT-24-4",
        "district": "Huyện Mỹ Đức",
        "code": "ODT",
        "land_use": "Đất ở tại đô thị, phục vụ cải tạo chỉnh trang và xây mới nhà ở.",
        "area_ha": 501,
        "density": "55%",
        "height_limit": "3-7 tầng",
        "notes": "Quy hoạch chung xây dựng Thủ đô đến năm 2030 và tầm nhìn đến năm 2050."
      },
      "geometry": {
        "type": "Polygon",
        "coordinates": [
          [
            [
              105.77155088328945,
              20.68198104295458
            ],
            [
              105.79151109578564,
              20.678270366921318
            ],
            [
              105.79030829359245,
              20.708008395530225
            ],
            [
              105.77742549474641,
              20.704912763640614
            ],
            [
              105.77155088328945,
              20.68198104295458
            ]
          ]
        ]
      }
    },
    {
      "type": "Feature",
      "id": "qhpk_335",
      "properties": {
        "name": "Khu đô thị hỗn hợp cao tầng HHT-24-5",
        "district": "Huyện Mỹ Đức",
        "code": "HHT",
        "land_use": "Đất hỗn hợp đa chức năng kết hợp nhà ở và trung tâm thương mại.",
        "area_ha": 422.4,
        "density": "45%",
        "height_limit": "18-35 tầng",
        "notes": "Quy hoạch chung xây dựng Thủ đô đến năm 2030 và tầm nhìn đến năm 2050."
      },
      "geometry": {
        "type": "Polygon",
        "coordinates": [
          [
            [
              105.773576320296,
              20.7275518959349
            ],
            [
              105.77742549474641,
              20.704912763640614
            ],
            [
              105.79030829359245,
              20.708008395530225
            ],
            [
              105.79288044604887,
              20.730519859165668
            ],
            [
              105.773576320296,
              20.7275518959349
            ]
          ]
        ]
      }
    },
    {
      "type": "Feature",
      "id": "qhpk_336",
      "properties": {
        "name": "Khu dân cư hiện trạng chỉnh trang ODT-24-6",
        "district": "Huyện Mỹ Đức",
        "code": "ODT",
        "land_use": "Đất ở tại đô thị, phục vụ cải tạo chỉnh trang và xây mới nhà ở.",
        "area_ha": 595.6,
        "density": "55%",
        "height_limit": "3-7 tầng",
        "notes": "Quy hoạch chung xây dựng Thủ đô đến năm 2030 và tầm nhìn đến năm 2050."
      },
      "geometry": {
        "type": "Polygon",
        "coordinates": [
          [
            [
              105.77334857255632,
              20.75362169258131
            ],
            [
              105.773576320296,
              20.7275518959349
            ],
            [
              105.79288044604887,
              20.730519859165668
            ],
            [
              105.78980470897044,
              20.761100528487077
            ],
            [
              105.77334857255632,
              20.75362169258131
            ]
          ]
        ]
      }
    },
    {
      "type": "Feature",
      "id": "qhpk_337",
      "properties": {
        "name": "Cụm công nghiệp tập trung, kho vận CN-24-7",
        "district": "Quận Hoàn Kiếm",
        "code": "CN",
        "land_use": "Đất công nghiệp phi nông nghiệp, sản xuất sạch, kho bãi tập trung.",
        "area_ha": 522.1,
        "density": "65%",
        "height_limit": "5-9 tầng",
        "notes": "Quy hoạch chung xây dựng Thủ đô đến năm 2030 và tầm nhìn đến năm 2050."
      },
      "geometry": {
        "type": "Polygon",
        "coordinates": [
          [
            [
              105.77215824167341,
              20.783337509935464
            ],
            [
              105.77334857255632,
              20.75362169258131
            ],
            [
              105.78980470897044,
              20.761100528487077
            ],
            [
              105.79104923103368,
              20.782499541854154
            ],
            [
              105.77215824167341,
              20.783337509935464
            ]
          ]
        ]
      }
    },
    {
      "type": "Feature",
      "id": "qhpk_338",
      "properties": {
        "name": "Tổ hợp dịch vụ, trung tâm thương mại TMDV-24-8",
        "district": "Quận Hai Bà Trưng",
        "code": "TMDV",
        "land_use": "Đất thương mại dịch vụ cao tầng, văn phòng, siêu thị, khách sạn.",
        "area_ha": 583.9,
        "density": "45%",
        "height_limit": "5-9 tầng",
        "notes": "Quy hoạch chung xây dựng Thủ đô đến năm 2030 và tầm nhìn đến năm 2050."
      },
      "geometry": {
        "type": "Polygon",
        "coordinates": [
          [
            [
              105.77215824167341,
              20.783337509935464
            ],
            [
              105.79104923103368,
              20.782499541854154
            ],
            [
              105.79693432504416,
              20.80451157864195
            ],
            [
              105.77753382045137,
              20.811728738519797
            ],
            [
              105.77215824167341,
              20.783337509935464
            ]
          ]
        ]
      }
    },
    {
      "type": "Feature",
      "id": "qhpk_339",
      "properties": {
        "name": "Khu dân cư hiện trạng chỉnh trang ODT-24-9",
        "district": "Quận Long Biên",
        "code": "ODT",
        "land_use": "Đất ở tại đô thị, phục vụ cải tạo chỉnh trang và xây mới nhà ở.",
        "area_ha": 577.8,
        "density": "55%",
        "height_limit": "3-7 tầng",
        "notes": "Quy hoạch chung xây dựng Thủ đô đến năm 2030 và tầm nhìn đến năm 2050."
      },
      "geometry": {
        "type": "Polygon",
        "coordinates": [
          [
            [
              105.76871592882543,
              20.834541391461578
            ],
            [
              105.77753382045137,
              20.811728738519797
            ],
            [
              105.79693432504416,
              20.80451157864195
            ],
            [
              105.79467858453336,
              20.828918590792895
            ],
            [
              105.76871592882543,
              20.834541391461578
            ]
          ]
        ]
      }
    },
    {
      "type": "Feature",
      "id": "qhpk_340",
      "properties": {
        "name": "Khu đô thị hỗn hợp cao tầng HHT-24-10",
        "district": "Quận Tây Hồ",
        "code": "HHT",
        "land_use": "Đất hỗn hợp đa chức năng kết hợp nhà ở và trung tâm thương mại.",
        "area_ha": 656.3,
        "density": "45%",
        "height_limit": "18-35 tầng",
        "notes": "Quy hoạch chung xây dựng Thủ đô đến năm 2030 và tầm nhìn đến năm 2050."
      },
      "geometry": {
        "type": "Polygon",
        "coordinates": [
          [
            [
              105.76871592882543,
              20.834541391461578
            ],
            [
              105.79467858453336,
              20.828918590792895
            ],
            [
              105.79031805185306,
              20.853015818643478
            ],
            [
              105.76980407951511,
              20.86023022993659
            ],
            [
              105.76871592882543,
              20.834541391461578
            ]
          ]
        ]
      }
    },
    {
      "type": "Feature",
      "id": "qhpk_341",
      "properties": {
        "name": "Công viên cây xanh, hồ điều hòa CX-24-11",
        "district": "Quận Cầu Giấy",
        "code": "CX",
        "land_use": "Đất cây xanh công viên, mặt nước cảnh quan điều hòa khí hậu đô thị.",
        "area_ha": 646.7,
        "density": "45%",
        "height_limit": "5-9 tầng",
        "notes": "Quy hoạch chung xây dựng Thủ đô đến năm 2030 và tầm nhìn đến năm 2050."
      },
      "geometry": {
        "type": "Polygon",
        "coordinates": [
          [
            [
              105.76980407951511,
              20.86023022993659
            ],
            [
              105.79031805185306,
              20.853015818643478
            ],
            [
              105.7913306775309,
              20.882117730115617
            ],
            [
              105.77271360823494,
              20.887120891865198
            ],
            [
              105.76980407951511,
              20.86023022993659
            ]
          ]
        ]
      }
    },
    {
      "type": "Feature",
      "id": "qhpk_342",
      "properties": {
        "name": "Khu dân cư hiện trạng chỉnh trang ODT-24-12",
        "district": "Quận Cầu Giấy",
        "code": "ODT",
        "land_use": "Đất ở tại đô thị, phục vụ cải tạo chỉnh trang và xây mới nhà ở.",
        "area_ha": 733.7,
        "density": "55%",
        "height_limit": "3-7 tầng",
        "notes": "Quy hoạch chung xây dựng Thủ đô đến năm 2030 và tầm nhìn đến năm 2050."
      },
      "geometry": {
        "type": "Polygon",
        "coordinates": [
          [
            [
              105.76944891009646,
              20.914325360179962
            ],
            [
              105.77271360823494,
              20.887120891865198
            ],
            [
              105.7913306775309,
              20.882117730115617
            ],
            [
              105.79539419499731,
              20.91179719832272
            ],
            [
              105.76944891009646,
              20.914325360179962
            ]
          ]
        ]
      }
    },
    {
      "type": "Feature",
      "id": "qhpk_343",
      "properties": {
        "name": "Khu dân cư hiện trạng chỉnh trang ODT-24-13",
        "district": "Quận Đống Đa",
        "code": "ODT",
        "land_use": "Đất ở tại đô thị, phục vụ cải tạo chỉnh trang và xây mới nhà ở.",
        "area_ha": 610.3,
        "density": "55%",
        "height_limit": "3-7 tầng",
        "notes": "Quy hoạch chung xây dựng Thủ đô đến năm 2030 và tầm nhìn đến năm 2050."
      },
      "geometry": {
        "type": "Polygon",
        "coordinates": [
          [
            [
              105.76944891009646,
              20.914325360179962
            ],
            [
              105.79539419499731,
              20.91179719832272
            ],
            [
              105.79300063286726,
              20.936085034836797
            ],
            [
              105.7739112470905,
              20.936824853529494
            ],
            [
              105.76944891009646,
              20.914325360179962
            ]
          ]
        ]
      }
    },
    {
      "type": "Feature",
      "id": "qhpk_344",
      "properties": {
        "name": "Cụm công nghiệp tập trung, kho vận CN-24-14",
        "district": "Quận Hoàn Kiếm",
        "code": "CN",
        "land_use": "Đất công nghiệp phi nông nghiệp, sản xuất sạch, kho bãi tập trung.",
        "area_ha": 470,
        "density": "65%",
        "height_limit": "5-9 tầng",
        "notes": "Quy hoạch chung xây dựng Thủ đô đến năm 2030 và tầm nhìn đến năm 2050."
      },
      "geometry": {
        "type": "Polygon",
        "coordinates": [
          [
            [
              105.77355860186348,
              20.96064933874637
            ],
            [
              105.7739112470905,
              20.936824853529494
            ],
            [
              105.79300063286726,
              20.936085034836797
            ],
            [
              105.78972423578833,
              20.958718223389777
            ],
            [
              105.77355860186348,
              20.96064933874637
            ]
          ]
        ]
      }
    },
    {
      "type": "Feature",
      "id": "qhpk_345",
      "properties": {
        "name": "Khu dân cư hiện trạng chỉnh trang ODT-24-15",
        "district": "Quận Cầu Giấy",
        "code": "ODT",
        "land_use": "Đất ở tại đô thị, phục vụ cải tạo chỉnh trang và xây mới nhà ở.",
        "area_ha": 398.3,
        "density": "55%",
        "height_limit": "3-7 tầng",
        "notes": "Quy hoạch chung xây dựng Thủ đô đến năm 2030 và tầm nhìn đến năm 2050."
      },
      "geometry": {
        "type": "Polygon",
        "coordinates": [
          [
            [
              105.77288538192437,
              20.979865174690485
            ],
            [
              105.77355860186348,
              20.96064933874637
            ],
            [
              105.78972423578833,
              20.958718223389777
            ],
            [
              105.7894993248779,
              20.98160613629341
            ],
            [
              105.77288538192437,
              20.979865174690485
            ]
          ]
        ]
      }
    },
    {
      "type": "Feature",
      "id": "qhpk_346",
      "properties": {
        "name": "Khu đô thị hỗn hợp cao tầng HHT-24-16",
        "district": "Quận Long Biên",
        "code": "HHT",
        "land_use": "Đất hỗn hợp đa chức năng kết hợp nhà ở và trung tâm thương mại.",
        "area_ha": 597.1,
        "density": "45%",
        "height_limit": "18-35 tầng",
        "notes": "Quy hoạch chung xây dựng Thủ đô đến năm 2030 và tầm nhìn đến năm 2050."
      },
      "geometry": {
        "type": "Polygon",
        "coordinates": [
          [
            [
              105.77288538192437,
              20.979865174690485
            ],
            [
              105.7894993248779,
              20.98160613629341
            ],
            [
              105.79454959034861,
              21.009592363780325
            ],
            [
              105.77617261473338,
              21.011073944107697
            ],
            [
              105.77288538192437,
              20.979865174690485
            ]
          ]
        ]
      }
    },
    {
      "type": "Feature",
      "id": "qhpk_347",
      "properties": {
        "name": "Khu đô thị hỗn hợp cao tầng HHT-24-17",
        "district": "Quận Nam Từ Liêm",
        "code": "HHT",
        "land_use": "Đất hỗn hợp đa chức năng kết hợp nhà ở và trung tâm thương mại.",
        "area_ha": 698.4,
        "density": "45%",
        "height_limit": "18-35 tầng",
        "notes": "Quy hoạch chung xây dựng Thủ đô đến năm 2030 và tầm nhìn đến năm 2050."
      },
      "geometry": {
        "type": "Polygon",
        "coordinates": [
          [
            [
              105.76899903369889,
              21.03786079694312
            ],
            [
              105.77617261473338,
              21.011073944107697
            ],
            [
              105.79454959034861,
              21.009592363780325
            ],
            [
              105.79708115599257,
              21.03530776775709
            ],
            [
              105.76899903369889,
              21.03786079694312
            ]
          ]
        ]
      }
    },
    {
      "type": "Feature",
      "id": "qhpk_348",
      "properties": {
        "name": "Khu dân cư hiện trạng chỉnh trang ODT-24-18",
        "district": "Quận Hai Bà Trưng",
        "code": "ODT",
        "land_use": "Đất ở tại đô thị, phục vụ cải tạo chỉnh trang và xây mới nhà ở.",
        "area_ha": 747.2,
        "density": "55%",
        "height_limit": "3-7 tầng",
        "notes": "Quy hoạch chung xây dựng Thủ đô đến năm 2030 và tầm nhìn đến năm 2050."
      },
      "geometry": {
        "type": "Polygon",
        "coordinates": [
          [
            [
              105.76899903369889,
              21.03786079694312
            ],
            [
              105.79708115599257,
              21.03530776775709
            ],
            [
              105.79269790207486,
              21.061524750436945
            ],
            [
              105.77026533972155,
              21.06317459235097
            ],
            [
              105.76899903369889,
              21.03786079694312
            ]
          ]
        ]
      }
    },
    {
      "type": "Feature",
      "id": "qhpk_349",
      "properties": {
        "name": "Khu hành chính công sở, liên cơ quan HCTH-24-19",
        "district": "Quận Cầu Giấy",
        "code": "HCTH",
        "land_use": "Đất hành chính công sở, cơ quan đầu não nhà nước địa phương.",
        "area_ha": 700.7,
        "density": "25%",
        "height_limit": "5-9 tầng",
        "notes": "Quy hoạch chung xây dựng Thủ đô đến năm 2030 và tầm nhìn đến năm 2050."
      },
      "geometry": {
        "type": "Polygon",
        "coordinates": [
          [
            [
              105.77026533972155,
              21.06317459235097
            ],
            [
              105.79269790207486,
              21.061524750436945
            ],
            [
              105.79109358654138,
              21.09143834461587
            ],
            [
              105.77034849562382,
              21.08951362201434
            ],
            [
              105.77026533972155,
              21.06317459235097
            ]
          ]
        ]
      }
    },
    {
      "type": "Feature",
      "id": "qhpk_350",
      "properties": {
        "name": "Cụm công nghiệp tập trung, kho vận CN-24-20",
        "district": "Quận Ba Đình",
        "code": "CN",
        "land_use": "Đất công nghiệp phi nông nghiệp, sản xuất sạch, kho bãi tập trung.",
        "area_ha": 532.2,
        "density": "65%",
        "height_limit": "5-9 tầng",
        "notes": "Quy hoạch chung xây dựng Thủ đô đến năm 2030 và tầm nhìn đến năm 2050."
      },
      "geometry": {
        "type": "Polygon",
        "coordinates": [
          [
            [
              105.77034849562382,
              21.08951362201434
            ],
            [
              105.79109358654138,
              21.09143834461587
            ],
            [
              105.7937772206896,
              21.11678353963488
            ],
            [
              105.77278713945101,
              21.109515168492592
            ],
            [
              105.77034849562382,
              21.08951362201434
            ]
          ]
        ]
      }
    },
    {
      "type": "Feature",
      "id": "qhpk_351",
      "properties": {
        "name": "Khu dân cư hiện trạng chỉnh trang ODT-24-21",
        "district": "Quận Tây Hồ",
        "code": "ODT",
        "land_use": "Đất ở tại đô thị, phục vụ cải tạo chỉnh trang và xây mới nhà ở.",
        "area_ha": 506.6,
        "density": "55%",
        "height_limit": "3-7 tầng",
        "notes": "Quy hoạch chung xây dựng Thủ đô đến năm 2030 và tầm nhìn đến năm 2050."
      },
      "geometry": {
        "type": "Polygon",
        "coordinates": [
          [
            [
              105.77278713945101,
              21.109515168492592
            ],
            [
              105.7937772206896,
              21.11678353963488
            ],
            [
              105.79634741902377,
              21.13238357920298
            ],
            [
              105.77586528206051,
              21.136687637151123
            ],
            [
              105.77278713945101,
              21.109515168492592
            ]
          ]
        ]
      }
    },
    {
      "type": "Feature",
      "id": "qhpk_352",
      "properties": {
        "name": "Khu dân cư hiện trạng chỉnh trang ODT-24-22",
        "district": "Quận Long Biên",
        "code": "ODT",
        "land_use": "Đất ở tại đô thị, phục vụ cải tạo chỉnh trang và xây mới nhà ở.",
        "area_ha": 492.2,
        "density": "55%",
        "height_limit": "3-7 tầng",
        "notes": "Quy hoạch chung xây dựng Thủ đô đến năm 2030 và tầm nhìn đến năm 2050."
      },
      "geometry": {
        "type": "Polygon",
        "coordinates": [
          [
            [
              105.77424153098497,
              21.159359211887846
            ],
            [
              105.77586528206051,
              21.136687637151123
            ],
            [
              105.79634741902377,
              21.13238357920298
            ],
            [
              105.79123686407634,
              21.156548002914853
            ],
            [
              105.77424153098497,
              21.159359211887846
            ]
          ]
        ]
      }
    },
    {
      "type": "Feature",
      "id": "qhpk_353",
      "properties": {
        "name": "Khu dân cư hiện trạng chỉnh trang ODT-24-23",
        "district": "Huyện Sóc Sơn",
        "code": "ODT",
        "land_use": "Đất ở tại đô thị, phục vụ cải tạo chỉnh trang và xây mới nhà ở.",
        "area_ha": 632.4,
        "density": "55%",
        "height_limit": "3-7 tầng",
        "notes": "Quy hoạch chung xây dựng Thủ đô đến năm 2030 và tầm nhìn đến năm 2050."
      },
      "geometry": {
        "type": "Polygon",
        "coordinates": [
          [
            [
              105.76990072052341,
              21.18973589967448
            ],
            [
              105.77424153098497,
              21.159359211887846
            ],
            [
              105.79123686407634,
              21.156548002914853
            ],
            [
              105.78976886195481,
              21.18661938081673
            ],
            [
              105.76990072052341,
              21.18973589967448
            ]
          ]
        ]
      }
    },
    {
      "type": "Feature",
      "id": "qhpk_354",
      "properties": {
        "name": "Khu dân cư hiện trạng chỉnh trang ODT-24-24",
        "district": "Huyện Sóc Sơn",
        "code": "ODT",
        "land_use": "Đất ở tại đô thị, phục vụ cải tạo chỉnh trang và xây mới nhà ở.",
        "area_ha": 553.7,
        "density": "55%",
        "height_limit": "3-7 tầng",
        "notes": "Quy hoạch chung xây dựng Thủ đô đến năm 2030 và tầm nhìn đến năm 2050."
      },
      "geometry": {
        "type": "Polygon",
        "coordinates": [
          [
            [
              105.76990072052341,
              21.18973589967448
            ],
            [
              105.78976886195481,
              21.18661938081673
            ],
            [
              105.79616332733761,
              21.211364448255893
            ],
            [
              105.7766974090037,
              21.21242982296462
            ],
            [
              105.76990072052341,
              21.18973589967448
            ]
          ]
        ]
      }
    },
    {
      "type": "Feature",
      "id": "qhpk_355",
      "properties": {
        "name": "Khu dân cư hiện trạng chỉnh trang ODT-24-25",
        "district": "Huyện Sóc Sơn",
        "code": "ODT",
        "land_use": "Đất ở tại đô thị, phục vụ cải tạo chỉnh trang và xây mới nhà ở.",
        "area_ha": 701.7,
        "density": "55%",
        "height_limit": "3-7 tầng",
        "notes": "Quy hoạch chung xây dựng Thủ đô đến năm 2030 và tầm nhìn đến năm 2050."
      },
      "geometry": {
        "type": "Polygon",
        "coordinates": [
          [
            [
              105.76988097645689,
              21.243597948897644
            ],
            [
              105.7766974090037,
              21.21242982296462
            ],
            [
              105.79616332733761,
              21.211364448255893
            ],
            [
              105.7947341709423,
              21.23663667392897
            ],
            [
              105.76988097645689,
              21.243597948897644
            ]
          ]
        ]
      }
    },
    {
      "type": "Feature",
      "id": "qhpk_356",
      "properties": {
        "name": "Khu dân cư hiện trạng chỉnh trang ODT-24-26",
        "district": "Huyện Sóc Sơn",
        "code": "ODT",
        "land_use": "Đất ở tại đô thị, phục vụ cải tạo chỉnh trang và xây mới nhà ở.",
        "area_ha": 724.9,
        "density": "55%",
        "height_limit": "3-7 tầng",
        "notes": "Quy hoạch chung xây dựng Thủ đô đến năm 2030 và tầm nhìn đến năm 2050."
      },
      "geometry": {
        "type": "Polygon",
        "coordinates": [
          [
            [
              105.76988097645689,
              21.243597948897644
            ],
            [
              105.7947341709423,
              21.23663667392897
            ],
            [
              105.79447957386795,
              21.266998507100865
            ],
            [
              105.77368170415271,
              21.26775578137393
            ],
            [
              105.76988097645689,
              21.243597948897644
            ]
          ]
        ]
      }
    },
    {
      "type": "Feature",
      "id": "qhpk_357",
      "properties": {
        "name": "Tổ hợp dịch vụ, trung tâm thương mại TMDV-24-27",
        "district": "Huyện Sóc Sơn",
        "code": "TMDV",
        "land_use": "Đất thương mại dịch vụ cao tầng, văn phòng, siêu thị, khách sạn.",
        "area_ha": 553.3,
        "density": "45%",
        "height_limit": "5-9 tầng",
        "notes": "Quy hoạch chung xây dựng Thủ đô đến năm 2030 và tầm nhìn đến năm 2050."
      },
      "geometry": {
        "type": "Polygon",
        "coordinates": [
          [
            [
              105.77368170415271,
              21.26775578137393
            ],
            [
              105.79447957386795,
              21.266998507100865
            ],
            [
              105.79528924697942,
              21.294310133533585
            ],
            [
              105.77606300768986,
              21.28881482418747
            ],
            [
              105.77368170415271,
              21.26775578137393
            ]
          ]
        ]
      }
    },
    {
      "type": "Feature",
      "id": "qhpk_358",
      "properties": {
        "name": "Khu hành chính công sở, liên cơ quan HCTH-24-28",
        "district": "Huyện Sóc Sơn",
        "code": "HCTH",
        "land_use": "Đất hành chính công sở, cơ quan đầu não nhà nước địa phương.",
        "area_ha": 724.3,
        "density": "25%",
        "height_limit": "5-9 tầng",
        "notes": "Quy hoạch chung xây dựng Thủ đô đến năm 2030 và tầm nhìn đến năm 2050."
      },
      "geometry": {
        "type": "Polygon",
        "coordinates": [
          [
            [
              105.77012528522413,
              21.318035984137154
            ],
            [
              105.77606300768986,
              21.28881482418747
            ],
            [
              105.79528924697942,
              21.294310133533585
            ],
            [
              105.79816008714634,
              21.31795204570931
            ],
            [
              105.77012528522413,
              21.318035984137154
            ]
          ]
        ]
      }
    },
    {
      "type": "Feature",
      "id": "qhpk_359",
      "properties": {
        "name": "Khu dân cư hiện trạng chỉnh trang ODT-24-29",
        "district": "Huyện Sóc Sơn",
        "code": "ODT",
        "land_use": "Đất ở tại đô thị, phục vụ cải tạo chỉnh trang và xây mới nhà ở.",
        "area_ha": 564.5,
        "density": "55%",
        "height_limit": "3-7 tầng",
        "notes": "Quy hoạch chung xây dựng Thủ đô đến năm 2030 và tầm nhìn đến năm 2050."
      },
      "geometry": {
        "type": "Polygon",
        "coordinates": [
          [
            [
              105.77012528522413,
              21.318035984137154
            ],
            [
              105.79816008714634,
              21.31795204570931
            ],
            [
              105.79501025623941,
              21.33666324062937
            ],
            [
              105.78150183222857,
              21.341027567327725
            ],
            [
              105.779962,
              21.339216
            ],
            [
              105.776213,
              21.337127
            ],
            [
              105.776092,
              21.335489
            ],
            [
              105.772597,
              21.329512
            ],
            [
              105.771786,
              21.325236
            ],
            [
              105.77050244187426,
              21.323053334090996
            ],
            [
              105.77012528522413,
              21.318035984137154
            ]
          ]
        ]
      }
    },
    {
      "type": "Feature",
      "id": "qhpk_360",
      "properties": {
        "name": "Khu hành chính công sở, liên cơ quan HCTH-25-1",
        "district": "Huyện Mỹ Đức",
        "code": "HCTH",
        "land_use": "Đất hành chính công sở, cơ quan đầu não nhà nước địa phương.",
        "area_ha": 601.6,
        "density": "25%",
        "height_limit": "5-9 tầng",
        "notes": "Quy hoạch chung xây dựng Thủ đô đến năm 2030 và tầm nhìn đến năm 2050."
      },
      "geometry": {
        "type": "Polygon",
        "coordinates": [
          [
            [
              105.79083072653178,
              20.62509952757654
            ],
            [
              105.79140817599482,
              20.603760195164536
            ],
            [
              105.80815443558762,
              20.601610728325745
            ],
            [
              105.81056833516413,
              20.6038007698683
            ],
            [
              105.810663861158,
              20.604405681599093
            ],
            [
              105.806509,
              20.607624
            ],
            [
              105.805678,
              20.609417
            ],
            [
              105.806042,
              20.611031
            ],
            [
              105.812258,
              20.616038
            ],
            [
              105.812814,
              20.61862
            ],
            [
              105.81290964845344,
              20.618626973885306
            ],
            [
              105.81354399495827,
              20.62264392913046
            ],
            [
              105.813375,
              20.623132
            ],
            [
              105.81369903357053,
              20.62362570038949
            ],
            [
              105.81395289148693,
              20.6252332380382
            ],
            [
              105.812114,
              20.626123
            ],
            [
              105.811093,
              20.628359
            ],
            [
              105.811536,
              20.629847
            ],
            [
              105.813494,
              20.633424
            ],
            [
              105.81505385735457,
              20.634609876955686
            ],
            [
              105.79083072653178,
              20.62509952757654
            ]
          ]
        ]
      }
    },
    {
      "type": "Feature",
      "id": "qhpk_361",
      "properties": {
        "name": "Khu dân cư hiện trạng chỉnh trang ODT-25-2",
        "district": "Huyện Mỹ Đức",
        "code": "ODT",
        "land_use": "Đất ở tại đô thị, phục vụ cải tạo chỉnh trang và xây mới nhà ở.",
        "area_ha": 756.8,
        "density": "55%",
        "height_limit": "3-7 tầng",
        "notes": "Quy hoạch chung xây dựng Thủ đô đến năm 2030 và tầm nhìn đến năm 2050."
      },
      "geometry": {
        "type": "Polygon",
        "coordinates": [
          [
            [
              105.79083072653178,
              20.62509952757654
            ],
            [
              105.81505385735457,
              20.634609876955686
            ],
            [
              105.815484473062,
              20.634937251277904
            ],
            [
              105.81890822815528,
              20.6573332592576
            ],
            [
              105.7969498060713,
              20.660114793179492
            ],
            [
              105.79083072653178,
              20.62509952757654
            ]
          ]
        ]
      }
    },
    {
      "type": "Feature",
      "id": "qhpk_362",
      "properties": {
        "name": "Khu dân cư hiện trạng chỉnh trang ODT-25-3",
        "district": "Huyện Mỹ Đức",
        "code": "ODT",
        "land_use": "Đất ở tại đô thị, phục vụ cải tạo chỉnh trang và xây mới nhà ở.",
        "area_ha": 555.2,
        "density": "55%",
        "height_limit": "3-7 tầng",
        "notes": "Quy hoạch chung xây dựng Thủ đô đến năm 2030 và tầm nhìn đến năm 2050."
      },
      "geometry": {
        "type": "Polygon",
        "coordinates": [
          [
            [
              105.79151109578564,
              20.678270366921318
            ],
            [
              105.7969498060713,
              20.660114793179492
            ],
            [
              105.81890822815528,
              20.6573332592576
            ],
            [
              105.81805146412263,
              20.67902222311802
            ],
            [
              105.79151109578564,
              20.678270366921318
            ]
          ]
        ]
      }
    },
    {
      "type": "Feature",
      "id": "qhpk_363",
      "properties": {
        "name": "Tổ hợp dịch vụ, trung tâm thương mại TMDV-25-4",
        "district": "Huyện Mỹ Đức",
        "code": "TMDV",
        "land_use": "Đất thương mại dịch vụ cao tầng, văn phòng, siêu thị, khách sạn.",
        "area_ha": 900,
        "density": "45%",
        "height_limit": "5-9 tầng",
        "notes": "Quy hoạch chung xây dựng Thủ đô đến năm 2030 và tầm nhìn đến năm 2050."
      },
      "geometry": {
        "type": "Polygon",
        "coordinates": [
          [
            [
              105.79030829359245,
              20.708008395530225
            ],
            [
              105.79151109578564,
              20.678270366921318
            ],
            [
              105.81805146412263,
              20.67902222311802
            ],
            [
              105.81458942025884,
              20.710253931690364
            ],
            [
              105.79030829359245,
              20.708008395530225
            ]
          ]
        ]
      }
    },
    {
      "type": "Feature",
      "id": "qhpk_364",
      "properties": {
        "name": "Tổ hợp dịch vụ, trung tâm thương mại TMDV-25-5",
        "district": "Huyện Mỹ Đức",
        "code": "TMDV",
        "land_use": "Đất thương mại dịch vụ cao tầng, văn phòng, siêu thị, khách sạn.",
        "area_ha": 626.5,
        "density": "45%",
        "height_limit": "5-9 tầng",
        "notes": "Quy hoạch chung xây dựng Thủ đô đến năm 2030 và tầm nhìn đến năm 2050."
      },
      "geometry": {
        "type": "Polygon",
        "coordinates": [
          [
            [
              105.79030829359245,
              20.708008395530225
            ],
            [
              105.81458942025884,
              20.710253931690364
            ],
            [
              105.8152397211128,
              20.734641808743305
            ],
            [
              105.79288044604887,
              20.730519859165668
            ],
            [
              105.79030829359245,
              20.708008395530225
            ]
          ]
        ]
      }
    },
    {
      "type": "Feature",
      "id": "qhpk_365",
      "properties": {
        "name": "Cụm công nghiệp tập trung, kho vận CN-25-6",
        "district": "Huyện Mỹ Đức",
        "code": "CN",
        "land_use": "Đất công nghiệp phi nông nghiệp, sản xuất sạch, kho bãi tập trung.",
        "area_ha": 768.9,
        "density": "65%",
        "height_limit": "5-9 tầng",
        "notes": "Quy hoạch chung xây dựng Thủ đô đến năm 2030 và tầm nhìn đến năm 2050."
      },
      "geometry": {
        "type": "Polygon",
        "coordinates": [
          [
            [
              105.78980470897044,
              20.761100528487077
            ],
            [
              105.79288044604887,
              20.730519859165668
            ],
            [
              105.8152397211128,
              20.734641808743305
            ],
            [
              105.81529620398885,
              20.759491936418904
            ],
            [
              105.78980470897044,
              20.761100528487077
            ]
          ]
        ]
      }
    },
    {
      "type": "Feature",
      "id": "qhpk_366",
      "properties": {
        "name": "Công viên cây xanh, hồ điều hòa CX-25-7",
        "district": "Quận Long Biên",
        "code": "CX",
        "land_use": "Đất cây xanh công viên, mặt nước cảnh quan điều hòa khí hậu đô thị.",
        "area_ha": 508.3,
        "density": "45%",
        "height_limit": "5-9 tầng",
        "notes": "Quy hoạch chung xây dựng Thủ đô đến năm 2030 và tầm nhìn đến năm 2050."
      },
      "geometry": {
        "type": "Polygon",
        "coordinates": [
          [
            [
              105.78980470897044,
              20.761100528487077
            ],
            [
              105.81529620398885,
              20.759491936418904
            ],
            [
              105.81004151671749,
              20.778162873106314
            ],
            [
              105.79104923103368,
              20.782499541854154
            ],
            [
              105.78980470897044,
              20.761100528487077
            ]
          ]
        ]
      }
    },
    {
      "type": "Feature",
      "id": "qhpk_367",
      "properties": {
        "name": "Khu dân cư hiện trạng chỉnh trang ODT-25-8",
        "district": "Quận Tây Hồ",
        "code": "ODT",
        "land_use": "Đất ở tại đô thị, phục vụ cải tạo chỉnh trang và xây mới nhà ở.",
        "area_ha": 535.3,
        "density": "55%",
        "height_limit": "3-7 tầng",
        "notes": "Quy hoạch chung xây dựng Thủ đô đến năm 2030 và tầm nhìn đến năm 2050."
      },
      "geometry": {
        "type": "Polygon",
        "coordinates": [
          [
            [
              105.79104923103368,
              20.782499541854154
            ],
            [
              105.81004151671749,
              20.778162873106314
            ],
            [
              105.81338379232662,
              20.80826360416883
            ],
            [
              105.79693432504416,
              20.80451157864195
            ],
            [
              105.79104923103368,
              20.782499541854154
            ]
          ]
        ]
      }
    },
    {
      "type": "Feature",
      "id": "qhpk_368",
      "properties": {
        "name": "Tổ hợp dịch vụ, trung tâm thương mại TMDV-25-9",
        "district": "Quận Tây Hồ",
        "code": "TMDV",
        "land_use": "Đất thương mại dịch vụ cao tầng, văn phòng, siêu thị, khách sạn.",
        "area_ha": 545.8,
        "density": "45%",
        "height_limit": "5-9 tầng",
        "notes": "Quy hoạch chung xây dựng Thủ đô đến năm 2030 và tầm nhìn đến năm 2050."
      },
      "geometry": {
        "type": "Polygon",
        "coordinates": [
          [
            [
              105.79467858453336,
              20.828918590792895
            ],
            [
              105.79693432504416,
              20.80451157864195
            ],
            [
              105.81338379232662,
              20.80826360416883
            ],
            [
              105.81229632147415,
              20.838047954457355
            ],
            [
              105.79467858453336,
              20.828918590792895
            ]
          ]
        ]
      }
    },
    {
      "type": "Feature",
      "id": "qhpk_369",
      "properties": {
        "name": "Khu hành chính công sở, liên cơ quan HCTH-25-10",
        "district": "Quận Long Biên",
        "code": "HCTH",
        "land_use": "Đất hành chính công sở, cơ quan đầu não nhà nước địa phương.",
        "area_ha": 554.8,
        "density": "25%",
        "height_limit": "5-9 tầng",
        "notes": "Quy hoạch chung xây dựng Thủ đô đến năm 2030 và tầm nhìn đến năm 2050."
      },
      "geometry": {
        "type": "Polygon",
        "coordinates": [
          [
            [
              105.79031805185306,
              20.853015818643478
            ],
            [
              105.79467858453336,
              20.828918590792895
            ],
            [
              105.81229632147415,
              20.838047954457355
            ],
            [
              105.81235602447431,
              20.860574972242308
            ],
            [
              105.79031805185306,
              20.853015818643478
            ]
          ]
        ]
      }
    },
    {
      "type": "Feature",
      "id": "qhpk_370",
      "properties": {
        "name": "Công viên cây xanh, hồ điều hòa CX-25-11",
        "district": "Quận Ba Đình",
        "code": "CX",
        "land_use": "Đất cây xanh công viên, mặt nước cảnh quan điều hòa khí hậu đô thị.",
        "area_ha": 650.1,
        "density": "45%",
        "height_limit": "5-9 tầng",
        "notes": "Quy hoạch chung xây dựng Thủ đô đến năm 2030 và tầm nhìn đến năm 2050."
      },
      "geometry": {
        "type": "Polygon",
        "coordinates": [
          [
            [
              105.79031805185306,
              20.853015818643478
            ],
            [
              105.81235602447431,
              20.860574972242308
            ],
            [
              105.81759130733263,
              20.878599883060435
            ],
            [
              105.7913306775309,
              20.882117730115617
            ],
            [
              105.79031805185306,
              20.853015818643478
            ]
          ]
        ]
      }
    },
    {
      "type": "Feature",
      "id": "qhpk_371",
      "properties": {
        "name": "Tổ hợp dịch vụ, trung tâm thương mại TMDV-25-12",
        "district": "Quận Ba Đình",
        "code": "TMDV",
        "land_use": "Đất thương mại dịch vụ cao tầng, văn phòng, siêu thị, khách sạn.",
        "area_ha": 853.6,
        "density": "45%",
        "height_limit": "5-9 tầng",
        "notes": "Quy hoạch chung xây dựng Thủ đô đến năm 2030 và tầm nhìn đến năm 2050."
      },
      "geometry": {
        "type": "Polygon",
        "coordinates": [
          [
            [
              105.7913306775309,
              20.882117730115617
            ],
            [
              105.81759130733263,
              20.878599883060435
            ],
            [
              105.81477628820565,
              20.913636057646514
            ],
            [
              105.79539419499731,
              20.91179719832272
            ],
            [
              105.7913306775309,
              20.882117730115617
            ]
          ]
        ]
      }
    },
    {
      "type": "Feature",
      "id": "qhpk_372",
      "properties": {
        "name": "Khu dân cư hiện trạng chỉnh trang ODT-25-13",
        "district": "Quận Hai Bà Trưng",
        "code": "ODT",
        "land_use": "Đất ở tại đô thị, phục vụ cải tạo chỉnh trang và xây mới nhà ở.",
        "area_ha": 572.7,
        "density": "55%",
        "height_limit": "3-7 tầng",
        "notes": "Quy hoạch chung xây dựng Thủ đô đến năm 2030 và tầm nhìn đến năm 2050."
      },
      "geometry": {
        "type": "Polygon",
        "coordinates": [
          [
            [
              105.79300063286726,
              20.936085034836797
            ],
            [
              105.79539419499731,
              20.91179719832272
            ],
            [
              105.81477628820565,
              20.913636057646514
            ],
            [
              105.8181858705165,
              20.933849739138903
            ],
            [
              105.79300063286726,
              20.936085034836797
            ]
          ]
        ]
      }
    },
    {
      "type": "Feature",
      "id": "qhpk_373",
      "properties": {
        "name": "Khu đô thị hỗn hợp cao tầng HHT-25-14",
        "district": "Quận Cầu Giấy",
        "code": "HHT",
        "land_use": "Đất hỗn hợp đa chức năng kết hợp nhà ở và trung tâm thương mại.",
        "area_ha": 785.4,
        "density": "45%",
        "height_limit": "18-35 tầng",
        "notes": "Quy hoạch chung xây dựng Thủ đô đến năm 2030 và tầm nhìn đến năm 2050."
      },
      "geometry": {
        "type": "Polygon",
        "coordinates": [
          [
            [
              105.78972423578833,
              20.958718223389777
            ],
            [
              105.79300063286726,
              20.936085034836797
            ],
            [
              105.8181858705165,
              20.933849739138903
            ],
            [
              105.81720199771978,
              20.962732419869436
            ],
            [
              105.78972423578833,
              20.958718223389777
            ]
          ]
        ]
      }
    },
    {
      "type": "Feature",
      "id": "qhpk_374",
      "properties": {
        "name": "Khu dân cư hiện trạng chỉnh trang ODT-25-15",
        "district": "Quận Đống Đa",
        "code": "ODT",
        "land_use": "Đất ở tại đô thị, phục vụ cải tạo chỉnh trang và xây mới nhà ở.",
        "area_ha": 727.9,
        "density": "55%",
        "height_limit": "3-7 tầng",
        "notes": "Quy hoạch chung xây dựng Thủ đô đến năm 2030 và tầm nhìn đến năm 2050."
      },
      "geometry": {
        "type": "Polygon",
        "coordinates": [
          [
            [
              105.7894993248779,
              20.98160613629341
            ],
            [
              105.78972423578833,
              20.958718223389777
            ],
            [
              105.81720199771978,
              20.962732419869436
            ],
            [
              105.81216038633687,
              20.988949721673674
            ],
            [
              105.7894993248779,
              20.98160613629341
            ]
          ]
        ]
      }
    },
    {
      "type": "Feature",
      "id": "qhpk_375",
      "properties": {
        "name": "Khu dân cư hiện trạng chỉnh trang ODT-25-16",
        "district": "Quận Cầu Giấy",
        "code": "ODT",
        "land_use": "Đất ở tại đô thị, phục vụ cải tạo chỉnh trang và xây mới nhà ở.",
        "area_ha": 623.1,
        "density": "55%",
        "height_limit": "3-7 tầng",
        "notes": "Quy hoạch chung xây dựng Thủ đô đến năm 2030 và tầm nhìn đến năm 2050."
      },
      "geometry": {
        "type": "Polygon",
        "coordinates": [
          [
            [
              105.7894993248779,
              20.98160613629341
            ],
            [
              105.81216038633687,
              20.988949721673674
            ],
            [
              105.8132169397328,
              21.01511299958593
            ],
            [
              105.79454959034861,
              21.009592363780325
            ],
            [
              105.7894993248779,
              20.98160613629341
            ]
          ]
        ]
      }
    },
    {
      "type": "Feature",
      "id": "qhpk_376",
      "properties": {
        "name": "Tổ hợp dịch vụ, trung tâm thương mại TMDV-25-17",
        "district": "Quận Cầu Giấy",
        "code": "TMDV",
        "land_use": "Đất thương mại dịch vụ cao tầng, văn phòng, siêu thị, khách sạn.",
        "area_ha": 468.8,
        "density": "45%",
        "height_limit": "5-9 tầng",
        "notes": "Quy hoạch chung xây dựng Thủ đô đến năm 2030 và tầm nhìn đến năm 2050."
      },
      "geometry": {
        "type": "Polygon",
        "coordinates": [
          [
            [
              105.79454959034861,
              21.009592363780325
            ],
            [
              105.8132169397328,
              21.01511299958593
            ],
            [
              105.81127071102551,
              21.039012839433397
            ],
            [
              105.79708115599257,
              21.03530776775709
            ],
            [
              105.79454959034861,
              21.009592363780325
            ]
          ]
        ]
      }
    },
    {
      "type": "Feature",
      "id": "qhpk_377",
      "properties": {
        "name": "Bảo tồn mặt nước & cảnh quan Hồ Tây",
        "district": "Quận Long Biên",
        "code": "MN",
        "land_use": "Đất mặt nước tự nhiên, khu vực bảo tồn sinh thái trọng điểm.",
        "area_ha": 472.9,
        "density": "0%",
        "height_limit": "Không cho phép",
        "notes": "Quy hoạch chung xây dựng Thủ đô đến năm 2030 và tầm nhìn đến năm 2050."
      },
      "geometry": {
        "type": "Polygon",
        "coordinates": [
          [
            [
              105.79269790207486,
              21.061524750436945
            ],
            [
              105.79708115599257,
              21.03530776775709
            ],
            [
              105.81127071102551,
              21.039012839433397
            ],
            [
              105.81344164697587,
              21.059604552357413
            ],
            [
              105.79269790207486,
              21.061524750436945
            ]
          ]
        ]
      }
    },
    {
      "type": "Feature",
      "id": "qhpk_378",
      "properties": {
        "name": "Hành lang thoát lũ sông Hồng",
        "district": "Quận Ba Đình",
        "code": "MN",
        "land_use": "Đất sông suối, kênh rạch và hành lang xanh thoát nước tự nhiên.",
        "area_ha": 724,
        "density": "0%",
        "height_limit": "Không cho phép",
        "notes": "Quy hoạch chung xây dựng Thủ đô đến năm 2030 và tầm nhìn đến năm 2050."
      },
      "geometry": {
        "type": "Polygon",
        "coordinates": [
          [
            [
              105.79109358654138,
              21.09143834461587
            ],
            [
              105.79269790207486,
              21.061524750436945
            ],
            [
              105.81344164697587,
              21.059604552357413
            ],
            [
              105.81295890961805,
              21.08882485174972
            ],
            [
              105.79109358654138,
              21.09143834461587
            ]
          ]
        ]
      }
    },
    {
      "type": "Feature",
      "id": "qhpk_379",
      "properties": {
        "name": "Khu đô thị hỗn hợp cao tầng HHT-25-20",
        "district": "Quận Ba Đình",
        "code": "HHT",
        "land_use": "Đất hỗn hợp đa chức năng kết hợp nhà ở và trung tâm thương mại.",
        "area_ha": 603.8,
        "density": "45%",
        "height_limit": "18-35 tầng",
        "notes": "Quy hoạch chung xây dựng Thủ đô đến năm 2030 và tầm nhìn đến năm 2050."
      },
      "geometry": {
        "type": "Polygon",
        "coordinates": [
          [
            [
              105.79109358654138,
              21.09143834461587
            ],
            [
              105.81295890961805,
              21.08882485174972
            ],
            [
              105.81446523827405,
              21.111947179605476
            ],
            [
              105.7937772206896,
              21.11678353963488
            ],
            [
              105.79109358654138,
              21.09143834461587
            ]
          ]
        ]
      }
    },
    {
      "type": "Feature",
      "id": "qhpk_380",
      "properties": {
        "name": "Khu dân cư hiện trạng chỉnh trang ODT-25-21",
        "district": "Quận Đống Đa",
        "code": "ODT",
        "land_use": "Đất ở tại đô thị, phục vụ cải tạo chỉnh trang và xây mới nhà ở.",
        "area_ha": 414.8,
        "density": "55%",
        "height_limit": "3-7 tầng",
        "notes": "Quy hoạch chung xây dựng Thủ đô đến năm 2030 và tầm nhìn đến năm 2050."
      },
      "geometry": {
        "type": "Polygon",
        "coordinates": [
          [
            [
              105.7937772206896,
              21.11678353963488
            ],
            [
              105.81446523827405,
              21.111947179605476
            ],
            [
              105.81051019459414,
              21.13760692503041
            ],
            [
              105.79634741902377,
              21.13238357920298
            ],
            [
              105.7937772206896,
              21.11678353963488
            ]
          ]
        ]
      }
    },
    {
      "type": "Feature",
      "id": "qhpk_381",
      "properties": {
        "name": "Khu đô thị hỗn hợp cao tầng HHT-25-22",
        "district": "Quận Tây Hồ",
        "code": "HHT",
        "land_use": "Đất hỗn hợp đa chức năng kết hợp nhà ở và trung tâm thương mại.",
        "area_ha": 597.4,
        "density": "45%",
        "height_limit": "18-35 tầng",
        "notes": "Quy hoạch chung xây dựng Thủ đô đến năm 2030 và tầm nhìn đến năm 2050."
      },
      "geometry": {
        "type": "Polygon",
        "coordinates": [
          [
            [
              105.79123686407634,
              21.156548002914853
            ],
            [
              105.79634741902377,
              21.13238357920298
            ],
            [
              105.81051019459414,
              21.13760692503041
            ],
            [
              105.81666567760298,
              21.166177312185283
            ],
            [
              105.79123686407634,
              21.156548002914853
            ]
          ]
        ]
      }
    },
    {
      "type": "Feature",
      "id": "qhpk_382",
      "properties": {
        "name": "Khu dân cư hiện trạng chỉnh trang ODT-25-23",
        "district": "Huyện Sóc Sơn",
        "code": "ODT",
        "land_use": "Đất ở tại đô thị, phục vụ cải tạo chỉnh trang và xây mới nhà ở.",
        "area_ha": 857.8,
        "density": "55%",
        "height_limit": "3-7 tầng",
        "notes": "Quy hoạch chung xây dựng Thủ đô đến năm 2030 và tầm nhìn đến năm 2050."
      },
      "geometry": {
        "type": "Polygon",
        "coordinates": [
          [
            [
              105.78976886195481,
              21.18661938081673
            ],
            [
              105.79123686407634,
              21.156548002914853
            ],
            [
              105.81666567760298,
              21.166177312185283
            ],
            [
              105.81848301461315,
              21.191163182306877
            ],
            [
              105.78976886195481,
              21.18661938081673
            ]
          ]
        ]
      }
    },
    {
      "type": "Feature",
      "id": "qhpk_383",
      "properties": {
        "name": "Khu dân cư hiện trạng chỉnh trang ODT-25-24",
        "district": "Huyện Sóc Sơn",
        "code": "ODT",
        "land_use": "Đất ở tại đô thị, phục vụ cải tạo chỉnh trang và xây mới nhà ở.",
        "area_ha": 594,
        "density": "55%",
        "height_limit": "3-7 tầng",
        "notes": "Quy hoạch chung xây dựng Thủ đô đến năm 2030 và tầm nhìn đến năm 2050."
      },
      "geometry": {
        "type": "Polygon",
        "coordinates": [
          [
            [
              105.78976886195481,
              21.18661938081673
            ],
            [
              105.81848301461315,
              21.191163182306877
            ],
            [
              105.81022896569385,
              21.21427396480737
            ],
            [
              105.79616332733761,
              21.211364448255893
            ],
            [
              105.78976886195481,
              21.18661938081673
            ]
          ]
        ]
      }
    },
    {
      "type": "Feature",
      "id": "qhpk_384",
      "properties": {
        "name": "Khu hành chính công sở, liên cơ quan HCTH-25-25",
        "district": "Huyện Sóc Sơn",
        "code": "HCTH",
        "land_use": "Đất hành chính công sở, cơ quan đầu não nhà nước địa phương.",
        "area_ha": 415.3,
        "density": "25%",
        "height_limit": "5-9 tầng",
        "notes": "Quy hoạch chung xây dựng Thủ đô đến năm 2030 và tầm nhìn đến năm 2050."
      },
      "geometry": {
        "type": "Polygon",
        "coordinates": [
          [
            [
              105.7947341709423,
              21.23663667392897
            ],
            [
              105.79616332733761,
              21.211364448255893
            ],
            [
              105.81022896569385,
              21.21427396480737
            ],
            [
              105.81366207638096,
              21.23262428877895
            ],
            [
              105.7947341709423,
              21.23663667392897
            ]
          ]
        ]
      }
    },
    {
      "type": "Feature",
      "id": "qhpk_385",
      "properties": {
        "name": "Khu dân cư hiện trạng chỉnh trang ODT-25-26",
        "district": "Huyện Sóc Sơn",
        "code": "ODT",
        "land_use": "Đất ở tại đô thị, phục vụ cải tạo chỉnh trang và xây mới nhà ở.",
        "area_ha": 788,
        "density": "55%",
        "height_limit": "3-7 tầng",
        "notes": "Quy hoạch chung xây dựng Thủ đô đến năm 2030 và tầm nhìn đến năm 2050."
      },
      "geometry": {
        "type": "Polygon",
        "coordinates": [
          [
            [
              105.79447957386795,
              21.266998507100865
            ],
            [
              105.7947341709423,
              21.23663667392897
            ],
            [
              105.81366207638096,
              21.23262428877895
            ],
            [
              105.81840881594783,
              21.265511794709617
            ],
            [
              105.79447957386795,
              21.266998507100865
            ]
          ]
        ]
      }
    },
    {
      "type": "Feature",
      "id": "qhpk_386",
      "properties": {
        "name": "Khu dân cư hiện trạng chỉnh trang ODT-25-27",
        "district": "Huyện Sóc Sơn",
        "code": "ODT",
        "land_use": "Đất ở tại đô thị, phục vụ cải tạo chỉnh trang và xây mới nhà ở.",
        "area_ha": 648.8,
        "density": "55%",
        "height_limit": "3-7 tầng",
        "notes": "Quy hoạch chung xây dựng Thủ đô đến năm 2030 và tầm nhìn đến năm 2050."
      },
      "geometry": {
        "type": "Polygon",
        "coordinates": [
          [
            [
              105.79447957386795,
              21.266998507100865
            ],
            [
              105.81840881594783,
              21.265511794709617
            ],
            [
              105.81622520586306,
              21.288627230218964
            ],
            [
              105.79528924697942,
              21.294310133533585
            ],
            [
              105.79447957386795,
              21.266998507100865
            ]
          ]
        ]
      }
    },
    {
      "type": "Feature",
      "id": "qhpk_387",
      "properties": {
        "name": "Khu đô thị hỗn hợp cao tầng HHT-25-28",
        "district": "Huyện Sóc Sơn",
        "code": "HHT",
        "land_use": "Đất hỗn hợp đa chức năng kết hợp nhà ở và trung tâm thương mại.",
        "area_ha": 482.9,
        "density": "45%",
        "height_limit": "18-35 tầng",
        "notes": "Quy hoạch chung xây dựng Thủ đô đến năm 2030 và tầm nhìn đến năm 2050."
      },
      "geometry": {
        "type": "Polygon",
        "coordinates": [
          [
            [
              105.79528924697942,
              21.294310133533585
            ],
            [
              105.81622520586306,
              21.288627230218964
            ],
            [
              105.8118504782972,
              21.313837079262314
            ],
            [
              105.79816008714634,
              21.31795204570931
            ],
            [
              105.79528924697942,
              21.294310133533585
            ]
          ]
        ]
      }
    },
    {
      "type": "Feature",
      "id": "qhpk_388",
      "properties": {
        "name": "Công viên cây xanh, hồ điều hòa CX-25-29",
        "district": "Huyện Sóc Sơn",
        "code": "CX",
        "land_use": "Đất cây xanh công viên, mặt nước cảnh quan điều hòa khí hậu đô thị.",
        "area_ha": 396.9,
        "density": "45%",
        "height_limit": "5-9 tầng",
        "notes": "Quy hoạch chung xây dựng Thủ đô đến năm 2030 và tầm nhìn đến năm 2050."
      },
      "geometry": {
        "type": "Polygon",
        "coordinates": [
          [
            [
              105.79501025623941,
              21.33666324062937
            ],
            [
              105.79816008714634,
              21.31795204570931
            ],
            [
              105.8118504782972,
              21.313837079262314
            ],
            [
              105.8161598057519,
              21.334474811416023
            ],
            [
              105.79501025623941,
              21.33666324062937
            ]
          ]
        ]
      }
    },
    {
      "type": "Feature",
      "id": "qhpk_389",
      "properties": {
        "name": "Cụm công nghiệp tập trung, kho vận CN-25-30",
        "district": "Huyện Sóc Sơn",
        "code": "CN",
        "land_use": "Đất công nghiệp phi nông nghiệp, sản xuất sạch, kho bãi tập trung.",
        "area_ha": 740.1,
        "density": "65%",
        "height_limit": "5-9 tầng",
        "notes": "Quy hoạch chung xây dựng Thủ đô đến năm 2030 và tầm nhìn đến năm 2050."
      },
      "geometry": {
        "type": "Polygon",
        "coordinates": [
          [
            [
              105.79333707912997,
              21.360062251783035
            ],
            [
              105.79501025623941,
              21.33666324062937
            ],
            [
              105.8161598057519,
              21.334474811416023
            ],
            [
              105.81629495989829,
              21.36912201039089
            ],
            [
              105.79333707912997,
              21.360062251783035
            ]
          ]
        ]
      }
    },
    {
      "type": "Feature",
      "id": "qhpk_390",
      "properties": {
        "name": "Khu hành chính công sở, liên cơ quan HCTH-25-31",
        "district": "Huyện Sóc Sơn",
        "code": "HCTH",
        "land_use": "Đất hành chính công sở, cơ quan đầu não nhà nước địa phương.",
        "area_ha": 497.3,
        "density": "25%",
        "height_limit": "5-9 tầng",
        "notes": "Quy hoạch chung xây dựng Thủ đô đến năm 2030 và tầm nhìn đến năm 2050."
      },
      "geometry": {
        "type": "Polygon",
        "coordinates": [
          [
            [
              105.79201519824322,
              21.379203207008132
            ],
            [
              105.79333707912997,
              21.360062251783035
            ],
            [
              105.81629495989829,
              21.36912201039089
            ],
            [
              105.81723289669785,
              21.38200633861374
            ],
            [
              105.816363,
              21.383003
            ],
            [
              105.813659,
              21.382854
            ],
            [
              105.812885,
              21.380632
            ],
            [
              105.811638,
              21.38183
            ],
            [
              105.807485,
              21.382968
            ],
            [
              105.80469,
              21.382521
            ],
            [
              105.803811,
              21.384512
            ],
            [
              105.800871,
              21.38539
            ],
            [
              105.798916,
              21.381482
            ],
            [
              105.797064,
              21.382569
            ],
            [
              105.796772,
              21.381089
            ],
            [
              105.795231,
              21.381093
            ],
            [
              105.79445,
              21.379839
            ],
            [
              105.79225,
              21.379383
            ],
            [
              105.79201519824322,
              21.379203207008132
            ]
          ]
        ]
      }
    },
    {
      "type": "Feature",
      "id": "qhpk_391",
      "properties": {
        "name": "Khu dân cư hiện trạng chỉnh trang ODT-26-2",
        "district": "Huyện Mỹ Đức",
        "code": "ODT",
        "land_use": "Đất ở tại đô thị, phục vụ cải tạo chỉnh trang và xây mới nhà ở.",
        "area_ha": 242.9,
        "density": "55%",
        "height_limit": "3-7 tầng",
        "notes": "Quy hoạch chung xây dựng Thủ đô đến năm 2030 và tầm nhìn đến năm 2050."
      },
      "geometry": {
        "type": "Polygon",
        "coordinates": [
          [
            [
              105.815484473062,
              20.634937251277904
            ],
            [
              105.818837,
              20.637486
            ],
            [
              105.831664,
              20.644571
            ],
            [
              105.83405,
              20.648198
            ],
            [
              105.832998,
              20.649886
            ],
            [
              105.826461,
              20.652806
            ],
            [
              105.82306043801591,
              20.656732932874004
            ],
            [
              105.81890822815528,
              20.6573332592576
            ],
            [
              105.815484473062,
              20.634937251277904
            ]
          ]
        ]
      }
    },
    {
      "type": "Feature",
      "id": "qhpk_392",
      "properties": {
        "name": "Khu dân cư hiện trạng chỉnh trang ODT-26-3",
        "district": "Huyện Mỹ Đức",
        "code": "ODT",
        "land_use": "Đất ở tại đô thị, phục vụ cải tạo chỉnh trang và xây mới nhà ở.",
        "area_ha": 337.1,
        "density": "55%",
        "height_limit": "3-7 tầng",
        "notes": "Quy hoạch chung xây dựng Thủ đô đến năm 2030 và tầm nhìn đến năm 2050."
      },
      "geometry": {
        "type": "Polygon",
        "coordinates": [
          [
            [
              105.81805146412263,
              20.67902222311802
            ],
            [
              105.81890822815528,
              20.6573332592576
            ],
            [
              105.82306043801591,
              20.656732932874004
            ],
            [
              105.819529,
              20.660811
            ],
            [
              105.82169,
              20.662148
            ],
            [
              105.823,
              20.662056
            ],
            [
              105.823519,
              20.664446
            ],
            [
              105.828833,
              20.663334
            ],
            [
              105.833311,
              20.66054
            ],
            [
              105.833873,
              20.661813
            ],
            [
              105.83715275708279,
              20.66042952263109
            ],
            [
              105.83253564197791,
              20.68020439665688
            ],
            [
              105.81805146412263,
              20.67902222311802
            ]
          ]
        ]
      }
    },
    {
      "type": "Feature",
      "id": "qhpk_393",
      "properties": {
        "name": "Cụm công nghiệp tập trung, kho vận CN-26-4",
        "district": "Huyện Mỹ Đức",
        "code": "CN",
        "land_use": "Đất công nghiệp phi nông nghiệp, sản xuất sạch, kho bãi tập trung.",
        "area_ha": 570,
        "density": "65%",
        "height_limit": "5-9 tầng",
        "notes": "Quy hoạch chung xây dựng Thủ đô đến năm 2030 và tầm nhìn đến năm 2050."
      },
      "geometry": {
        "type": "Polygon",
        "coordinates": [
          [
            [
              105.81458942025884,
              20.710253931690364
            ],
            [
              105.81805146412263,
              20.67902222311802
            ],
            [
              105.83253564197791,
              20.68020439665688
            ],
            [
              105.83370520860629,
              20.70772772303076
            ],
            [
              105.81458942025884,
              20.710253931690364
            ]
          ]
        ]
      }
    },
    {
      "type": "Feature",
      "id": "qhpk_394",
      "properties": {
        "name": "Cụm công nghiệp tập trung, kho vận CN-26-5",
        "district": "Huyện Mỹ Đức",
        "code": "CN",
        "land_use": "Đất công nghiệp phi nông nghiệp, sản xuất sạch, kho bãi tập trung.",
        "area_ha": 636.5,
        "density": "65%",
        "height_limit": "5-9 tầng",
        "notes": "Quy hoạch chung xây dựng Thủ đô đến năm 2030 và tầm nhìn đến năm 2050."
      },
      "geometry": {
        "type": "Polygon",
        "coordinates": [
          [
            [
              105.81458942025884,
              20.710253931690364
            ],
            [
              105.83370520860629,
              20.70772772303076
            ],
            [
              105.83954242121055,
              20.733496817227504
            ],
            [
              105.8152397211128,
              20.734641808743305
            ],
            [
              105.81458942025884,
              20.710253931690364
            ]
          ]
        ]
      }
    },
    {
      "type": "Feature",
      "id": "qhpk_395",
      "properties": {
        "name": "Khu đô thị hỗn hợp cao tầng HHT-26-6",
        "district": "Huyện Mỹ Đức",
        "code": "HHT",
        "land_use": "Đất hỗn hợp đa chức năng kết hợp nhà ở và trung tâm thương mại.",
        "area_ha": 477.6,
        "density": "45%",
        "height_limit": "18-35 tầng",
        "notes": "Quy hoạch chung xây dựng Thủ đô đến năm 2030 và tầm nhìn đến năm 2050."
      },
      "geometry": {
        "type": "Polygon",
        "coordinates": [
          [
            [
              105.8152397211128,
              20.734641808743305
            ],
            [
              105.83954242121055,
              20.733496817227504
            ],
            [
              105.83097779460583,
              20.751843494782893
            ],
            [
              105.81529620398885,
              20.759491936418904
            ],
            [
              105.8152397211128,
              20.734641808743305
            ]
          ]
        ]
      }
    },
    {
      "type": "Feature",
      "id": "qhpk_396",
      "properties": {
        "name": "Cụm công nghiệp tập trung, kho vận CN-26-7",
        "district": "Quận Cầu Giấy",
        "code": "CN",
        "land_use": "Đất công nghiệp phi nông nghiệp, sản xuất sạch, kho bãi tập trung.",
        "area_ha": 532.5,
        "density": "65%",
        "height_limit": "5-9 tầng",
        "notes": "Quy hoạch chung xây dựng Thủ đô đến năm 2030 và tầm nhìn đến năm 2050."
      },
      "geometry": {
        "type": "Polygon",
        "coordinates": [
          [
            [
              105.81004151671749,
              20.778162873106314
            ],
            [
              105.81529620398885,
              20.759491936418904
            ],
            [
              105.83097779460583,
              20.751843494782893
            ],
            [
              105.83056951828674,
              20.784290090924493
            ],
            [
              105.81004151671749,
              20.778162873106314
            ]
          ]
        ]
      }
    },
    {
      "type": "Feature",
      "id": "qhpk_397",
      "properties": {
        "name": "Công viên cây xanh, hồ điều hòa CX-26-8",
        "district": "Quận Long Biên",
        "code": "CX",
        "land_use": "Đất cây xanh công viên, mặt nước cảnh quan điều hòa khí hậu đô thị.",
        "area_ha": 650.6,
        "density": "45%",
        "height_limit": "5-9 tầng",
        "notes": "Quy hoạch chung xây dựng Thủ đô đến năm 2030 và tầm nhìn đến năm 2050."
      },
      "geometry": {
        "type": "Polygon",
        "coordinates": [
          [
            [
              105.81004151671749,
              20.778162873106314
            ],
            [
              105.83056951828674,
              20.784290090924493
            ],
            [
              105.83516420775784,
              20.8086241409958
            ],
            [
              105.81338379232662,
              20.80826360416883
            ],
            [
              105.81004151671749,
              20.778162873106314
            ]
          ]
        ]
      }
    },
    {
      "type": "Feature",
      "id": "qhpk_398",
      "properties": {
        "name": "Khu đô thị hỗn hợp cao tầng HHT-26-9",
        "district": "Quận Ba Đình",
        "code": "HHT",
        "land_use": "Đất hỗn hợp đa chức năng kết hợp nhà ở và trung tâm thương mại.",
        "area_ha": 723.3,
        "density": "45%",
        "height_limit": "18-35 tầng",
        "notes": "Quy hoạch chung xây dựng Thủ đô đến năm 2030 và tầm nhìn đến năm 2050."
      },
      "geometry": {
        "type": "Polygon",
        "coordinates": [
          [
            [
              105.81229632147415,
              20.838047954457355
            ],
            [
              105.81338379232662,
              20.80826360416883
            ],
            [
              105.83516420775784,
              20.8086241409958
            ],
            [
              105.83698348016057,
              20.832632213719958
            ],
            [
              105.81229632147415,
              20.838047954457355
            ]
          ]
        ]
      }
    },
    {
      "type": "Feature",
      "id": "qhpk_399",
      "properties": {
        "name": "Công viên cây xanh, hồ điều hòa CX-26-10",
        "district": "Quận Hoàn Kiếm",
        "code": "CX",
        "land_use": "Đất cây xanh công viên, mặt nước cảnh quan điều hòa khí hậu đô thị.",
        "area_ha": 706.3,
        "density": "45%",
        "height_limit": "5-9 tầng",
        "notes": "Quy hoạch chung xây dựng Thủ đô đến năm 2030 và tầm nhìn đến năm 2050."
      },
      "geometry": {
        "type": "Polygon",
        "coordinates": [
          [
            [
              105.81229632147415,
              20.838047954457355
            ],
            [
              105.83698348016057,
              20.832632213719958
            ],
            [
              105.8341544876293,
              20.86288683117496
            ],
            [
              105.81235602447431,
              20.860574972242308
            ],
            [
              105.81229632147415,
              20.838047954457355
            ]
          ]
        ]
      }
    },
    {
      "type": "Feature",
      "id": "qhpk_400",
      "properties": {
        "name": "Khu dân cư hiện trạng chỉnh trang ODT-26-11",
        "district": "Quận Đống Đa",
        "code": "ODT",
        "land_use": "Đất ở tại đô thị, phục vụ cải tạo chỉnh trang và xây mới nhà ở.",
        "area_ha": 435.4,
        "density": "55%",
        "height_limit": "3-7 tầng",
        "notes": "Quy hoạch chung xây dựng Thủ đô đến năm 2030 và tầm nhìn đến năm 2050."
      },
      "geometry": {
        "type": "Polygon",
        "coordinates": [
          [
            [
              105.81235602447431,
              20.860574972242308
            ],
            [
              105.8341544876293,
              20.86288683117496
            ],
            [
              105.83214098430072,
              20.88731159355309
            ],
            [
              105.81759130733263,
              20.878599883060435
            ],
            [
              105.81235602447431,
              20.860574972242308
            ]
          ]
        ]
      }
    },
    {
      "type": "Feature",
      "id": "qhpk_401",
      "properties": {
        "name": "Khu dân cư hiện trạng chỉnh trang ODT-26-12",
        "district": "Quận Hoàn Kiếm",
        "code": "ODT",
        "land_use": "Đất ở tại đô thị, phục vụ cải tạo chỉnh trang và xây mới nhà ở.",
        "area_ha": 569.9,
        "density": "55%",
        "height_limit": "3-7 tầng",
        "notes": "Quy hoạch chung xây dựng Thủ đô đến năm 2030 và tầm nhìn đến năm 2050."
      },
      "geometry": {
        "type": "Polygon",
        "coordinates": [
          [
            [
              105.81477628820565,
              20.913636057646514
            ],
            [
              105.81759130733263,
              20.878599883060435
            ],
            [
              105.83214098430072,
              20.88731159355309
            ],
            [
              105.83455949083749,
              20.909697248005454
            ],
            [
              105.81477628820565,
              20.913636057646514
            ]
          ]
        ]
      }
    },
    {
      "type": "Feature",
      "id": "qhpk_402",
      "properties": {
        "name": "Khu đô thị hỗn hợp cao tầng HHT-26-13",
        "district": "Quận Ba Đình",
        "code": "HHT",
        "land_use": "Đất hỗn hợp đa chức năng kết hợp nhà ở và trung tâm thương mại.",
        "area_ha": 446.5,
        "density": "45%",
        "height_limit": "18-35 tầng",
        "notes": "Quy hoạch chung xây dựng Thủ đô đến năm 2030 và tầm nhìn đến năm 2050."
      },
      "geometry": {
        "type": "Polygon",
        "coordinates": [
          [
            [
              105.81477628820565,
              20.913636057646514
            ],
            [
              105.83455949083749,
              20.909697248005454
            ],
            [
              105.83444209997002,
              20.931845555744065
            ],
            [
              105.8181858705165,
              20.933849739138903
            ],
            [
              105.81477628820565,
              20.913636057646514
            ]
          ]
        ]
      }
    },
    {
      "type": "Feature",
      "id": "qhpk_403",
      "properties": {
        "name": "Khu dân cư hiện trạng chỉnh trang ODT-26-14",
        "district": "Quận Long Biên",
        "code": "ODT",
        "land_use": "Đất ở tại đô thị, phục vụ cải tạo chỉnh trang và xây mới nhà ở.",
        "area_ha": 656.4,
        "density": "55%",
        "height_limit": "3-7 tầng",
        "notes": "Quy hoạch chung xây dựng Thủ đô đến năm 2030 và tầm nhìn đến năm 2050."
      },
      "geometry": {
        "type": "Polygon",
        "coordinates": [
          [
            [
              105.81720199771978,
              20.962732419869436
            ],
            [
              105.8181858705165,
              20.933849739138903
            ],
            [
              105.83444209997002,
              20.931845555744065
            ],
            [
              105.83763263287906,
              20.964952360742643
            ],
            [
              105.81720199771978,
              20.962732419869436
            ]
          ]
        ]
      }
    },
    {
      "type": "Feature",
      "id": "qhpk_404",
      "properties": {
        "name": "Khu đô thị hỗn hợp cao tầng HHT-26-15",
        "district": "Quận Hoàn Kiếm",
        "code": "HHT",
        "land_use": "Đất hỗn hợp đa chức năng kết hợp nhà ở và trung tâm thương mại.",
        "area_ha": 593.5,
        "density": "45%",
        "height_limit": "18-35 tầng",
        "notes": "Quy hoạch chung xây dựng Thủ đô đến năm 2030 và tầm nhìn đến năm 2050."
      },
      "geometry": {
        "type": "Polygon",
        "coordinates": [
          [
            [
              105.81216038633687,
              20.988949721673674
            ],
            [
              105.81720199771978,
              20.962732419869436
            ],
            [
              105.83763263287906,
              20.964952360742643
            ],
            [
              105.83311281528925,
              20.988104052299015
            ],
            [
              105.81216038633687,
              20.988949721673674
            ]
          ]
        ]
      }
    },
    {
      "type": "Feature",
      "id": "qhpk_405",
      "properties": {
        "name": "Công viên cây xanh, hồ điều hòa CX-26-16",
        "district": "Quận Hai Bà Trưng",
        "code": "CX",
        "land_use": "Đất cây xanh công viên, mặt nước cảnh quan điều hòa khí hậu đô thị.",
        "area_ha": 547.4,
        "density": "45%",
        "height_limit": "5-9 tầng",
        "notes": "Quy hoạch chung xây dựng Thủ đô đến năm 2030 và tầm nhìn đến năm 2050."
      },
      "geometry": {
        "type": "Polygon",
        "coordinates": [
          [
            [
              105.81216038633687,
              20.988949721673674
            ],
            [
              105.83311281528925,
              20.988104052299015
            ],
            [
              105.83532569816752,
              21.00517387718705
            ],
            [
              105.8132169397328,
              21.01511299958593
            ],
            [
              105.81216038633687,
              20.988949721673674
            ]
          ]
        ]
      }
    },
    {
      "type": "Feature",
      "id": "qhpk_406",
      "properties": {
        "name": "Khu dân cư hiện trạng chỉnh trang ODT-26-17",
        "district": "Quận Long Biên",
        "code": "ODT",
        "land_use": "Đất ở tại đô thị, phục vụ cải tạo chỉnh trang và xây mới nhà ở.",
        "area_ha": 664.3,
        "density": "55%",
        "height_limit": "3-7 tầng",
        "notes": "Quy hoạch chung xây dựng Thủ đô đến năm 2030 và tầm nhìn đến năm 2050."
      },
      "geometry": {
        "type": "Polygon",
        "coordinates": [
          [
            [
              105.81127071102551,
              21.039012839433397
            ],
            [
              105.8132169397328,
              21.01511299958593
            ],
            [
              105.83532569816752,
              21.00517387718705
            ],
            [
              105.8315422092069,
              21.037189726735974
            ],
            [
              105.81127071102551,
              21.039012839433397
            ]
          ]
        ]
      }
    },
    {
      "type": "Feature",
      "id": "qhpk_407",
      "properties": {
        "name": "Bảo tồn mặt nước & cảnh quan Hồ Tây",
        "district": "Quận Nam Từ Liêm",
        "code": "MN",
        "land_use": "Đất mặt nước tự nhiên, khu vực bảo tồn sinh thái trọng điểm.",
        "area_ha": 564.3,
        "density": "0%",
        "height_limit": "Không cho phép",
        "notes": "Quy hoạch chung xây dựng Thủ đô đến năm 2030 và tầm nhìn đến năm 2050."
      },
      "geometry": {
        "type": "Polygon",
        "coordinates": [
          [
            [
              105.81127071102551,
              21.039012839433397
            ],
            [
              105.8315422092069,
              21.037189726735974
            ],
            [
              105.83775393088052,
              21.060249329790363
            ],
            [
              105.81344164697587,
              21.059604552357413
            ],
            [
              105.81127071102551,
              21.039012839433397
            ]
          ]
        ]
      }
    },
    {
      "type": "Feature",
      "id": "qhpk_408",
      "properties": {
        "name": "Khu dân cư hiện trạng chỉnh trang ODT-26-19",
        "district": "Quận Ba Đình",
        "code": "ODT",
        "land_use": "Đất ở tại đô thị, phục vụ cải tạo chỉnh trang và xây mới nhà ở.",
        "area_ha": 774.7,
        "density": "55%",
        "height_limit": "3-7 tầng",
        "notes": "Quy hoạch chung xây dựng Thủ đô đến năm 2030 và tầm nhìn đến năm 2050."
      },
      "geometry": {
        "type": "Polygon",
        "coordinates": [
          [
            [
              105.81295890961805,
              21.08882485174972
            ],
            [
              105.81344164697587,
              21.059604552357413
            ],
            [
              105.83775393088052,
              21.060249329790363
            ],
            [
              105.83869435110928,
              21.084663771901067
            ],
            [
              105.81295890961805,
              21.08882485174972
            ]
          ]
        ]
      }
    },
    {
      "type": "Feature",
      "id": "qhpk_409",
      "properties": {
        "name": "Khu dân cư hiện trạng chỉnh trang ODT-26-20",
        "district": "Quận Cầu Giấy",
        "code": "ODT",
        "land_use": "Đất ở tại đô thị, phục vụ cải tạo chỉnh trang và xây mới nhà ở.",
        "area_ha": 684,
        "density": "55%",
        "height_limit": "3-7 tầng",
        "notes": "Quy hoạch chung xây dựng Thủ đô đến năm 2030 và tầm nhìn đến năm 2050."
      },
      "geometry": {
        "type": "Polygon",
        "coordinates": [
          [
            [
              105.81295890961805,
              21.08882485174972
            ],
            [
              105.83869435110928,
              21.084663771901067
            ],
            [
              105.83227823321933,
              21.116014642712585
            ],
            [
              105.81446523827405,
              21.111947179605476
            ],
            [
              105.81295890961805,
              21.08882485174972
            ]
          ]
        ]
      }
    },
    {
      "type": "Feature",
      "id": "qhpk_410",
      "properties": {
        "name": "Khu đô thị hỗn hợp cao tầng HHT-26-21",
        "district": "Quận Hoàn Kiếm",
        "code": "HHT",
        "land_use": "Đất hỗn hợp đa chức năng kết hợp nhà ở và trung tâm thương mại.",
        "area_ha": 563.7,
        "density": "45%",
        "height_limit": "18-35 tầng",
        "notes": "Quy hoạch chung xây dựng Thủ đô đến năm 2030 và tầm nhìn đến năm 2050."
      },
      "geometry": {
        "type": "Polygon",
        "coordinates": [
          [
            [
              105.81051019459414,
              21.13760692503041
            ],
            [
              105.81446523827405,
              21.111947179605476
            ],
            [
              105.83227823321933,
              21.116014642712585
            ],
            [
              105.83677249086253,
              21.134726982824667
            ],
            [
              105.81051019459414,
              21.13760692503041
            ]
          ]
        ]
      }
    },
    {
      "type": "Feature",
      "id": "qhpk_411",
      "properties": {
        "name": "Công viên cây xanh, hồ điều hòa CX-26-22",
        "district": "Huyện Sóc Sơn",
        "code": "CX",
        "land_use": "Đất cây xanh công viên, mặt nước cảnh quan điều hòa khí hậu đô thị.",
        "area_ha": 707.3,
        "density": "45%",
        "height_limit": "5-9 tầng",
        "notes": "Quy hoạch chung xây dựng Thủ đô đến năm 2030 và tầm nhìn đến năm 2050."
      },
      "geometry": {
        "type": "Polygon",
        "coordinates": [
          [
            [
              105.81051019459414,
              21.13760692503041
            ],
            [
              105.83677249086253,
              21.134726982824667
            ],
            [
              105.83143169608373,
              21.165889080942392
            ],
            [
              105.81666567760298,
              21.166177312185283
            ],
            [
              105.81051019459414,
              21.13760692503041
            ]
          ]
        ]
      }
    },
    {
      "type": "Feature",
      "id": "qhpk_412",
      "properties": {
        "name": "Khu dân cư hiện trạng chỉnh trang ODT-26-23",
        "district": "Huyện Sóc Sơn",
        "code": "ODT",
        "land_use": "Đất ở tại đô thị, phục vụ cải tạo chỉnh trang và xây mới nhà ở.",
        "area_ha": 422.6,
        "density": "55%",
        "height_limit": "3-7 tầng",
        "notes": "Quy hoạch chung xây dựng Thủ đô đến năm 2030 và tầm nhìn đến năm 2050."
      },
      "geometry": {
        "type": "Polygon",
        "coordinates": [
          [
            [
              105.81666567760298,
              21.166177312185283
            ],
            [
              105.83143169608373,
              21.165889080942392
            ],
            [
              105.8376610943409,
              21.18180751743822
            ],
            [
              105.81848301461315,
              21.191163182306877
            ],
            [
              105.81666567760298,
              21.166177312185283
            ]
          ]
        ]
      }
    },
    {
      "type": "Feature",
      "id": "qhpk_413",
      "properties": {
        "name": "Khu dân cư hiện trạng chỉnh trang ODT-26-24",
        "district": "Huyện Sóc Sơn",
        "code": "ODT",
        "land_use": "Đất ở tại đô thị, phục vụ cải tạo chỉnh trang và xây mới nhà ở.",
        "area_ha": 662.2,
        "density": "55%",
        "height_limit": "3-7 tầng",
        "notes": "Quy hoạch chung xây dựng Thủ đô đến năm 2030 và tầm nhìn đến năm 2050."
      },
      "geometry": {
        "type": "Polygon",
        "coordinates": [
          [
            [
              105.81022896569385,
              21.21427396480737
            ],
            [
              105.81848301461315,
              21.191163182306877
            ],
            [
              105.8376610943409,
              21.18180751743822
            ],
            [
              105.83916474686629,
              21.20856786995213
            ],
            [
              105.81022896569385,
              21.21427396480737
            ]
          ]
        ]
      }
    },
    {
      "type": "Feature",
      "id": "qhpk_414",
      "properties": {
        "name": "Khu hành chính công sở, liên cơ quan HCTH-26-25",
        "district": "Huyện Sóc Sơn",
        "code": "HCTH",
        "land_use": "Đất hành chính công sở, cơ quan đầu não nhà nước địa phương.",
        "area_ha": 673.6,
        "density": "25%",
        "height_limit": "5-9 tầng",
        "notes": "Quy hoạch chung xây dựng Thủ đô đến năm 2030 và tầm nhìn đến năm 2050."
      },
      "geometry": {
        "type": "Polygon",
        "coordinates": [
          [
            [
              105.81022896569385,
              21.21427396480737
            ],
            [
              105.83916474686629,
              21.20856786995213
            ],
            [
              105.8346082197168,
              21.23710806386659
            ],
            [
              105.81366207638096,
              21.23262428877895
            ],
            [
              105.81022896569385,
              21.21427396480737
            ]
          ]
        ]
      }
    },
    {
      "type": "Feature",
      "id": "qhpk_415",
      "properties": {
        "name": "Tổ hợp dịch vụ, trung tâm thương mại TMDV-26-26",
        "district": "Huyện Sóc Sơn",
        "code": "TMDV",
        "land_use": "Đất thương mại dịch vụ cao tầng, văn phòng, siêu thị, khách sạn.",
        "area_ha": 572.7,
        "density": "45%",
        "height_limit": "5-9 tầng",
        "notes": "Quy hoạch chung xây dựng Thủ đô đến năm 2030 và tầm nhìn đến năm 2050."
      },
      "geometry": {
        "type": "Polygon",
        "coordinates": [
          [
            [
              105.81366207638096,
              21.23262428877895
            ],
            [
              105.8346082197168,
              21.23710806386659
            ],
            [
              105.83380885812176,
              21.25865333361513
            ],
            [
              105.81840881594783,
              21.265511794709617
            ],
            [
              105.81366207638096,
              21.23262428877895
            ]
          ]
        ]
      }
    },
    {
      "type": "Feature",
      "id": "qhpk_416",
      "properties": {
        "name": "Khu dân cư hiện trạng chỉnh trang ODT-26-27",
        "district": "Huyện Sóc Sơn",
        "code": "ODT",
        "land_use": "Đất ở tại đô thị, phục vụ cải tạo chỉnh trang và xây mới nhà ở.",
        "area_ha": 453,
        "density": "55%",
        "height_limit": "3-7 tầng",
        "notes": "Quy hoạch chung xây dựng Thủ đô đến năm 2030 và tầm nhìn đến năm 2050."
      },
      "geometry": {
        "type": "Polygon",
        "coordinates": [
          [
            [
              105.81622520586306,
              21.288627230218964
            ],
            [
              105.81840881594783,
              21.265511794709617
            ],
            [
              105.83380885812176,
              21.25865333361513
            ],
            [
              105.83244573108885,
              21.286304578822975
            ],
            [
              105.81622520586306,
              21.288627230218964
            ]
          ]
        ]
      }
    },
    {
      "type": "Feature",
      "id": "qhpk_417",
      "properties": {
        "name": "Khu hành chính công sở, liên cơ quan HCTH-26-28",
        "district": "Huyện Sóc Sơn",
        "code": "HCTH",
        "land_use": "Đất hành chính công sở, cơ quan đầu não nhà nước địa phương.",
        "area_ha": 629.4,
        "density": "25%",
        "height_limit": "5-9 tầng",
        "notes": "Quy hoạch chung xây dựng Thủ đô đến năm 2030 và tầm nhìn đến năm 2050."
      },
      "geometry": {
        "type": "Polygon",
        "coordinates": [
          [
            [
              105.8118504782972,
              21.313837079262314
            ],
            [
              105.81622520586306,
              21.288627230218964
            ],
            [
              105.83244573108885,
              21.286304578822975
            ],
            [
              105.83396744277385,
              21.317970605223348
            ],
            [
              105.8118504782972,
              21.313837079262314
            ]
          ]
        ]
      }
    },
    {
      "type": "Feature",
      "id": "qhpk_418",
      "properties": {
        "name": "Công viên cây xanh, hồ điều hòa CX-26-29",
        "district": "Huyện Sóc Sơn",
        "code": "CX",
        "land_use": "Đất cây xanh công viên, mặt nước cảnh quan điều hòa khí hậu đô thị.",
        "area_ha": 511.4,
        "density": "45%",
        "height_limit": "5-9 tầng",
        "notes": "Quy hoạch chung xây dựng Thủ đô đến năm 2030 và tầm nhìn đến năm 2050."
      },
      "geometry": {
        "type": "Polygon",
        "coordinates": [
          [
            [
              105.8118504782972,
              21.313837079262314
            ],
            [
              105.83396744277385,
              21.317970605223348
            ],
            [
              105.83383619761555,
              21.343332676005474
            ],
            [
              105.8161598057519,
              21.334474811416023
            ],
            [
              105.8118504782972,
              21.313837079262314
            ]
          ]
        ]
      }
    },
    {
      "type": "Feature",
      "id": "qhpk_419",
      "properties": {
        "name": "Khu dân cư hiện trạng chỉnh trang ODT-26-30",
        "district": "Huyện Sóc Sơn",
        "code": "ODT",
        "land_use": "Đất ở tại đô thị, phục vụ cải tạo chỉnh trang và xây mới nhà ở.",
        "area_ha": 590.4,
        "density": "55%",
        "height_limit": "3-7 tầng",
        "notes": "Quy hoạch chung xây dựng Thủ đô đến năm 2030 và tầm nhìn đến năm 2050."
      },
      "geometry": {
        "type": "Polygon",
        "coordinates": [
          [
            [
              105.8161598057519,
              21.334474811416023
            ],
            [
              105.83383619761555,
              21.343332676005474
            ],
            [
              105.83221941170228,
              21.369315943534215
            ],
            [
              105.81629495989829,
              21.36912201039089
            ],
            [
              105.8161598057519,
              21.334474811416023
            ]
          ]
        ]
      }
    },
    {
      "type": "Feature",
      "id": "qhpk_420",
      "properties": {
        "name": "Công viên cây xanh, hồ điều hòa CX-27-3",
        "district": "Huyện Mỹ Đức",
        "code": "CX",
        "land_use": "Đất cây xanh công viên, mặt nước cảnh quan điều hòa khí hậu đô thị.",
        "area_ha": 613.6,
        "density": "45%",
        "height_limit": "5-9 tầng",
        "notes": "Quy hoạch chung xây dựng Thủ đô đến năm 2030 và tầm nhìn đến năm 2050."
      },
      "geometry": {
        "type": "Polygon",
        "coordinates": [
          [
            [
              105.83253564197791,
              20.68020439665688
            ],
            [
              105.83715275708279,
              20.66042952263109
            ],
            [
              105.840499,
              20.659018
            ],
            [
              105.840218,
              20.657175
            ],
            [
              105.843079,
              20.656188
            ],
            [
              105.84516878302243,
              20.654733690444193
            ],
            [
              105.85518282816112,
              20.655093979078195
            ],
            [
              105.85391796251568,
              20.686040081208034
            ],
            [
              105.83253564197791,
              20.68020439665688
            ]
          ]
        ]
      }
    },
    {
      "type": "Feature",
      "id": "qhpk_421",
      "properties": {
        "name": "Công viên cây xanh, hồ điều hòa CX-27-4",
        "district": "Huyện Mỹ Đức",
        "code": "CX",
        "land_use": "Đất cây xanh công viên, mặt nước cảnh quan điều hòa khí hậu đô thị.",
        "area_ha": 608,
        "density": "45%",
        "height_limit": "5-9 tầng",
        "notes": "Quy hoạch chung xây dựng Thủ đô đến năm 2030 và tầm nhìn đến năm 2050."
      },
      "geometry": {
        "type": "Polygon",
        "coordinates": [
          [
            [
              105.83253564197791,
              20.68020439665688
            ],
            [
              105.85391796251568,
              20.686040081208034
            ],
            [
              105.85722388748697,
              20.7057252345397
            ],
            [
              105.83370520860629,
              20.70772772303076
            ],
            [
              105.83253564197791,
              20.68020439665688
            ]
          ]
        ]
      }
    },
    {
      "type": "Feature",
      "id": "qhpk_422",
      "properties": {
        "name": "Công viên cây xanh, hồ điều hòa CX-27-5",
        "district": "Huyện Mỹ Đức",
        "code": "CX",
        "land_use": "Đất cây xanh công viên, mặt nước cảnh quan điều hòa khí hậu đô thị.",
        "area_ha": 599.6,
        "density": "45%",
        "height_limit": "5-9 tầng",
        "notes": "Quy hoạch chung xây dựng Thủ đô đến năm 2030 và tầm nhìn đến năm 2050."
      },
      "geometry": {
        "type": "Polygon",
        "coordinates": [
          [
            [
              105.83370520860629,
              20.70772772303076
            ],
            [
              105.85722388748697,
              20.7057252345397
            ],
            [
              105.85543316375632,
              20.73225005354952
            ],
            [
              105.83954242121055,
              20.733496817227504
            ],
            [
              105.83370520860629,
              20.70772772303076
            ]
          ]
        ]
      }
    },
    {
      "type": "Feature",
      "id": "qhpk_423",
      "properties": {
        "name": "Khu dân cư hiện trạng chỉnh trang ODT-27-6",
        "district": "Huyện Mỹ Đức",
        "code": "ODT",
        "land_use": "Đất ở tại đô thị, phục vụ cải tạo chỉnh trang và xây mới nhà ở.",
        "area_ha": 609.6,
        "density": "55%",
        "height_limit": "3-7 tầng",
        "notes": "Quy hoạch chung xây dựng Thủ đô đến năm 2030 và tầm nhìn đến năm 2050."
      },
      "geometry": {
        "type": "Polygon",
        "coordinates": [
          [
            [
              105.83097779460583,
              20.751843494782893
            ],
            [
              105.83954242121055,
              20.733496817227504
            ],
            [
              105.85543316375632,
              20.73225005354952
            ],
            [
              105.85934390816632,
              20.76074542007425
            ],
            [
              105.83097779460583,
              20.751843494782893
            ]
          ]
        ]
      }
    },
    {
      "type": "Feature",
      "id": "qhpk_424",
      "properties": {
        "name": "Công viên cây xanh, hồ điều hòa CX-27-7",
        "district": "Quận Tây Hồ",
        "code": "CX",
        "land_use": "Đất cây xanh công viên, mặt nước cảnh quan điều hòa khí hậu đô thị.",
        "area_ha": 761.5,
        "density": "45%",
        "height_limit": "5-9 tầng",
        "notes": "Quy hoạch chung xây dựng Thủ đô đến năm 2030 và tầm nhìn đến năm 2050."
      },
      "geometry": {
        "type": "Polygon",
        "coordinates": [
          [
            [
              105.83056951828674,
              20.784290090924493
            ],
            [
              105.83097779460583,
              20.751843494782893
            ],
            [
              105.85934390816632,
              20.76074542007425
            ],
            [
              105.8516539541336,
              20.780706707513712
            ],
            [
              105.83056951828674,
              20.784290090924493
            ]
          ]
        ]
      }
    },
    {
      "type": "Feature",
      "id": "qhpk_425",
      "properties": {
        "name": "Khu dân cư hiện trạng chỉnh trang ODT-27-8",
        "district": "Quận Tây Hồ",
        "code": "ODT",
        "land_use": "Đất ở tại đô thị, phục vụ cải tạo chỉnh trang và xây mới nhà ở.",
        "area_ha": 589.4,
        "density": "55%",
        "height_limit": "3-7 tầng",
        "notes": "Quy hoạch chung xây dựng Thủ đô đến năm 2030 và tầm nhìn đến năm 2050."
      },
      "geometry": {
        "type": "Polygon",
        "coordinates": [
          [
            [
              105.83056951828674,
              20.784290090924493
            ],
            [
              105.8516539541336,
              20.780706707513712
            ],
            [
              105.852213919193,
              20.80948710986191
            ],
            [
              105.83516420775784,
              20.8086241409958
            ],
            [
              105.83056951828674,
              20.784290090924493
            ]
          ]
        ]
      }
    },
    {
      "type": "Feature",
      "id": "qhpk_426",
      "properties": {
        "name": "Khu hành chính công sở, liên cơ quan HCTH-27-9",
        "district": "Quận Đống Đa",
        "code": "HCTH",
        "land_use": "Đất hành chính công sở, cơ quan đầu não nhà nước địa phương.",
        "area_ha": 466,
        "density": "25%",
        "height_limit": "5-9 tầng",
        "notes": "Quy hoạch chung xây dựng Thủ đô đến năm 2030 và tầm nhìn đến năm 2050."
      },
      "geometry": {
        "type": "Polygon",
        "coordinates": [
          [
            [
              105.83516420775784,
              20.8086241409958
            ],
            [
              105.852213919193,
              20.80948710986191
            ],
            [
              105.85528421541672,
              20.83099340413651
            ],
            [
              105.83698348016057,
              20.832632213719958
            ],
            [
              105.83516420775784,
              20.8086241409958
            ]
          ]
        ]
      }
    },
    {
      "type": "Feature",
      "id": "qhpk_427",
      "properties": {
        "name": "Công viên cây xanh, hồ điều hòa CX-27-10",
        "district": "Quận Hai Bà Trưng",
        "code": "CX",
        "land_use": "Đất cây xanh công viên, mặt nước cảnh quan điều hòa khí hậu đô thị.",
        "area_ha": 646.9,
        "density": "45%",
        "height_limit": "5-9 tầng",
        "notes": "Quy hoạch chung xây dựng Thủ đô đến năm 2030 và tầm nhìn đến năm 2050."
      },
      "geometry": {
        "type": "Polygon",
        "coordinates": [
          [
            [
              105.8341544876293,
              20.86288683117496
            ],
            [
              105.83698348016057,
              20.832632213719958
            ],
            [
              105.85528421541672,
              20.83099340413651
            ],
            [
              105.85276286903009,
              20.861807044328245
            ],
            [
              105.8341544876293,
              20.86288683117496
            ]
          ]
        ]
      }
    },
    {
      "type": "Feature",
      "id": "qhpk_428",
      "properties": {
        "name": "Tổ hợp dịch vụ, trung tâm thương mại TMDV-27-11",
        "district": "Quận Long Biên",
        "code": "TMDV",
        "land_use": "Đất thương mại dịch vụ cao tầng, văn phòng, siêu thị, khách sạn.",
        "area_ha": 530.8,
        "density": "45%",
        "height_limit": "5-9 tầng",
        "notes": "Quy hoạch chung xây dựng Thủ đô đến năm 2030 và tầm nhìn đến năm 2050."
      },
      "geometry": {
        "type": "Polygon",
        "coordinates": [
          [
            [
              105.83214098430072,
              20.88731159355309
            ],
            [
              105.8341544876293,
              20.86288683117496
            ],
            [
              105.85276286903009,
              20.861807044328245
            ],
            [
              105.85393809356422,
              20.882977326709653
            ],
            [
              105.83214098430072,
              20.88731159355309
            ]
          ]
        ]
      }
    },
    {
      "type": "Feature",
      "id": "qhpk_429",
      "properties": {
        "name": "Cụm công nghiệp tập trung, kho vận CN-27-12",
        "district": "Quận Hai Bà Trưng",
        "code": "CN",
        "land_use": "Đất công nghiệp phi nông nghiệp, sản xuất sạch, kho bãi tập trung.",
        "area_ha": 648.8,
        "density": "65%",
        "height_limit": "5-9 tầng",
        "notes": "Quy hoạch chung xây dựng Thủ đô đến năm 2030 và tầm nhìn đến năm 2050."
      },
      "geometry": {
        "type": "Polygon",
        "coordinates": [
          [
            [
              105.83214098430072,
              20.88731159355309
            ],
            [
              105.85393809356422,
              20.882977326709653
            ],
            [
              105.85765137284137,
              20.910104562450258
            ],
            [
              105.83455949083749,
              20.909697248005454
            ],
            [
              105.83214098430072,
              20.88731159355309
            ]
          ]
        ]
      }
    },
    {
      "type": "Feature",
      "id": "qhpk_430",
      "properties": {
        "name": "Khu dân cư hiện trạng chỉnh trang ODT-27-13",
        "district": "Quận Hoàn Kiếm",
        "code": "ODT",
        "land_use": "Đất ở tại đô thị, phục vụ cải tạo chỉnh trang và xây mới nhà ở.",
        "area_ha": 583.9,
        "density": "55%",
        "height_limit": "3-7 tầng",
        "notes": "Quy hoạch chung xây dựng Thủ đô đến năm 2030 và tầm nhìn đến năm 2050."
      },
      "geometry": {
        "type": "Polygon",
        "coordinates": [
          [
            [
              105.83444209997002,
              20.931845555744065
            ],
            [
              105.83455949083749,
              20.909697248005454
            ],
            [
              105.85765137284137,
              20.910104562450258
            ],
            [
              105.85259926782798,
              20.936362545913926
            ],
            [
              105.83444209997002,
              20.931845555744065
            ]
          ]
        ]
      }
    },
    {
      "type": "Feature",
      "id": "qhpk_431",
      "properties": {
        "name": "Khu đô thị hỗn hợp cao tầng HHT-27-14",
        "district": "Quận Long Biên",
        "code": "HHT",
        "land_use": "Đất hỗn hợp đa chức năng kết hợp nhà ở và trung tâm thương mại.",
        "area_ha": 585.1,
        "density": "45%",
        "height_limit": "18-35 tầng",
        "notes": "Quy hoạch chung xây dựng Thủ đô đến năm 2030 và tầm nhìn đến năm 2050."
      },
      "geometry": {
        "type": "Polygon",
        "coordinates": [
          [
            [
              105.83444209997002,
              20.931845555744065
            ],
            [
              105.85259926782798,
              20.936362545913926
            ],
            [
              105.85664412171398,
              20.957151099016222
            ],
            [
              105.83763263287906,
              20.964952360742643
            ],
            [
              105.83444209997002,
              20.931845555744065
            ]
          ]
        ]
      }
    },
    {
      "type": "Feature",
      "id": "qhpk_432",
      "properties": {
        "name": "Tổ hợp dịch vụ, trung tâm thương mại TMDV-27-15",
        "district": "Quận Nam Từ Liêm",
        "code": "TMDV",
        "land_use": "Đất thương mại dịch vụ cao tầng, văn phòng, siêu thị, khách sạn.",
        "area_ha": 717.5,
        "density": "45%",
        "height_limit": "5-9 tầng",
        "notes": "Quy hoạch chung xây dựng Thủ đô đến năm 2030 và tầm nhìn đến năm 2050."
      },
      "geometry": {
        "type": "Polygon",
        "coordinates": [
          [
            [
              105.83311281528925,
              20.988104052299015
            ],
            [
              105.83763263287906,
              20.964952360742643
            ],
            [
              105.85664412171398,
              20.957151099016222
            ],
            [
              105.86009381844102,
              20.988229006033794
            ],
            [
              105.83311281528925,
              20.988104052299015
            ]
          ]
        ]
      }
    },
    {
      "type": "Feature",
      "id": "qhpk_433",
      "properties": {
        "name": "Khu dân cư hiện trạng chỉnh trang ODT-27-16",
        "district": "Quận Đống Đa",
        "code": "ODT",
        "land_use": "Đất ở tại đô thị, phục vụ cải tạo chỉnh trang và xây mới nhà ở.",
        "area_ha": 537,
        "density": "55%",
        "height_limit": "3-7 tầng",
        "notes": "Quy hoạch chung xây dựng Thủ đô đến năm 2030 và tầm nhìn đến năm 2050."
      },
      "geometry": {
        "type": "Polygon",
        "coordinates": [
          [
            [
              105.83311281528925,
              20.988104052299015
            ],
            [
              105.86009381844102,
              20.988229006033794
            ],
            [
              105.85555084520361,
              21.010315919406118
            ],
            [
              105.83532569816752,
              21.00517387718705
            ],
            [
              105.83311281528925,
              20.988104052299015
            ]
          ]
        ]
      }
    },
    {
      "type": "Feature",
      "id": "qhpk_434",
      "properties": {
        "name": "Hành lang thoát lũ sông Hồng",
        "district": "Quận Tây Hồ",
        "code": "MN",
        "land_use": "Đất sông suối, kênh rạch và hành lang xanh thoát nước tự nhiên.",
        "area_ha": 722.2,
        "density": "0%",
        "height_limit": "Không cho phép",
        "notes": "Quy hoạch chung xây dựng Thủ đô đến năm 2030 và tầm nhìn đến năm 2050."
      },
      "geometry": {
        "type": "Polygon",
        "coordinates": [
          [
            [
              105.8315422092069,
              21.037189726735974
            ],
            [
              105.83532569816752,
              21.00517387718705
            ],
            [
              105.85555084520361,
              21.010315919406118
            ],
            [
              105.8558421287082,
              21.03433765990175
            ],
            [
              105.8315422092069,
              21.037189726735974
            ]
          ]
        ]
      }
    },
    {
      "type": "Feature",
      "id": "qhpk_435",
      "properties": {
        "name": "Khu dân cư hiện trạng chỉnh trang ODT-27-18",
        "district": "Quận Tây Hồ",
        "code": "ODT",
        "land_use": "Đất ở tại đô thị, phục vụ cải tạo chỉnh trang và xây mới nhà ở.",
        "area_ha": 602.8,
        "density": "55%",
        "height_limit": "3-7 tầng",
        "notes": "Quy hoạch chung xây dựng Thủ đô đến năm 2030 và tầm nhìn đến năm 2050."
      },
      "geometry": {
        "type": "Polygon",
        "coordinates": [
          [
            [
              105.8315422092069,
              21.037189726735974
            ],
            [
              105.8558421287082,
              21.03433765990175
            ],
            [
              105.85761435658965,
              21.0576027953053
            ],
            [
              105.83775393088052,
              21.060249329790363
            ],
            [
              105.8315422092069,
              21.037189726735974
            ]
          ]
        ]
      }
    },
    {
      "type": "Feature",
      "id": "qhpk_436",
      "properties": {
        "name": "Khu dân cư hiện trạng chỉnh trang ODT-27-19",
        "district": "Quận Hoàn Kiếm",
        "code": "ODT",
        "land_use": "Đất ở tại đô thị, phục vụ cải tạo chỉnh trang và xây mới nhà ở.",
        "area_ha": 542,
        "density": "55%",
        "height_limit": "3-7 tầng",
        "notes": "Quy hoạch chung xây dựng Thủ đô đến năm 2030 và tầm nhìn đến năm 2050."
      },
      "geometry": {
        "type": "Polygon",
        "coordinates": [
          [
            [
              105.83775393088052,
              21.060249329790363
            ],
            [
              105.85761435658965,
              21.0576027953053
            ],
            [
              105.85386512354066,
              21.08686191237585
            ],
            [
              105.83869435110928,
              21.084663771901067
            ],
            [
              105.83775393088052,
              21.060249329790363
            ]
          ]
        ]
      }
    },
    {
      "type": "Feature",
      "id": "qhpk_437",
      "properties": {
        "name": "Khu dân cư hiện trạng chỉnh trang ODT-27-20",
        "district": "Quận Nam Từ Liêm",
        "code": "ODT",
        "land_use": "Đất ở tại đô thị, phục vụ cải tạo chỉnh trang và xây mới nhà ở.",
        "area_ha": 664.1,
        "density": "55%",
        "height_limit": "3-7 tầng",
        "notes": "Quy hoạch chung xây dựng Thủ đô đến năm 2030 và tầm nhìn đến năm 2050."
      },
      "geometry": {
        "type": "Polygon",
        "coordinates": [
          [
            [
              105.83227823321933,
              21.116014642712585
            ],
            [
              105.83869435110928,
              21.084663771901067
            ],
            [
              105.85386512354066,
              21.08686191237585
            ],
            [
              105.8548215523544,
              21.116219504993524
            ],
            [
              105.83227823321933,
              21.116014642712585
            ]
          ]
        ]
      }
    },
    {
      "type": "Feature",
      "id": "qhpk_438",
      "properties": {
        "name": "Khu dân cư hiện trạng chỉnh trang ODT-27-21",
        "district": "Quận Tây Hồ",
        "code": "ODT",
        "land_use": "Đất ở tại đô thị, phục vụ cải tạo chỉnh trang và xây mới nhà ở.",
        "area_ha": 452.1,
        "density": "55%",
        "height_limit": "3-7 tầng",
        "notes": "Quy hoạch chung xây dựng Thủ đô đến năm 2030 và tầm nhìn đến năm 2050."
      },
      "geometry": {
        "type": "Polygon",
        "coordinates": [
          [
            [
              105.83227823321933,
              21.116014642712585
            ],
            [
              105.8548215523544,
              21.116219504993524
            ],
            [
              105.85504766938763,
              21.13609880169248
            ],
            [
              105.83677249086253,
              21.134726982824667
            ],
            [
              105.83227823321933,
              21.116014642712585
            ]
          ]
        ]
      }
    },
    {
      "type": "Feature",
      "id": "qhpk_439",
      "properties": {
        "name": "Khu dân cư hiện trạng chỉnh trang ODT-27-22",
        "district": "Huyện Sóc Sơn",
        "code": "ODT",
        "land_use": "Đất ở tại đô thị, phục vụ cải tạo chỉnh trang và xây mới nhà ở.",
        "area_ha": 814,
        "density": "55%",
        "height_limit": "3-7 tầng",
        "notes": "Quy hoạch chung xây dựng Thủ đô đến năm 2030 và tầm nhìn đến năm 2050."
      },
      "geometry": {
        "type": "Polygon",
        "coordinates": [
          [
            [
              105.83143169608373,
              21.165889080942392
            ],
            [
              105.83677249086253,
              21.134726982824667
            ],
            [
              105.85504766938763,
              21.13609880169248
            ],
            [
              105.85983218940518,
              21.165421369729916
            ],
            [
              105.83143169608373,
              21.165889080942392
            ]
          ]
        ]
      }
    },
    {
      "type": "Feature",
      "id": "qhpk_440",
      "properties": {
        "name": "Tổ hợp dịch vụ, trung tâm thương mại TMDV-27-23",
        "district": "Huyện Sóc Sơn",
        "code": "TMDV",
        "land_use": "Đất thương mại dịch vụ cao tầng, văn phòng, siêu thị, khách sạn.",
        "area_ha": 490.6,
        "density": "45%",
        "height_limit": "5-9 tầng",
        "notes": "Quy hoạch chung xây dựng Thủ đô đến năm 2030 và tầm nhìn đến năm 2050."
      },
      "geometry": {
        "type": "Polygon",
        "coordinates": [
          [
            [
              105.83143169608373,
              21.165889080942392
            ],
            [
              105.85983218940518,
              21.165421369729916
            ],
            [
              105.85547216081123,
              21.18650546990253
            ],
            [
              105.8376610943409,
              21.18180751743822
            ],
            [
              105.83143169608373,
              21.165889080942392
            ]
          ]
        ]
      }
    },
    {
      "type": "Feature",
      "id": "qhpk_441",
      "properties": {
        "name": "Khu dân cư hiện trạng chỉnh trang ODT-27-24",
        "district": "Huyện Sóc Sơn",
        "code": "ODT",
        "land_use": "Đất ở tại đô thị, phục vụ cải tạo chỉnh trang và xây mới nhà ở.",
        "area_ha": 517.1,
        "density": "55%",
        "height_limit": "3-7 tầng",
        "notes": "Quy hoạch chung xây dựng Thủ đô đến năm 2030 và tầm nhìn đến năm 2050."
      },
      "geometry": {
        "type": "Polygon",
        "coordinates": [
          [
            [
              105.8376610943409,
              21.18180751743822
            ],
            [
              105.85547216081123,
              21.18650546990253
            ],
            [
              105.8589852845803,
              21.20796663446126
            ],
            [
              105.83916474686629,
              21.20856786995213
            ],
            [
              105.8376610943409,
              21.18180751743822
            ]
          ]
        ]
      }
    },
    {
      "type": "Feature",
      "id": "qhpk_442",
      "properties": {
        "name": "Khu đô thị hỗn hợp cao tầng HHT-27-25",
        "district": "Huyện Sóc Sơn",
        "code": "HHT",
        "land_use": "Đất hỗn hợp đa chức năng kết hợp nhà ở và trung tâm thương mại.",
        "area_ha": 703.2,
        "density": "45%",
        "height_limit": "18-35 tầng",
        "notes": "Quy hoạch chung xây dựng Thủ đô đến năm 2030 và tầm nhìn đến năm 2050."
      },
      "geometry": {
        "type": "Polygon",
        "coordinates": [
          [
            [
              105.8346082197168,
              21.23710806386659
            ],
            [
              105.83916474686629,
              21.20856786995213
            ],
            [
              105.8589852845803,
              21.20796663446126
            ],
            [
              105.85572145983646,
              21.238832635548878
            ],
            [
              105.8346082197168,
              21.23710806386659
            ]
          ]
        ]
      }
    },
    {
      "type": "Feature",
      "id": "qhpk_443",
      "properties": {
        "name": "Khu dân cư hiện trạng chỉnh trang ODT-27-26",
        "district": "Huyện Sóc Sơn",
        "code": "ODT",
        "land_use": "Đất ở tại đô thị, phục vụ cải tạo chỉnh trang và xây mới nhà ở.",
        "area_ha": 631.7,
        "density": "55%",
        "height_limit": "3-7 tầng",
        "notes": "Quy hoạch chung xây dựng Thủ đô đến năm 2030 và tầm nhìn đến năm 2050."
      },
      "geometry": {
        "type": "Polygon",
        "coordinates": [
          [
            [
              105.83380885812176,
              21.25865333361513
            ],
            [
              105.8346082197168,
              21.23710806386659
            ],
            [
              105.85572145983646,
              21.238832635548878
            ],
            [
              105.8572319762996,
              21.266675961493203
            ],
            [
              105.83380885812176,
              21.25865333361513
            ]
          ]
        ]
      }
    },
    {
      "type": "Feature",
      "id": "qhpk_444",
      "properties": {
        "name": "Công viên cây xanh, hồ điều hòa CX-27-27",
        "district": "Huyện Sóc Sơn",
        "code": "CX",
        "land_use": "Đất cây xanh công viên, mặt nước cảnh quan điều hòa khí hậu đô thị.",
        "area_ha": 615.3,
        "density": "45%",
        "height_limit": "5-9 tầng",
        "notes": "Quy hoạch chung xây dựng Thủ đô đến năm 2030 và tầm nhìn đến năm 2050."
      },
      "geometry": {
        "type": "Polygon",
        "coordinates": [
          [
            [
              105.83244573108885,
              21.286304578822975
            ],
            [
              105.83380885812176,
              21.25865333361513
            ],
            [
              105.8572319762996,
              21.266675961493203
            ],
            [
              105.85107972622977,
              21.28806812977254
            ],
            [
              105.83244573108885,
              21.286304578822975
            ]
          ]
        ]
      }
    },
    {
      "type": "Feature",
      "id": "qhpk_445",
      "properties": {
        "name": "Công viên cây xanh, hồ điều hòa CX-27-28",
        "district": "Huyện Sóc Sơn",
        "code": "CX",
        "land_use": "Đất cây xanh công viên, mặt nước cảnh quan điều hòa khí hậu đô thị.",
        "area_ha": 629.3,
        "density": "45%",
        "height_limit": "5-9 tầng",
        "notes": "Quy hoạch chung xây dựng Thủ đô đến năm 2030 và tầm nhìn đến năm 2050."
      },
      "geometry": {
        "type": "Polygon",
        "coordinates": [
          [
            [
              105.83244573108885,
              21.286304578822975
            ],
            [
              105.85107972622977,
              21.28806812977254
            ],
            [
              105.85402029379871,
              21.312451407571043
            ],
            [
              105.83396744277385,
              21.317970605223348
            ],
            [
              105.83244573108885,
              21.286304578822975
            ]
          ]
        ]
      }
    },
    {
      "type": "Feature",
      "id": "qhpk_446",
      "properties": {
        "name": "Tổ hợp dịch vụ, trung tâm thương mại TMDV-27-29",
        "district": "Huyện Sóc Sơn",
        "code": "TMDV",
        "land_use": "Đất thương mại dịch vụ cao tầng, văn phòng, siêu thị, khách sạn.",
        "area_ha": 582.8,
        "density": "45%",
        "height_limit": "5-9 tầng",
        "notes": "Quy hoạch chung xây dựng Thủ đô đến năm 2030 và tầm nhìn đến năm 2050."
      },
      "geometry": {
        "type": "Polygon",
        "coordinates": [
          [
            [
              105.83383619761555,
              21.343332676005474
            ],
            [
              105.83396744277385,
              21.317970605223348
            ],
            [
              105.85402029379871,
              21.312451407571043
            ],
            [
              105.85272462914442,
              21.339416340186805
            ],
            [
              105.83383619761555,
              21.343332676005474
            ]
          ]
        ]
      }
    },
    {
      "type": "Feature",
      "id": "qhpk_447",
      "properties": {
        "name": "Khu hành chính công sở, liên cơ quan HCTH-27-30",
        "district": "Huyện Sóc Sơn",
        "code": "HCTH",
        "land_use": "Đất hành chính công sở, cơ quan đầu não nhà nước địa phương.",
        "area_ha": 552.8,
        "density": "25%",
        "height_limit": "5-9 tầng",
        "notes": "Quy hoạch chung xây dựng Thủ đô đến năm 2030 và tầm nhìn đến năm 2050."
      },
      "geometry": {
        "type": "Polygon",
        "coordinates": [
          [
            [
              105.83221941170228,
              21.369315943534215
            ],
            [
              105.83383619761555,
              21.343332676005474
            ],
            [
              105.85272462914442,
              21.339416340186805
            ],
            [
              105.85432239879212,
              21.347768297692983
            ],
            [
              105.853066,
              21.348332
            ],
            [
              105.852254,
              21.349644
            ],
            [
              105.852621,
              21.350874
            ],
            [
              105.854648,
              21.35245
            ],
            [
              105.851847,
              21.355528
            ],
            [
              105.851699,
              21.357451
            ],
            [
              105.853689,
              21.359417
            ],
            [
              105.85344262238505,
              21.361402336438587
            ],
            [
              105.83221941170228,
              21.369315943534215
            ]
          ]
        ]
      }
    },
    {
      "type": "Feature",
      "id": "qhpk_448",
      "properties": {
        "name": "Cụm công nghiệp tập trung, kho vận CN-27-31",
        "district": "Huyện Sóc Sơn",
        "code": "CN",
        "land_use": "Đất công nghiệp phi nông nghiệp, sản xuất sạch, kho bãi tập trung.",
        "area_ha": 312.9,
        "density": "65%",
        "height_limit": "5-9 tầng",
        "notes": "Quy hoạch chung xây dựng Thủ đô đến năm 2030 và tầm nhìn đến năm 2050."
      },
      "geometry": {
        "type": "Polygon",
        "coordinates": [
          [
            [
              105.83221941170228,
              21.369315943534215
            ],
            [
              105.85344262238505,
              21.361402336438587
            ],
            [
              105.853362,
              21.362052
            ],
            [
              105.854937,
              21.366584
            ],
            [
              105.855606,
              21.367627
            ],
            [
              105.857522,
              21.367896
            ],
            [
              105.85757137282378,
              21.367984669561096
            ],
            [
              105.85832137452434,
              21.374682863989616
            ],
            [
              105.85645,
              21.376005
            ],
            [
              105.851685,
              21.375413
            ],
            [
              105.84882,
              21.377775
            ],
            [
              105.844276,
              21.377069
            ],
            [
              105.839683,
              21.377438
            ],
            [
              105.837214,
              21.376522
            ],
            [
              105.83584,
              21.374139
            ],
            [
              105.833984,
              21.373593
            ],
            [
              105.833948,
              21.372954
            ],
            [
              105.8325737257235,
              21.373194626675755
            ],
            [
              105.83221941170228,
              21.369315943534215
            ]
          ]
        ]
      }
    },
    {
      "type": "Feature",
      "id": "qhpk_449",
      "properties": {
        "name": "Công viên cây xanh, hồ điều hòa CX-28-3",
        "district": "Huyện Mỹ Đức",
        "code": "CX",
        "land_use": "Đất cây xanh công viên, mặt nước cảnh quan điều hòa khí hậu đô thị.",
        "area_ha": 747.4,
        "density": "45%",
        "height_limit": "5-9 tầng",
        "notes": "Quy hoạch chung xây dựng Thủ đô đến năm 2030 và tầm nhìn đến năm 2050."
      },
      "geometry": {
        "type": "Polygon",
        "coordinates": [
          [
            [
              105.85391796251568,
              20.686040081208034
            ],
            [
              105.85518282816112,
              20.655093979078195
            ],
            [
              105.87236932300598,
              20.65448474921705
            ],
            [
              105.8783296368837,
              20.6855347561929
            ],
            [
              105.85391796251568,
              20.686040081208034
            ]
          ]
        ]
      }
    },
    {
      "type": "Feature",
      "id": "qhpk_450",
      "properties": {
        "name": "Tổ hợp dịch vụ, trung tâm thương mại TMDV-28-4",
        "district": "Huyện Mỹ Đức",
        "code": "TMDV",
        "land_use": "Đất thương mại dịch vụ cao tầng, văn phòng, siêu thị, khách sạn.",
        "area_ha": 529.4,
        "density": "45%",
        "height_limit": "5-9 tầng",
        "notes": "Quy hoạch chung xây dựng Thủ đô đến năm 2030 và tầm nhìn đến năm 2050."
      },
      "geometry": {
        "type": "Polygon",
        "coordinates": [
          [
            [
              105.85391796251568,
              20.686040081208034
            ],
            [
              105.8783296368837,
              20.6855347561929
            ],
            [
              105.87975775161601,
              20.704689181231775
            ],
            [
              105.85722388748697,
              20.7057252345397
            ],
            [
              105.85391796251568,
              20.686040081208034
            ]
          ]
        ]
      }
    },
    {
      "type": "Feature",
      "id": "qhpk_451",
      "properties": {
        "name": "Tổ hợp dịch vụ, trung tâm thương mại TMDV-28-5",
        "district": "Huyện Mỹ Đức",
        "code": "TMDV",
        "land_use": "Đất thương mại dịch vụ cao tầng, văn phòng, siêu thị, khách sạn.",
        "area_ha": 656.5,
        "density": "45%",
        "height_limit": "5-9 tầng",
        "notes": "Quy hoạch chung xây dựng Thủ đô đến năm 2030 và tầm nhìn đến năm 2050."
      },
      "geometry": {
        "type": "Polygon",
        "coordinates": [
          [
            [
              105.85543316375632,
              20.73225005354952
            ],
            [
              105.85722388748697,
              20.7057252345397
            ],
            [
              105.87975775161601,
              20.704689181231775
            ],
            [
              105.87495672665334,
              20.732311491841077
            ],
            [
              105.85543316375632,
              20.73225005354952
            ]
          ]
        ]
      }
    },
    {
      "type": "Feature",
      "id": "qhpk_452",
      "properties": {
        "name": "Công viên cây xanh, hồ điều hòa CX-28-6",
        "district": "Huyện Mỹ Đức",
        "code": "CX",
        "land_use": "Đất cây xanh công viên, mặt nước cảnh quan điều hòa khí hậu đô thị.",
        "area_ha": 538.2,
        "density": "45%",
        "height_limit": "5-9 tầng",
        "notes": "Quy hoạch chung xây dựng Thủ đô đến năm 2030 và tầm nhìn đến năm 2050."
      },
      "geometry": {
        "type": "Polygon",
        "coordinates": [
          [
            [
              105.85543316375632,
              20.73225005354952
            ],
            [
              105.87495672665334,
              20.732311491841077
            ],
            [
              105.87433703352153,
              20.757442946613942
            ],
            [
              105.85934390816632,
              20.76074542007425
            ],
            [
              105.85543316375632,
              20.73225005354952
            ]
          ]
        ]
      }
    },
    {
      "type": "Feature",
      "id": "qhpk_453",
      "properties": {
        "name": "Công viên cây xanh, hồ điều hòa CX-28-7",
        "district": "Quận Hai Bà Trưng",
        "code": "CX",
        "land_use": "Đất cây xanh công viên, mặt nước cảnh quan điều hòa khí hậu đô thị.",
        "area_ha": 416.8,
        "density": "45%",
        "height_limit": "5-9 tầng",
        "notes": "Quy hoạch chung xây dựng Thủ đô đến năm 2030 và tầm nhìn đến năm 2050."
      },
      "geometry": {
        "type": "Polygon",
        "coordinates": [
          [
            [
              105.8516539541336,
              20.780706707513712
            ],
            [
              105.85934390816632,
              20.76074542007425
            ],
            [
              105.87433703352153,
              20.757442946613942
            ],
            [
              105.8740486600906,
              20.777456020002248
            ],
            [
              105.8516539541336,
              20.780706707513712
            ]
          ]
        ]
      }
    },
    {
      "type": "Feature",
      "id": "qhpk_454",
      "properties": {
        "name": "Cụm công nghiệp tập trung, kho vận CN-28-8",
        "district": "Quận Long Biên",
        "code": "CN",
        "land_use": "Đất công nghiệp phi nông nghiệp, sản xuất sạch, kho bãi tập trung.",
        "area_ha": 878,
        "density": "65%",
        "height_limit": "5-9 tầng",
        "notes": "Quy hoạch chung xây dựng Thủ đô đến năm 2030 và tầm nhìn đến năm 2050."
      },
      "geometry": {
        "type": "Polygon",
        "coordinates": [
          [
            [
              105.8516539541336,
              20.780706707513712
            ],
            [
              105.8740486600906,
              20.777456020002248
            ],
            [
              105.87711891623783,
              20.812928936135727
            ],
            [
              105.852213919193,
              20.80948710986191
            ],
            [
              105.8516539541336,
              20.780706707513712
            ]
          ]
        ]
      }
    },
    {
      "type": "Feature",
      "id": "qhpk_455",
      "properties": {
        "name": "Cụm công nghiệp tập trung, kho vận CN-28-9",
        "district": "Quận Long Biên",
        "code": "CN",
        "land_use": "Đất công nghiệp phi nông nghiệp, sản xuất sạch, kho bãi tập trung.",
        "area_ha": 524.2,
        "density": "65%",
        "height_limit": "5-9 tầng",
        "notes": "Quy hoạch chung xây dựng Thủ đô đến năm 2030 và tầm nhìn đến năm 2050."
      },
      "geometry": {
        "type": "Polygon",
        "coordinates": [
          [
            [
              105.852213919193,
              20.80948710986191
            ],
            [
              105.87711891623783,
              20.812928936135727
            ],
            [
              105.87904218452634,
              20.828836089063802
            ],
            [
              105.85528421541672,
              20.83099340413651
            ],
            [
              105.852213919193,
              20.80948710986191
            ]
          ]
        ]
      }
    },
    {
      "type": "Feature",
      "id": "qhpk_456",
      "properties": {
        "name": "Khu đô thị hỗn hợp cao tầng HHT-28-10",
        "district": "Quận Cầu Giấy",
        "code": "HHT",
        "land_use": "Đất hỗn hợp đa chức năng kết hợp nhà ở và trung tâm thương mại.",
        "area_ha": 901.9,
        "density": "45%",
        "height_limit": "18-35 tầng",
        "notes": "Quy hoạch chung xây dựng Thủ đô đến năm 2030 và tầm nhìn đến năm 2050."
      },
      "geometry": {
        "type": "Polygon",
        "coordinates": [
          [
            [
              105.85276286903009,
              20.861807044328245
            ],
            [
              105.85528421541672,
              20.83099340413651
            ],
            [
              105.87904218452634,
              20.828836089063802
            ],
            [
              105.87890896054473,
              20.860753234968143
            ],
            [
              105.85276286903009,
              20.861807044328245
            ]
          ]
        ]
      }
    },
    {
      "type": "Feature",
      "id": "qhpk_457",
      "properties": {
        "name": "Tổ hợp dịch vụ, trung tâm thương mại TMDV-28-11",
        "district": "Quận Hoàn Kiếm",
        "code": "TMDV",
        "land_use": "Đất thương mại dịch vụ cao tầng, văn phòng, siêu thị, khách sạn.",
        "area_ha": 515.5,
        "density": "45%",
        "height_limit": "5-9 tầng",
        "notes": "Quy hoạch chung xây dựng Thủ đô đến năm 2030 và tầm nhìn đến năm 2050."
      },
      "geometry": {
        "type": "Polygon",
        "coordinates": [
          [
            [
              105.85276286903009,
              20.861807044328245
            ],
            [
              105.87890896054473,
              20.860753234968143
            ],
            [
              105.87450316033684,
              20.878193901444238
            ],
            [
              105.85393809356422,
              20.882977326709653
            ],
            [
              105.85276286903009,
              20.861807044328245
            ]
          ]
        ]
      }
    },
    {
      "type": "Feature",
      "id": "qhpk_458",
      "properties": {
        "name": "Cụm công nghiệp tập trung, kho vận CN-28-12",
        "district": "Quận Nam Từ Liêm",
        "code": "CN",
        "land_use": "Đất công nghiệp phi nông nghiệp, sản xuất sạch, kho bãi tập trung.",
        "area_ha": 730.7,
        "density": "65%",
        "height_limit": "5-9 tầng",
        "notes": "Quy hoạch chung xây dựng Thủ đô đến năm 2030 và tầm nhìn đến năm 2050."
      },
      "geometry": {
        "type": "Polygon",
        "coordinates": [
          [
            [
              105.85393809356422,
              20.882977326709653
            ],
            [
              105.87450316033684,
              20.878193901444238
            ],
            [
              105.88038276825169,
              20.90797431461586
            ],
            [
              105.85765137284137,
              20.910104562450258
            ],
            [
              105.85393809356422,
              20.882977326709653
            ]
          ]
        ]
      }
    },
    {
      "type": "Feature",
      "id": "qhpk_459",
      "properties": {
        "name": "Tổ hợp dịch vụ, trung tâm thương mại TMDV-28-13",
        "district": "Quận Cầu Giấy",
        "code": "TMDV",
        "land_use": "Đất thương mại dịch vụ cao tầng, văn phòng, siêu thị, khách sạn.",
        "area_ha": 715.6,
        "density": "45%",
        "height_limit": "5-9 tầng",
        "notes": "Quy hoạch chung xây dựng Thủ đô đến năm 2030 và tầm nhìn đến năm 2050."
      },
      "geometry": {
        "type": "Polygon",
        "coordinates": [
          [
            [
              105.85259926782798,
              20.936362545913926
            ],
            [
              105.85765137284137,
              20.910104562450258
            ],
            [
              105.88038276825169,
              20.90797431461586
            ],
            [
              105.88065692439385,
              20.93120075012736
            ],
            [
              105.85259926782798,
              20.936362545913926
            ]
          ]
        ]
      }
    },
    {
      "type": "Feature",
      "id": "qhpk_460",
      "properties": {
        "name": "Tổ hợp dịch vụ, trung tâm thương mại TMDV-28-14",
        "district": "Quận Tây Hồ",
        "code": "TMDV",
        "land_use": "Đất thương mại dịch vụ cao tầng, văn phòng, siêu thị, khách sạn.",
        "area_ha": 634.2,
        "density": "45%",
        "height_limit": "5-9 tầng",
        "notes": "Quy hoạch chung xây dựng Thủ đô đến năm 2030 và tầm nhìn đến năm 2050."
      },
      "geometry": {
        "type": "Polygon",
        "coordinates": [
          [
            [
              105.85259926782798,
              20.936362545913926
            ],
            [
              105.88065692439385,
              20.93120075012736
            ],
            [
              105.87771698616181,
              20.954960693191133
            ],
            [
              105.85664412171398,
              20.957151099016222
            ],
            [
              105.85259926782798,
              20.936362545913926
            ]
          ]
        ]
      }
    },
    {
      "type": "Feature",
      "id": "qhpk_461",
      "properties": {
        "name": "Khu dân cư hiện trạng chỉnh trang ODT-28-15",
        "district": "Quận Cầu Giấy",
        "code": "ODT",
        "land_use": "Đất ở tại đô thị, phục vụ cải tạo chỉnh trang và xây mới nhà ở.",
        "area_ha": 695.7,
        "density": "55%",
        "height_limit": "3-7 tầng",
        "notes": "Quy hoạch chung xây dựng Thủ đô đến năm 2030 và tầm nhìn đến năm 2050."
      },
      "geometry": {
        "type": "Polygon",
        "coordinates": [
          [
            [
              105.85664412171398,
              20.957151099016222
            ],
            [
              105.87771698616181,
              20.954960693191133
            ],
            [
              105.87649881349809,
              20.98805418307626
            ],
            [
              105.86009381844102,
              20.988229006033794
            ],
            [
              105.85664412171398,
              20.957151099016222
            ]
          ]
        ]
      }
    },
    {
      "type": "Feature",
      "id": "qhpk_462",
      "properties": {
        "name": "Hành lang thoát lũ sông Hồng",
        "district": "Quận Hai Bà Trưng",
        "code": "MN",
        "land_use": "Đất sông suối, kênh rạch và hành lang xanh thoát nước tự nhiên.",
        "area_ha": 517.2,
        "density": "0%",
        "height_limit": "Không cho phép",
        "notes": "Quy hoạch chung xây dựng Thủ đô đến năm 2030 và tầm nhìn đến năm 2050."
      },
      "geometry": {
        "type": "Polygon",
        "coordinates": [
          [
            [
              105.85555084520361,
              21.010315919406118
            ],
            [
              105.86009381844102,
              20.988229006033794
            ],
            [
              105.87649881349809,
              20.98805418307626
            ],
            [
              105.87938382073322,
              21.010507190619613
            ],
            [
              105.85555084520361,
              21.010315919406118
            ]
          ]
        ]
      }
    },
    {
      "type": "Feature",
      "id": "qhpk_463",
      "properties": {
        "name": "Khu dân cư hiện trạng chỉnh trang ODT-28-17",
        "district": "Quận Cầu Giấy",
        "code": "ODT",
        "land_use": "Đất ở tại đô thị, phục vụ cải tạo chỉnh trang và xây mới nhà ở.",
        "area_ha": 618,
        "density": "55%",
        "height_limit": "3-7 tầng",
        "notes": "Quy hoạch chung xây dựng Thủ đô đến năm 2030 và tầm nhìn đến năm 2050."
      },
      "geometry": {
        "type": "Polygon",
        "coordinates": [
          [
            [
              105.85555084520361,
              21.010315919406118
            ],
            [
              105.87938382073322,
              21.010507190619613
            ],
            [
              105.87647459259645,
              21.03462418235273
            ],
            [
              105.8558421287082,
              21.03433765990175
            ],
            [
              105.85555084520361,
              21.010315919406118
            ]
          ]
        ]
      }
    },
    {
      "type": "Feature",
      "id": "qhpk_464",
      "properties": {
        "name": "Khu đô thị hỗn hợp cao tầng HHT-28-18",
        "district": "Quận Cầu Giấy",
        "code": "HHT",
        "land_use": "Đất hỗn hợp đa chức năng kết hợp nhà ở và trung tâm thương mại.",
        "area_ha": 545,
        "density": "45%",
        "height_limit": "18-35 tầng",
        "notes": "Quy hoạch chung xây dựng Thủ đô đến năm 2030 và tầm nhìn đến năm 2050."
      },
      "geometry": {
        "type": "Polygon",
        "coordinates": [
          [
            [
              105.8558421287082,
              21.03433765990175
            ],
            [
              105.87647459259645,
              21.03462418235273
            ],
            [
              105.8772773120409,
              21.058300464812497
            ],
            [
              105.85761435658965,
              21.0576027953053
            ],
            [
              105.8558421287082,
              21.03433765990175
            ]
          ]
        ]
      }
    },
    {
      "type": "Feature",
      "id": "qhpk_465",
      "properties": {
        "name": "Cụm công nghiệp tập trung, kho vận CN-28-19",
        "district": "Quận Nam Từ Liêm",
        "code": "CN",
        "land_use": "Đất công nghiệp phi nông nghiệp, sản xuất sạch, kho bãi tập trung.",
        "area_ha": 632,
        "density": "65%",
        "height_limit": "5-9 tầng",
        "notes": "Quy hoạch chung xây dựng Thủ đô đến năm 2030 và tầm nhìn đến năm 2050."
      },
      "geometry": {
        "type": "Polygon",
        "coordinates": [
          [
            [
              105.85386512354066,
              21.08686191237585
            ],
            [
              105.85761435658965,
              21.0576027953053
            ],
            [
              105.8772773120409,
              21.058300464812497
            ],
            [
              105.87516557281883,
              21.0829833287993
            ],
            [
              105.85386512354066,
              21.08686191237585
            ]
          ]
        ]
      }
    },
    {
      "type": "Feature",
      "id": "qhpk_466",
      "properties": {
        "name": "Tổ hợp dịch vụ, trung tâm thương mại TMDV-28-20",
        "district": "Quận Long Biên",
        "code": "TMDV",
        "land_use": "Đất thương mại dịch vụ cao tầng, văn phòng, siêu thị, khách sạn.",
        "area_ha": 634.7,
        "density": "45%",
        "height_limit": "5-9 tầng",
        "notes": "Quy hoạch chung xây dựng Thủ đô đến năm 2030 và tầm nhìn đến năm 2050."
      },
      "geometry": {
        "type": "Polygon",
        "coordinates": [
          [
            [
              105.85386512354066,
              21.08686191237585
            ],
            [
              105.87516557281883,
              21.0829833287993
            ],
            [
              105.87244527947567,
              21.110602353046907
            ],
            [
              105.8548215523544,
              21.116219504993524
            ],
            [
              105.85386512354066,
              21.08686191237585
            ]
          ]
        ]
      }
    },
    {
      "type": "Feature",
      "id": "qhpk_467",
      "properties": {
        "name": "Công viên cây xanh, hồ điều hòa CX-28-21",
        "district": "Quận Hoàn Kiếm",
        "code": "CX",
        "land_use": "Đất cây xanh công viên, mặt nước cảnh quan điều hòa khí hậu đô thị.",
        "area_ha": 445.2,
        "density": "45%",
        "height_limit": "5-9 tầng",
        "notes": "Quy hoạch chung xây dựng Thủ đô đến năm 2030 và tầm nhìn đến năm 2050."
      },
      "geometry": {
        "type": "Polygon",
        "coordinates": [
          [
            [
              105.8548215523544,
              21.116219504993524
            ],
            [
              105.87244527947567,
              21.110602353046907
            ],
            [
              105.87432549125698,
              21.132013004782692
            ],
            [
              105.85504766938763,
              21.13609880169248
            ],
            [
              105.8548215523544,
              21.116219504993524
            ]
          ]
        ]
      }
    },
    {
      "type": "Feature",
      "id": "qhpk_468",
      "properties": {
        "name": "Khu hành chính công sở, liên cơ quan HCTH-28-22",
        "district": "Huyện Sóc Sơn",
        "code": "HCTH",
        "land_use": "Đất hành chính công sở, cơ quan đầu não nhà nước địa phương.",
        "area_ha": 705.7,
        "density": "25%",
        "height_limit": "5-9 tầng",
        "notes": "Quy hoạch chung xây dựng Thủ đô đến năm 2030 và tầm nhìn đến năm 2050."
      },
      "geometry": {
        "type": "Polygon",
        "coordinates": [
          [
            [
              105.85504766938763,
              21.13609880169248
            ],
            [
              105.87432549125698,
              21.132013004782692
            ],
            [
              105.87804986885114,
              21.16753087254723
            ],
            [
              105.85983218940518,
              21.165421369729916
            ],
            [
              105.85504766938763,
              21.13609880169248
            ]
          ]
        ]
      }
    },
    {
      "type": "Feature",
      "id": "qhpk_469",
      "properties": {
        "name": "Công viên cây xanh, hồ điều hòa CX-28-23",
        "district": "Huyện Sóc Sơn",
        "code": "CX",
        "land_use": "Đất cây xanh công viên, mặt nước cảnh quan điều hòa khí hậu đô thị.",
        "area_ha": 485.2,
        "density": "45%",
        "height_limit": "5-9 tầng",
        "notes": "Quy hoạch chung xây dựng Thủ đô đến năm 2030 và tầm nhìn đến năm 2050."
      },
      "geometry": {
        "type": "Polygon",
        "coordinates": [
          [
            [
              105.85547216081123,
              21.18650546990253
            ],
            [
              105.85983218940518,
              21.165421369729916
            ],
            [
              105.87804986885114,
              21.16753087254723
            ],
            [
              105.87531234212152,
              21.18969310533503
            ],
            [
              105.85547216081123,
              21.18650546990253
            ]
          ]
        ]
      }
    },
    {
      "type": "Feature",
      "id": "qhpk_470",
      "properties": {
        "name": "Khu đô thị hỗn hợp cao tầng HHT-28-24",
        "district": "Huyện Sóc Sơn",
        "code": "HHT",
        "land_use": "Đất hỗn hợp đa chức năng kết hợp nhà ở và trung tâm thương mại.",
        "area_ha": 406.7,
        "density": "45%",
        "height_limit": "18-35 tầng",
        "notes": "Quy hoạch chung xây dựng Thủ đô đến năm 2030 và tầm nhìn đến năm 2050."
      },
      "geometry": {
        "type": "Polygon",
        "coordinates": [
          [
            [
              105.85547216081123,
              21.18650546990253
            ],
            [
              105.87531234212152,
              21.18969310533503
            ],
            [
              105.87268301345709,
              21.21046494373978
            ],
            [
              105.8589852845803,
              21.20796663446126
            ],
            [
              105.85547216081123,
              21.18650546990253
            ]
          ]
        ]
      }
    },
    {
      "type": "Feature",
      "id": "qhpk_471",
      "properties": {
        "name": "Khu đô thị hỗn hợp cao tầng HHT-28-25",
        "district": "Huyện Sóc Sơn",
        "code": "HHT",
        "land_use": "Đất hỗn hợp đa chức năng kết hợp nhà ở và trung tâm thương mại.",
        "area_ha": 578.3,
        "density": "45%",
        "height_limit": "18-35 tầng",
        "notes": "Quy hoạch chung xây dựng Thủ đô đến năm 2030 và tầm nhìn đến năm 2050."
      },
      "geometry": {
        "type": "Polygon",
        "coordinates": [
          [
            [
              105.85572145983646,
              21.238832635548878
            ],
            [
              105.8589852845803,
              21.20796663446126
            ],
            [
              105.87268301345709,
              21.21046494373978
            ],
            [
              105.87622595464961,
              21.238293749487035
            ],
            [
              105.85572145983646,
              21.238832635548878
            ]
          ]
        ]
      }
    },
    {
      "type": "Feature",
      "id": "qhpk_472",
      "properties": {
        "name": "Khu dân cư hiện trạng chỉnh trang ODT-28-26",
        "district": "Huyện Sóc Sơn",
        "code": "ODT",
        "land_use": "Đất ở tại đô thị, phục vụ cải tạo chỉnh trang và xây mới nhà ở.",
        "area_ha": 538.8,
        "density": "55%",
        "height_limit": "3-7 tầng",
        "notes": "Quy hoạch chung xây dựng Thủ đô đến năm 2030 và tầm nhìn đến năm 2050."
      },
      "geometry": {
        "type": "Polygon",
        "coordinates": [
          [
            [
              105.85572145983646,
              21.238832635548878
            ],
            [
              105.87622595464961,
              21.238293749487035
            ],
            [
              105.87422728500054,
              21.26041383679612
            ],
            [
              105.8572319762996,
              21.266675961493203
            ],
            [
              105.85572145983646,
              21.238832635548878
            ]
          ]
        ]
      }
    },
    {
      "type": "Feature",
      "id": "qhpk_473",
      "properties": {
        "name": "Tổ hợp dịch vụ, trung tâm thương mại TMDV-28-27",
        "district": "Huyện Sóc Sơn",
        "code": "TMDV",
        "land_use": "Đất thương mại dịch vụ cao tầng, văn phòng, siêu thị, khách sạn.",
        "area_ha": 548.6,
        "density": "45%",
        "height_limit": "5-9 tầng",
        "notes": "Quy hoạch chung xây dựng Thủ đô đến năm 2030 và tầm nhìn đến năm 2050."
      },
      "geometry": {
        "type": "Polygon",
        "coordinates": [
          [
            [
              105.85107972622977,
              21.28806812977254
            ],
            [
              105.8572319762996,
              21.266675961493203
            ],
            [
              105.87422728500054,
              21.26041383679612
            ],
            [
              105.87325677691284,
              21.28867134201532
            ],
            [
              105.85107972622977,
              21.28806812977254
            ]
          ]
        ]
      }
    },
    {
      "type": "Feature",
      "id": "qhpk_474",
      "properties": {
        "name": "Tổ hợp dịch vụ, trung tâm thương mại TMDV-28-28",
        "district": "Huyện Sóc Sơn",
        "code": "TMDV",
        "land_use": "Đất thương mại dịch vụ cao tầng, văn phòng, siêu thị, khách sạn.",
        "area_ha": 530.6,
        "density": "45%",
        "height_limit": "5-9 tầng",
        "notes": "Quy hoạch chung xây dựng Thủ đô đến năm 2030 và tầm nhìn đến năm 2050."
      },
      "geometry": {
        "type": "Polygon",
        "coordinates": [
          [
            [
              105.85107972622977,
              21.28806812977254
            ],
            [
              105.87325677691284,
              21.28867134201532
            ],
            [
              105.87233914271094,
              21.309672417311102
            ],
            [
              105.85402029379871,
              21.312451407571043
            ],
            [
              105.85107972622977,
              21.28806812977254
            ]
          ]
        ]
      }
    },
    {
      "type": "Feature",
      "id": "qhpk_475",
      "properties": {
        "name": "Khu dân cư hiện trạng chỉnh trang ODT-28-29",
        "district": "Huyện Sóc Sơn",
        "code": "ODT",
        "land_use": "Đất ở tại đô thị, phục vụ cải tạo chỉnh trang và xây mới nhà ở.",
        "area_ha": 536.5,
        "density": "55%",
        "height_limit": "3-7 tầng",
        "notes": "Quy hoạch chung xây dựng Thủ đô đến năm 2030 và tầm nhìn đến năm 2050."
      },
      "geometry": {
        "type": "Polygon",
        "coordinates": [
          [
            [
              105.85272462914442,
              21.339416340186805
            ],
            [
              105.85402029379871,
              21.312451407571043
            ],
            [
              105.87233914271094,
              21.309672417311102
            ],
            [
              105.87375052387475,
              21.328669171277813
            ],
            [
              105.87168,
              21.329564
            ],
            [
              105.870493,
              21.329337
            ],
            [
              105.868363,
              21.32699
            ],
            [
              105.866819,
              21.328232
            ],
            [
              105.865708,
              21.333557
            ],
            [
              105.863206,
              21.336402
            ],
            [
              105.86309,
              21.337574
            ],
            [
              105.862104,
              21.338239
            ],
            [
              105.858583,
              21.338237
            ],
            [
              105.8571818656364,
              21.34044249853949
            ],
            [
              105.85272462914442,
              21.339416340186805
            ]
          ]
        ]
      }
    },
    {
      "type": "Feature",
      "id": "qhpk_476",
      "properties": {
        "name": "Tổ hợp dịch vụ, trung tâm thương mại TMDV-29-3",
        "district": "Huyện Mỹ Đức",
        "code": "TMDV",
        "land_use": "Đất thương mại dịch vụ cao tầng, văn phòng, siêu thị, khách sạn.",
        "area_ha": 643.1,
        "density": "45%",
        "height_limit": "5-9 tầng",
        "notes": "Quy hoạch chung xây dựng Thủ đô đến năm 2030 và tầm nhìn đến năm 2050."
      },
      "geometry": {
        "type": "Polygon",
        "coordinates": [
          [
            [
              105.87236932300598,
              20.65448474921705
            ],
            [
              105.89607633306164,
              20.66080245322239
            ],
            [
              105.895839,
              20.66607
            ],
            [
              105.896458,
              20.668822
            ],
            [
              105.898952,
              20.66815
            ],
            [
              105.89904046901142,
              20.66807544328762
            ],
            [
              105.89961277394946,
              20.678993162277067
            ],
            [
              105.8783296368837,
              20.6855347561929
            ],
            [
              105.87236932300598,
              20.65448474921705
            ]
          ]
        ]
      }
    },
    {
      "type": "Feature",
      "id": "qhpk_477",
      "properties": {
        "name": "Tổ hợp dịch vụ, trung tâm thương mại TMDV-29-4",
        "district": "Huyện Mỹ Đức",
        "code": "TMDV",
        "land_use": "Đất thương mại dịch vụ cao tầng, văn phòng, siêu thị, khách sạn.",
        "area_ha": 436.7,
        "density": "45%",
        "height_limit": "5-9 tầng",
        "notes": "Quy hoạch chung xây dựng Thủ đô đến năm 2030 và tầm nhìn đến năm 2050."
      },
      "geometry": {
        "type": "Polygon",
        "coordinates": [
          [
            [
              105.8783296368837,
              20.6855347561929
            ],
            [
              105.89961277394946,
              20.678993162277067
            ],
            [
              105.89262594195297,
              20.705066066673222
            ],
            [
              105.87975775161601,
              20.704689181231775
            ],
            [
              105.8783296368837,
              20.6855347561929
            ]
          ]
        ]
      }
    },
    {
      "type": "Feature",
      "id": "qhpk_478",
      "properties": {
        "name": "Cụm công nghiệp tập trung, kho vận CN-29-5",
        "district": "Huyện Mỹ Đức",
        "code": "CN",
        "land_use": "Đất công nghiệp phi nông nghiệp, sản xuất sạch, kho bãi tập trung.",
        "area_ha": 539.2,
        "density": "65%",
        "height_limit": "5-9 tầng",
        "notes": "Quy hoạch chung xây dựng Thủ đô đến năm 2030 và tầm nhìn đến năm 2050."
      },
      "geometry": {
        "type": "Polygon",
        "coordinates": [
          [
            [
              105.87495672665334,
              20.732311491841077
            ],
            [
              105.87975775161601,
              20.704689181231775
            ],
            [
              105.89262594195297,
              20.705066066673222
            ],
            [
              105.89882772373703,
              20.72805386868873
            ],
            [
              105.87495672665334,
              20.732311491841077
            ]
          ]
        ]
      }
    },
    {
      "type": "Feature",
      "id": "qhpk_479",
      "properties": {
        "name": "Công viên cây xanh, hồ điều hòa CX-29-6",
        "district": "Huyện Mỹ Đức",
        "code": "CX",
        "land_use": "Đất cây xanh công viên, mặt nước cảnh quan điều hòa khí hậu đô thị.",
        "area_ha": 707.1,
        "density": "45%",
        "height_limit": "5-9 tầng",
        "notes": "Quy hoạch chung xây dựng Thủ đô đến năm 2030 và tầm nhìn đến năm 2050."
      },
      "geometry": {
        "type": "Polygon",
        "coordinates": [
          [
            [
              105.87433703352153,
              20.757442946613942
            ],
            [
              105.87495672665334,
              20.732311491841077
            ],
            [
              105.89882772373703,
              20.72805386868873
            ],
            [
              105.8930958074543,
              20.76048499763941
            ],
            [
              105.87433703352153,
              20.757442946613942
            ]
          ]
        ]
      }
    },
    {
      "type": "Feature",
      "id": "qhpk_480",
      "properties": {
        "name": "Khu đô thị hỗn hợp cao tầng HHT-29-7",
        "district": "Quận Long Biên",
        "code": "HHT",
        "land_use": "Đất hỗn hợp đa chức năng kết hợp nhà ở và trung tâm thương mại.",
        "area_ha": 443.6,
        "density": "45%",
        "height_limit": "18-35 tầng",
        "notes": "Quy hoạch chung xây dựng Thủ đô đến năm 2030 và tầm nhìn đến năm 2050."
      },
      "geometry": {
        "type": "Polygon",
        "coordinates": [
          [
            [
              105.8740486600906,
              20.777456020002248
            ],
            [
              105.87433703352153,
              20.757442946613942
            ],
            [
              105.8930958074543,
              20.76048499763941
            ],
            [
              105.89617349661113,
              20.77827661756537
            ],
            [
              105.8740486600906,
              20.777456020002248
            ]
          ]
        ]
      }
    },
    {
      "type": "Feature",
      "id": "qhpk_481",
      "properties": {
        "name": "Khu đô thị hỗn hợp cao tầng HHT-29-8",
        "district": "Quận Long Biên",
        "code": "HHT",
        "land_use": "Đất hỗn hợp đa chức năng kết hợp nhà ở và trung tâm thương mại.",
        "area_ha": 815.2,
        "density": "45%",
        "height_limit": "18-35 tầng",
        "notes": "Quy hoạch chung xây dựng Thủ đô đến năm 2030 và tầm nhìn đến năm 2050."
      },
      "geometry": {
        "type": "Polygon",
        "coordinates": [
          [
            [
              105.8740486600906,
              20.777456020002248
            ],
            [
              105.89617349661113,
              20.77827661756537
            ],
            [
              105.89791464022625,
              20.808081973070045
            ],
            [
              105.87711891623783,
              20.812928936135727
            ],
            [
              105.8740486600906,
              20.777456020002248
            ]
          ]
        ]
      }
    },
    {
      "type": "Feature",
      "id": "qhpk_482",
      "properties": {
        "name": "Cụm công nghiệp tập trung, kho vận CN-29-9",
        "district": "Quận Long Biên",
        "code": "CN",
        "land_use": "Đất công nghiệp phi nông nghiệp, sản xuất sạch, kho bãi tập trung.",
        "area_ha": 454.1,
        "density": "65%",
        "height_limit": "5-9 tầng",
        "notes": "Quy hoạch chung xây dựng Thủ đô đến năm 2030 và tầm nhìn đến năm 2050."
      },
      "geometry": {
        "type": "Polygon",
        "coordinates": [
          [
            [
              105.87711891623783,
              20.812928936135727
            ],
            [
              105.89791464022625,
              20.808081973070045
            ],
            [
              105.89762039819128,
              20.832027502231224
            ],
            [
              105.87904218452634,
              20.828836089063802
            ],
            [
              105.87711891623783,
              20.812928936135727
            ]
          ]
        ]
      }
    },
    {
      "type": "Feature",
      "id": "qhpk_483",
      "properties": {
        "name": "Khu hành chính công sở, liên cơ quan HCTH-29-10",
        "district": "Quận Long Biên",
        "code": "HCTH",
        "land_use": "Đất hành chính công sở, cơ quan đầu não nhà nước địa phương.",
        "area_ha": 521.5,
        "density": "25%",
        "height_limit": "5-9 tầng",
        "notes": "Quy hoạch chung xây dựng Thủ đô đến năm 2030 và tầm nhìn đến năm 2050."
      },
      "geometry": {
        "type": "Polygon",
        "coordinates": [
          [
            [
              105.87890896054473,
              20.860753234968143
            ],
            [
              105.87904218452634,
              20.828836089063802
            ],
            [
              105.89762039819128,
              20.832027502231224
            ],
            [
              105.89339522008869,
              20.85504184807908
            ],
            [
              105.87890896054473,
              20.860753234968143
            ]
          ]
        ]
      }
    },
    {
      "type": "Feature",
      "id": "qhpk_484",
      "properties": {
        "name": "Khu đô thị hỗn hợp cao tầng HHT-29-11",
        "district": "Quận Long Biên",
        "code": "HHT",
        "land_use": "Đất hỗn hợp đa chức năng kết hợp nhà ở và trung tâm thương mại.",
        "area_ha": 533.1,
        "density": "45%",
        "height_limit": "18-35 tầng",
        "notes": "Quy hoạch chung xây dựng Thủ đô đến năm 2030 và tầm nhìn đến năm 2050."
      },
      "geometry": {
        "type": "Polygon",
        "coordinates": [
          [
            [
              105.87450316033684,
              20.878193901444238
            ],
            [
              105.87890896054473,
              20.860753234968143
            ],
            [
              105.89339522008869,
              20.85504184807908
            ],
            [
              105.90021282627411,
              20.883493526743703
            ],
            [
              105.87450316033684,
              20.878193901444238
            ]
          ]
        ]
      }
    },
    {
      "type": "Feature",
      "id": "qhpk_485",
      "properties": {
        "name": "Cụm công nghiệp tập trung, kho vận CN-29-12",
        "district": "Quận Long Biên",
        "code": "CN",
        "land_use": "Đất công nghiệp phi nông nghiệp, sản xuất sạch, kho bãi tập trung.",
        "area_ha": 666,
        "density": "65%",
        "height_limit": "5-9 tầng",
        "notes": "Quy hoạch chung xây dựng Thủ đô đến năm 2030 và tầm nhìn đến năm 2050."
      },
      "geometry": {
        "type": "Polygon",
        "coordinates": [
          [
            [
              105.87450316033684,
              20.878193901444238
            ],
            [
              105.90021282627411,
              20.883493526743703
            ],
            [
              105.90019941024195,
              20.890231271404847
            ],
            [
              105.898582,
              20.890938
            ],
            [
              105.89467,
              20.893983
            ],
            [
              105.893511,
              20.897262
            ],
            [
              105.894063,
              20.899805
            ],
            [
              105.896153,
              20.902426
            ],
            [
              105.90016831418829,
              20.905848203983993
            ],
            [
              105.90015702652185,
              20.91151704954121
            ],
            [
              105.88038276825169,
              20.90797431461586
            ],
            [
              105.87450316033684,
              20.878193901444238
            ]
          ]
        ]
      }
    },
    {
      "type": "Feature",
      "id": "qhpk_486",
      "properties": {
        "name": "Khu dân cư hiện trạng chỉnh trang ODT-29-13",
        "district": "Quận Long Biên",
        "code": "ODT",
        "land_use": "Đất ở tại đô thị, phục vụ cải tạo chỉnh trang và xây mới nhà ở.",
        "area_ha": 503.4,
        "density": "55%",
        "height_limit": "3-7 tầng",
        "notes": "Quy hoạch chung xây dựng Thủ đô đến năm 2030 và tầm nhìn đến năm 2050."
      },
      "geometry": {
        "type": "Polygon",
        "coordinates": [
          [
            [
              105.88038276825169,
              20.90797431461586
            ],
            [
              105.90015702652185,
              20.91151704954121
            ],
            [
              105.89629201713973,
              20.93661976739151
            ],
            [
              105.88065692439385,
              20.93120075012736
            ],
            [
              105.88038276825169,
              20.90797431461586
            ]
          ]
        ]
      }
    },
    {
      "type": "Feature",
      "id": "qhpk_487",
      "properties": {
        "name": "Khu dân cư hiện trạng chỉnh trang ODT-29-14",
        "district": "Quận Long Biên",
        "code": "ODT",
        "land_use": "Đất ở tại đô thị, phục vụ cải tạo chỉnh trang và xây mới nhà ở.",
        "area_ha": 414.4,
        "density": "55%",
        "height_limit": "3-7 tầng",
        "notes": "Quy hoạch chung xây dựng Thủ đô đến năm 2030 và tầm nhìn đến năm 2050."
      },
      "geometry": {
        "type": "Polygon",
        "coordinates": [
          [
            [
              105.87771698616181,
              20.954960693191133
            ],
            [
              105.88065692439385,
              20.93120075012736
            ],
            [
              105.89629201713973,
              20.93661976739151
            ],
            [
              105.89455146641185,
              20.95611786767513
            ],
            [
              105.87771698616181,
              20.954960693191133
            ]
          ]
        ]
      }
    },
    {
      "type": "Feature",
      "id": "qhpk_488",
      "properties": {
        "name": "Hành lang thoát lũ sông Hồng",
        "district": "Quận Long Biên",
        "code": "MN",
        "land_use": "Đất sông suối, kênh rạch và hành lang xanh thoát nước tự nhiên.",
        "area_ha": 611.4,
        "density": "0%",
        "height_limit": "Không cho phép",
        "notes": "Quy hoạch chung xây dựng Thủ đô đến năm 2030 và tầm nhìn đến năm 2050."
      },
      "geometry": {
        "type": "Polygon",
        "coordinates": [
          [
            [
              105.87649881349809,
              20.98805418307626
            ],
            [
              105.87771698616181,
              20.954960693191133
            ],
            [
              105.89455146641185,
              20.95611786767513
            ],
            [
              105.89359616520497,
              20.98553431919112
            ],
            [
              105.87649881349809,
              20.98805418307626
            ]
          ]
        ]
      }
    },
    {
      "type": "Feature",
      "id": "qhpk_489",
      "properties": {
        "name": "Công viên cây xanh, hồ điều hòa CX-29-16",
        "district": "Quận Long Biên",
        "code": "CX",
        "land_use": "Đất cây xanh công viên, mặt nước cảnh quan điều hòa khí hậu đô thị.",
        "area_ha": 432.4,
        "density": "45%",
        "height_limit": "5-9 tầng",
        "notes": "Quy hoạch chung xây dựng Thủ đô đến năm 2030 và tầm nhìn đến năm 2050."
      },
      "geometry": {
        "type": "Polygon",
        "coordinates": [
          [
            [
              105.87649881349809,
              20.98805418307626
            ],
            [
              105.89359616520497,
              20.98553431919112
            ],
            [
              105.89418036970231,
              21.00969993813353
            ],
            [
              105.87938382073322,
              21.010507190619613
            ],
            [
              105.87649881349809,
              20.98805418307626
            ]
          ]
        ]
      }
    },
    {
      "type": "Feature",
      "id": "qhpk_490",
      "properties": {
        "name": "Tổ hợp dịch vụ, trung tâm thương mại TMDV-29-17",
        "district": "Quận Long Biên",
        "code": "TMDV",
        "land_use": "Đất thương mại dịch vụ cao tầng, văn phòng, siêu thị, khách sạn.",
        "area_ha": 512.3,
        "density": "45%",
        "height_limit": "5-9 tầng",
        "notes": "Quy hoạch chung xây dựng Thủ đô đến năm 2030 và tầm nhìn đến năm 2050."
      },
      "geometry": {
        "type": "Polygon",
        "coordinates": [
          [
            [
              105.87647459259645,
              21.03462418235273
            ],
            [
              105.87938382073322,
              21.010507190619613
            ],
            [
              105.89418036970231,
              21.00969993813353
            ],
            [
              105.89509903885751,
              21.038525249075754
            ],
            [
              105.87647459259645,
              21.03462418235273
            ]
          ]
        ]
      }
    },
    {
      "type": "Feature",
      "id": "qhpk_491",
      "properties": {
        "name": "Tổ hợp dịch vụ, trung tâm thương mại TMDV-29-18",
        "district": "Quận Long Biên",
        "code": "TMDV",
        "land_use": "Đất thương mại dịch vụ cao tầng, văn phòng, siêu thị, khách sạn.",
        "area_ha": 495.9,
        "density": "45%",
        "height_limit": "5-9 tầng",
        "notes": "Quy hoạch chung xây dựng Thủ đô đến năm 2030 và tầm nhìn đến năm 2050."
      },
      "geometry": {
        "type": "Polygon",
        "coordinates": [
          [
            [
              105.87647459259645,
              21.03462418235273
            ],
            [
              105.89509903885751,
              21.038525249075754
            ],
            [
              105.89459882712055,
              21.06274124635185
            ],
            [
              105.8772773120409,
              21.058300464812497
            ],
            [
              105.87647459259645,
              21.03462418235273
            ]
          ]
        ]
      }
    },
    {
      "type": "Feature",
      "id": "qhpk_492",
      "properties": {
        "name": "Khu dân cư hiện trạng chỉnh trang ODT-29-19",
        "district": "Quận Long Biên",
        "code": "ODT",
        "land_use": "Đất ở tại đô thị, phục vụ cải tạo chỉnh trang và xây mới nhà ở.",
        "area_ha": 557.2,
        "density": "55%",
        "height_limit": "3-7 tầng",
        "notes": "Quy hoạch chung xây dựng Thủ đô đến năm 2030 và tầm nhìn đến năm 2050."
      },
      "geometry": {
        "type": "Polygon",
        "coordinates": [
          [
            [
              105.87516557281883,
              21.0829833287993
            ],
            [
              105.8772773120409,
              21.058300464812497
            ],
            [
              105.89459882712055,
              21.06274124635185
            ],
            [
              105.89582886742916,
              21.088679867957204
            ],
            [
              105.87516557281883,
              21.0829833287993
            ]
          ]
        ]
      }
    },
    {
      "type": "Feature",
      "id": "qhpk_493",
      "properties": {
        "name": "Khu đô thị hỗn hợp cao tầng HHT-29-20",
        "district": "Quận Long Biên",
        "code": "HHT",
        "land_use": "Đất hỗn hợp đa chức năng kết hợp nhà ở và trung tâm thương mại.",
        "area_ha": 708.3,
        "density": "45%",
        "height_limit": "18-35 tầng",
        "notes": "Quy hoạch chung xây dựng Thủ đô đến năm 2030 và tầm nhìn đến năm 2050."
      },
      "geometry": {
        "type": "Polygon",
        "coordinates": [
          [
            [
              105.87244527947567,
              21.110602353046907
            ],
            [
              105.87516557281883,
              21.0829833287993
            ],
            [
              105.89582886742916,
              21.088679867957204
            ],
            [
              105.9012489465489,
              21.111045673913107
            ],
            [
              105.87244527947567,
              21.110602353046907
            ]
          ]
        ]
      }
    },
    {
      "type": "Feature",
      "id": "qhpk_494",
      "properties": {
        "name": "Công viên cây xanh, hồ điều hòa CX-29-21",
        "district": "Quận Long Biên",
        "code": "CX",
        "land_use": "Đất cây xanh công viên, mặt nước cảnh quan điều hòa khí hậu đô thị.",
        "area_ha": 784.4,
        "density": "45%",
        "height_limit": "5-9 tầng",
        "notes": "Quy hoạch chung xây dựng Thủ đô đến năm 2030 và tầm nhìn đến năm 2050."
      },
      "geometry": {
        "type": "Polygon",
        "coordinates": [
          [
            [
              105.87244527947567,
              21.110602353046907
            ],
            [
              105.9012489465489,
              21.111045673913107
            ],
            [
              105.89874994715201,
              21.14064109407045
            ],
            [
              105.87432549125698,
              21.132013004782692
            ],
            [
              105.87244527947567,
              21.110602353046907
            ]
          ]
        ]
      }
    },
    {
      "type": "Feature",
      "id": "qhpk_495",
      "properties": {
        "name": "Công viên cây xanh, hồ điều hòa CX-29-22",
        "district": "Huyện Sóc Sơn",
        "code": "CX",
        "land_use": "Đất cây xanh công viên, mặt nước cảnh quan điều hòa khí hậu đô thị.",
        "area_ha": 687.8,
        "density": "45%",
        "height_limit": "5-9 tầng",
        "notes": "Quy hoạch chung xây dựng Thủ đô đến năm 2030 và tầm nhìn đến năm 2050."
      },
      "geometry": {
        "type": "Polygon",
        "coordinates": [
          [
            [
              105.87432549125698,
              21.132013004782692
            ],
            [
              105.89874994715201,
              21.14064109407045
            ],
            [
              105.89337071338292,
              21.16489882490961
            ],
            [
              105.87804986885114,
              21.16753087254723
            ],
            [
              105.87432549125698,
              21.132013004782692
            ]
          ]
        ]
      }
    },
    {
      "type": "Feature",
      "id": "qhpk_496",
      "properties": {
        "name": "Khu dân cư hiện trạng chỉnh trang ODT-29-23",
        "district": "Huyện Sóc Sơn",
        "code": "ODT",
        "land_use": "Đất ở tại đô thị, phục vụ cải tạo chỉnh trang và xây mới nhà ở.",
        "area_ha": 481.3,
        "density": "55%",
        "height_limit": "3-7 tầng",
        "notes": "Quy hoạch chung xây dựng Thủ đô đến năm 2030 và tầm nhìn đến năm 2050."
      },
      "geometry": {
        "type": "Polygon",
        "coordinates": [
          [
            [
              105.87531234212152,
              21.18969310533503
            ],
            [
              105.87804986885114,
              21.16753087254723
            ],
            [
              105.89337071338292,
              21.16489882490961
            ],
            [
              105.89641721431916,
              21.188542175231944
            ],
            [
              105.87531234212152,
              21.18969310533503
            ]
          ]
        ]
      }
    },
    {
      "type": "Feature",
      "id": "qhpk_497",
      "properties": {
        "name": "Cụm công nghiệp tập trung, kho vận CN-29-24",
        "district": "Huyện Sóc Sơn",
        "code": "CN",
        "land_use": "Đất công nghiệp phi nông nghiệp, sản xuất sạch, kho bãi tập trung.",
        "area_ha": 524,
        "density": "65%",
        "height_limit": "5-9 tầng",
        "notes": "Quy hoạch chung xây dựng Thủ đô đến năm 2030 và tầm nhìn đến năm 2050."
      },
      "geometry": {
        "type": "Polygon",
        "coordinates": [
          [
            [
              105.87268301345709,
              21.21046494373978
            ],
            [
              105.87531234212152,
              21.18969310533503
            ],
            [
              105.89641721431916,
              21.188542175231944
            ],
            [
              105.89764590630844,
              21.207367913862733
            ],
            [
              105.87268301345709,
              21.21046494373978
            ]
          ]
        ]
      }
    },
    {
      "type": "Feature",
      "id": "qhpk_498",
      "properties": {
        "name": "Cụm công nghiệp tập trung, kho vận CN-29-25",
        "district": "Huyện Sóc Sơn",
        "code": "CN",
        "land_use": "Đất công nghiệp phi nông nghiệp, sản xuất sạch, kho bãi tập trung.",
        "area_ha": 657.8,
        "density": "65%",
        "height_limit": "5-9 tầng",
        "notes": "Quy hoạch chung xây dựng Thủ đô đến năm 2030 và tầm nhìn đến năm 2050."
      },
      "geometry": {
        "type": "Polygon",
        "coordinates": [
          [
            [
              105.87268301345709,
              21.21046494373978
            ],
            [
              105.89764590630844,
              21.207367913862733
            ],
            [
              105.89263048723318,
              21.234955823856726
            ],
            [
              105.87622595464961,
              21.238293749487035
            ],
            [
              105.87268301345709,
              21.21046494373978
            ]
          ]
        ]
      }
    },
    {
      "type": "Feature",
      "id": "qhpk_499",
      "properties": {
        "name": "Tổ hợp dịch vụ, trung tâm thương mại TMDV-29-26",
        "district": "Huyện Sóc Sơn",
        "code": "TMDV",
        "land_use": "Đất thương mại dịch vụ cao tầng, văn phòng, siêu thị, khách sạn.",
        "area_ha": 643.6,
        "density": "45%",
        "height_limit": "5-9 tầng",
        "notes": "Quy hoạch chung xây dựng Thủ đô đến năm 2030 và tầm nhìn đến năm 2050."
      },
      "geometry": {
        "type": "Polygon",
        "coordinates": [
          [
            [
              105.87422728500054,
              21.26041383679612
            ],
            [
              105.87622595464961,
              21.238293749487035
            ],
            [
              105.89263048723318,
              21.234955823856726
            ],
            [
              105.90050421853294,
              21.2654061503747
            ],
            [
              105.87422728500054,
              21.26041383679612
            ]
          ]
        ]
      }
    },
    {
      "type": "Feature",
      "id": "qhpk_500",
      "properties": {
        "name": "Cụm công nghiệp tập trung, kho vận CN-29-27",
        "district": "Huyện Sóc Sơn",
        "code": "CN",
        "land_use": "Đất công nghiệp phi nông nghiệp, sản xuất sạch, kho bãi tập trung.",
        "area_ha": 807.2,
        "density": "65%",
        "height_limit": "5-9 tầng",
        "notes": "Quy hoạch chung xây dựng Thủ đô đến năm 2030 và tầm nhìn đến năm 2050."
      },
      "geometry": {
        "type": "Polygon",
        "coordinates": [
          [
            [
              105.87325677691284,
              21.28867134201532
            ],
            [
              105.87422728500054,
              21.26041383679612
            ],
            [
              105.90050421853294,
              21.2654061503747
            ],
            [
              105.90059091159658,
              21.28933047214282
            ],
            [
              105.87325677691284,
              21.28867134201532
            ]
          ]
        ]
      }
    },
    {
      "type": "Feature",
      "id": "qhpk_501",
      "properties": {
        "name": "Khu hành chính công sở, liên cơ quan HCTH-29-28",
        "district": "Huyện Sóc Sơn",
        "code": "HCTH",
        "land_use": "Đất hành chính công sở, cơ quan đầu não nhà nước địa phương.",
        "area_ha": 716,
        "density": "25%",
        "height_limit": "5-9 tầng",
        "notes": "Quy hoạch chung xây dựng Thủ đô đến năm 2030 và tầm nhìn đến năm 2050."
      },
      "geometry": {
        "type": "Polygon",
        "coordinates": [
          [
            [
              105.87233914271094,
              21.309672417311102
            ],
            [
              105.87325677691284,
              21.28867134201532
            ],
            [
              105.90059091159658,
              21.28933047214282
            ],
            [
              105.89833038930105,
              21.30638461769965
            ],
            [
              105.897335,
              21.307601
            ],
            [
              105.896981,
              21.309794
            ],
            [
              105.89758628342364,
              21.311998404375466
            ],
            [
              105.8970883105155,
              21.315755280596264
            ],
            [
              105.87233914271094,
              21.309672417311102
            ]
          ]
        ]
      }
    },
    {
      "type": "Feature",
      "id": "qhpk_502",
      "properties": {
        "name": "Công viên cây xanh, hồ điều hòa CX-30-3",
        "district": "Huyện Mỹ Đức",
        "code": "CX",
        "land_use": "Đất cây xanh công viên, mặt nước cảnh quan điều hòa khí hậu đô thị.",
        "area_ha": 258.5,
        "density": "45%",
        "height_limit": "5-9 tầng",
        "notes": "Quy hoạch chung xây dựng Thủ đô đến năm 2030 và tầm nhìn đến năm 2050."
      },
      "geometry": {
        "type": "Polygon",
        "coordinates": [
          [
            [
              105.89904046901142,
              20.66807544328762
            ],
            [
              105.903238,
              20.664538
            ],
            [
              105.90564,
              20.664663
            ],
            [
              105.905447,
              20.668412
            ],
            [
              105.907597,
              20.668746
            ],
            [
              105.91690754163771,
              20.67402602982897
            ],
            [
              105.91773498551561,
              20.684299236655576
            ],
            [
              105.89961277394946,
              20.678993162277067
            ],
            [
              105.89904046901142,
              20.66807544328762
            ]
          ]
        ]
      }
    },
    {
      "type": "Feature",
      "id": "qhpk_503",
      "properties": {
        "name": "Công viên cây xanh, hồ điều hòa CX-30-4",
        "district": "Huyện Mỹ Đức",
        "code": "CX",
        "land_use": "Đất cây xanh công viên, mặt nước cảnh quan điều hòa khí hậu đô thị.",
        "area_ha": 562.5,
        "density": "45%",
        "height_limit": "5-9 tầng",
        "notes": "Quy hoạch chung xây dựng Thủ đô đến năm 2030 và tầm nhìn đến năm 2050."
      },
      "geometry": {
        "type": "Polygon",
        "coordinates": [
          [
            [
              105.89262594195297,
              20.705066066673222
            ],
            [
              105.89961277394946,
              20.678993162277067
            ],
            [
              105.91773498551561,
              20.684299236655576
            ],
            [
              105.91343657061356,
              20.70629652029706
            ],
            [
              105.89262594195297,
              20.705066066673222
            ]
          ]
        ]
      }
    },
    {
      "type": "Feature",
      "id": "qhpk_504",
      "properties": {
        "name": "Khu đô thị hỗn hợp cao tầng HHT-30-5",
        "district": "Huyện Mỹ Đức",
        "code": "HHT",
        "land_use": "Đất hỗn hợp đa chức năng kết hợp nhà ở và trung tâm thương mại.",
        "area_ha": 579.8,
        "density": "45%",
        "height_limit": "18-35 tầng",
        "notes": "Quy hoạch chung xây dựng Thủ đô đến năm 2030 và tầm nhìn đến năm 2050."
      },
      "geometry": {
        "type": "Polygon",
        "coordinates": [
          [
            [
              105.89262594195297,
              20.705066066673222
            ],
            [
              105.91343657061356,
              20.70629652029706
            ],
            [
              105.92146083952419,
              20.730761731176592
            ],
            [
              105.89882772373703,
              20.72805386868873
            ],
            [
              105.89262594195297,
              20.705066066673222
            ]
          ]
        ]
      }
    },
    {
      "type": "Feature",
      "id": "qhpk_505",
      "properties": {
        "name": "Khu dân cư hiện trạng chỉnh trang ODT-30-6",
        "district": "Huyện Mỹ Đức",
        "code": "ODT",
        "land_use": "Đất ở tại đô thị, phục vụ cải tạo chỉnh trang và xây mới nhà ở.",
        "area_ha": 875.3,
        "density": "55%",
        "height_limit": "3-7 tầng",
        "notes": "Quy hoạch chung xây dựng Thủ đô đến năm 2030 và tầm nhìn đến năm 2050."
      },
      "geometry": {
        "type": "Polygon",
        "coordinates": [
          [
            [
              105.8930958074543,
              20.76048499763941
            ],
            [
              105.89882772373703,
              20.72805386868873
            ],
            [
              105.92146083952419,
              20.730761731176592
            ],
            [
              105.92120107858203,
              20.757987481460958
            ],
            [
              105.8930958074543,
              20.76048499763941
            ]
          ]
        ]
      }
    },
    {
      "type": "Feature",
      "id": "qhpk_506",
      "properties": {
        "name": "Khu dân cư hiện trạng chỉnh trang ODT-30-7",
        "district": "Quận Long Biên",
        "code": "ODT",
        "land_use": "Đất ở tại đô thị, phục vụ cải tạo chỉnh trang và xây mới nhà ở.",
        "area_ha": 620.1,
        "density": "55%",
        "height_limit": "3-7 tầng",
        "notes": "Quy hoạch chung xây dựng Thủ đô đến năm 2030 và tầm nhìn đến năm 2050."
      },
      "geometry": {
        "type": "Polygon",
        "coordinates": [
          [
            [
              105.8930958074543,
              20.76048499763941
            ],
            [
              105.92120107858203,
              20.757987481460958
            ],
            [
              105.91708965733581,
              20.78389972657165
            ],
            [
              105.89617349661113,
              20.77827661756537
            ],
            [
              105.8930958074543,
              20.76048499763941
            ]
          ]
        ]
      }
    },
    {
      "type": "Feature",
      "id": "qhpk_507",
      "properties": {
        "name": "Khu đô thị hỗn hợp cao tầng HHT-30-8",
        "district": "Quận Long Biên",
        "code": "HHT",
        "land_use": "Đất hỗn hợp đa chức năng kết hợp nhà ở và trung tâm thương mại.",
        "area_ha": 563.5,
        "density": "45%",
        "height_limit": "18-35 tầng",
        "notes": "Quy hoạch chung xây dựng Thủ đô đến năm 2030 và tầm nhìn đến năm 2050."
      },
      "geometry": {
        "type": "Polygon",
        "coordinates": [
          [
            [
              105.89617349661113,
              20.77827661756537
            ],
            [
              105.91708965733581,
              20.78389972657165
            ],
            [
              105.91463320041196,
              20.80584745537979
            ],
            [
              105.89791464022625,
              20.808081973070045
            ],
            [
              105.89617349661113,
              20.77827661756537
            ]
          ]
        ]
      }
    },
    {
      "type": "Feature",
      "id": "qhpk_508",
      "properties": {
        "name": "Khu hành chính công sở, liên cơ quan HCTH-30-9",
        "district": "Quận Long Biên",
        "code": "HCTH",
        "land_use": "Đất hành chính công sở, cơ quan đầu não nhà nước địa phương.",
        "area_ha": 427.2,
        "density": "25%",
        "height_limit": "5-9 tầng",
        "notes": "Quy hoạch chung xây dựng Thủ đô đến năm 2030 và tầm nhìn đến năm 2050."
      },
      "geometry": {
        "type": "Polygon",
        "coordinates": [
          [
            [
              105.89762039819128,
              20.832027502231224
            ],
            [
              105.89791464022625,
              20.808081973070045
            ],
            [
              105.91463320041196,
              20.80584745537979
            ],
            [
              105.91475404736278,
              20.80805771536905
            ],
            [
              105.912779,
              20.813554
            ],
            [
              105.911269,
              20.819179
            ],
            [
              105.910969,
              20.826607
            ],
            [
              105.91225631368535,
              20.83335764393378
            ],
            [
              105.89762039819128,
              20.832027502231224
            ]
          ]
        ]
      }
    },
    {
      "type": "Feature",
      "id": "qhpk_509",
      "properties": {
        "name": "Công viên cây xanh, hồ điều hòa CX-30-10",
        "district": "Quận Long Biên",
        "code": "CX",
        "land_use": "Đất cây xanh công viên, mặt nước cảnh quan điều hòa khí hậu đô thị.",
        "area_ha": 563.1,
        "density": "45%",
        "height_limit": "5-9 tầng",
        "notes": "Quy hoạch chung xây dựng Thủ đô đến năm 2030 và tầm nhìn đến năm 2050."
      },
      "geometry": {
        "type": "Polygon",
        "coordinates": [
          [
            [
              105.89339522008869,
              20.85504184807908
            ],
            [
              105.89762039819128,
              20.832027502231224
            ],
            [
              105.91225631368535,
              20.83335764393378
            ],
            [
              105.91292,
              20.836838
            ],
            [
              105.916413,
              20.841777
            ],
            [
              105.91654570104667,
              20.841891091884875
            ],
            [
              105.91732123396416,
              20.858197680708695
            ],
            [
              105.89339522008869,
              20.85504184807908
            ]
          ]
        ]
      }
    },
    {
      "type": "Feature",
      "id": "qhpk_510",
      "properties": {
        "name": "Khu dân cư hiện trạng chỉnh trang ODT-30-11",
        "district": "Quận Long Biên",
        "code": "ODT",
        "land_use": "Đất ở tại đô thị, phục vụ cải tạo chỉnh trang và xây mới nhà ở.",
        "area_ha": 652.1,
        "density": "55%",
        "height_limit": "3-7 tầng",
        "notes": "Quy hoạch chung xây dựng Thủ đô đến năm 2030 và tầm nhìn đến năm 2050."
      },
      "geometry": {
        "type": "Polygon",
        "coordinates": [
          [
            [
              105.89339522008869,
              20.85504184807908
            ],
            [
              105.91732123396416,
              20.858197680708695
            ],
            [
              105.91712093957602,
              20.882837396713153
            ],
            [
              105.90920987560844,
              20.88629414193396
            ],
            [
              105.90021282627411,
              20.883493526743703
            ],
            [
              105.89339522008869,
              20.85504184807908
            ]
          ]
        ]
      }
    },
    {
      "type": "Feature",
      "id": "qhpk_511",
      "properties": {
        "name": "Công viên cây xanh, hồ điều hòa CX-30-13",
        "district": "Quận Long Biên",
        "code": "CX",
        "land_use": "Đất cây xanh công viên, mặt nước cảnh quan điều hòa khí hậu đô thị.",
        "area_ha": 407.8,
        "density": "45%",
        "height_limit": "5-9 tầng",
        "notes": "Quy hoạch chung xây dựng Thủ đô đến năm 2030 và tầm nhìn đến năm 2050."
      },
      "geometry": {
        "type": "Polygon",
        "coordinates": [
          [
            [
              105.89629201713973,
              20.93661976739151
            ],
            [
              105.90015702652185,
              20.91151704954121
            ],
            [
              105.90586407475756,
              20.91011325657771
            ],
            [
              105.912518,
              20.914478
            ],
            [
              105.914965,
              20.917745
            ],
            [
              105.915199,
              20.920519
            ],
            [
              105.91456,
              20.921768
            ],
            [
              105.912005,
              20.924472
            ],
            [
              105.908538,
              20.926618
            ],
            [
              105.91394154910417,
              20.936119696839267
            ],
            [
              105.89629201713973,
              20.93661976739151
            ]
          ]
        ]
      }
    },
    {
      "type": "Feature",
      "id": "qhpk_512",
      "properties": {
        "name": "Hành lang thoát lũ sông Hồng",
        "district": "Quận Long Biên",
        "code": "MN",
        "land_use": "Đất sông suối, kênh rạch và hành lang xanh thoát nước tự nhiên.",
        "area_ha": 632.4,
        "density": "0%",
        "height_limit": "Không cho phép",
        "notes": "Quy hoạch chung xây dựng Thủ đô đến năm 2030 và tầm nhìn đến năm 2050."
      },
      "geometry": {
        "type": "Polygon",
        "coordinates": [
          [
            [
              105.89359616520497,
              20.98553431919112
            ],
            [
              105.89455146641185,
              20.95611786767513
            ],
            [
              105.90749203897742,
              20.959049165473626
            ],
            [
              105.90814,
              20.9618
            ],
            [
              105.912045,
              20.96902
            ],
            [
              105.912326,
              20.970888
            ],
            [
              105.913194,
              20.970823
            ],
            [
              105.913185,
              20.973696
            ],
            [
              105.91474810439051,
              20.974781595061458
            ],
            [
              105.9145384775183,
              20.98965618515799
            ],
            [
              105.89359616520497,
              20.98553431919112
            ]
          ]
        ]
      }
    },
    {
      "type": "Feature",
      "id": "qhpk_513",
      "properties": {
        "name": "Khu dân cư hiện trạng chỉnh trang ODT-30-16",
        "district": "Quận Long Biên",
        "code": "ODT",
        "land_use": "Đất ở tại đô thị, phục vụ cải tạo chỉnh trang và xây mới nhà ở.",
        "area_ha": 644.3,
        "density": "55%",
        "height_limit": "3-7 tầng",
        "notes": "Quy hoạch chung xây dựng Thủ đô đến năm 2030 và tầm nhìn đến năm 2050."
      },
      "geometry": {
        "type": "Polygon",
        "coordinates": [
          [
            [
              105.89359616520497,
              20.98553431919112
            ],
            [
              105.9145384775183,
              20.98965618515799
            ],
            [
              105.92136589119845,
              21.01302995929094
            ],
            [
              105.89418036970231,
              21.00969993813353
            ],
            [
              105.89359616520497,
              20.98553431919112
            ]
          ]
        ]
      }
    },
    {
      "type": "Feature",
      "id": "qhpk_514",
      "properties": {
        "name": "Khu dân cư hiện trạng chỉnh trang ODT-30-17",
        "district": "Quận Long Biên",
        "code": "ODT",
        "land_use": "Đất ở tại đô thị, phục vụ cải tạo chỉnh trang và xây mới nhà ở.",
        "area_ha": 594.6,
        "density": "55%",
        "height_limit": "3-7 tầng",
        "notes": "Quy hoạch chung xây dựng Thủ đô đến năm 2030 và tầm nhìn đến năm 2050."
      },
      "geometry": {
        "type": "Polygon",
        "coordinates": [
          [
            [
              105.89418036970231,
              21.00969993813353
            ],
            [
              105.92136589119845,
              21.01302995929094
            ],
            [
              105.91360440047502,
              21.030077148803713
            ],
            [
              105.89509903885751,
              21.038525249075754
            ],
            [
              105.89418036970231,
              21.00969993813353
            ]
          ]
        ]
      }
    },
    {
      "type": "Feature",
      "id": "qhpk_515",
      "properties": {
        "name": "Khu dân cư hiện trạng chỉnh trang ODT-30-18",
        "district": "Quận Long Biên",
        "code": "ODT",
        "land_use": "Đất ở tại đô thị, phục vụ cải tạo chỉnh trang và xây mới nhà ở.",
        "area_ha": 593.3,
        "density": "55%",
        "height_limit": "3-7 tầng",
        "notes": "Quy hoạch chung xây dựng Thủ đô đến năm 2030 và tầm nhìn đến năm 2050."
      },
      "geometry": {
        "type": "Polygon",
        "coordinates": [
          [
            [
              105.89459882712055,
              21.06274124635185
            ],
            [
              105.89509903885751,
              21.038525249075754
            ],
            [
              105.91360440047502,
              21.030077148803713
            ],
            [
              105.913857918885,
              21.060388610684942
            ],
            [
              105.89459882712055,
              21.06274124635185
            ]
          ]
        ]
      }
    },
    {
      "type": "Feature",
      "id": "qhpk_516",
      "properties": {
        "name": "Khu đô thị hỗn hợp cao tầng HHT-30-19",
        "district": "Quận Long Biên",
        "code": "HHT",
        "land_use": "Đất hỗn hợp đa chức năng kết hợp nhà ở và trung tâm thương mại.",
        "area_ha": 601.8,
        "density": "45%",
        "height_limit": "18-35 tầng",
        "notes": "Quy hoạch chung xây dựng Thủ đô đến năm 2030 và tầm nhìn đến năm 2050."
      },
      "geometry": {
        "type": "Polygon",
        "coordinates": [
          [
            [
              105.89459882712055,
              21.06274124635185
            ],
            [
              105.913857918885,
              21.060388610684942
            ],
            [
              105.91374973445573,
              21.090551534748023
            ],
            [
              105.89582886742916,
              21.088679867957204
            ],
            [
              105.89459882712055,
              21.06274124635185
            ]
          ]
        ]
      }
    },
    {
      "type": "Feature",
      "id": "qhpk_517",
      "properties": {
        "name": "Khu dân cư hiện trạng chỉnh trang ODT-30-20",
        "district": "Quận Long Biên",
        "code": "ODT",
        "land_use": "Đất ở tại đô thị, phục vụ cải tạo chỉnh trang và xây mới nhà ở.",
        "area_ha": 406.9,
        "density": "55%",
        "height_limit": "3-7 tầng",
        "notes": "Quy hoạch chung xây dựng Thủ đô đến năm 2030 và tầm nhìn đến năm 2050."
      },
      "geometry": {
        "type": "Polygon",
        "coordinates": [
          [
            [
              105.89582886742916,
              21.088679867957204
            ],
            [
              105.91374973445573,
              21.090551534748023
            ],
            [
              105.91603262658776,
              21.11198816891999
            ],
            [
              105.9012489465489,
              21.111045673913107
            ],
            [
              105.89582886742916,
              21.088679867957204
            ]
          ]
        ]
      }
    },
    {
      "type": "Feature",
      "id": "qhpk_518",
      "properties": {
        "name": "Khu dân cư hiện trạng chỉnh trang ODT-30-21",
        "district": "Quận Long Biên",
        "code": "ODT",
        "land_use": "Đất ở tại đô thị, phục vụ cải tạo chỉnh trang và xây mới nhà ở.",
        "area_ha": 520.8,
        "density": "55%",
        "height_limit": "3-7 tầng",
        "notes": "Quy hoạch chung xây dựng Thủ đô đến năm 2030 và tầm nhìn đến năm 2050."
      },
      "geometry": {
        "type": "Polygon",
        "coordinates": [
          [
            [
              105.89874994715201,
              21.14064109407045
            ],
            [
              105.9012489465489,
              21.111045673913107
            ],
            [
              105.91603262658776,
              21.11198816891999
            ],
            [
              105.91571179485105,
              21.118969031170984
            ],
            [
              105.915604,
              21.118976
            ],
            [
              105.915495,
              21.122059
            ],
            [
              105.914915,
              21.121953
            ],
            [
              105.912775,
              21.126476
            ],
            [
              105.914225,
              21.127497
            ],
            [
              105.915079,
              21.12638
            ],
            [
              105.91536028963334,
              21.12661730665176
            ],
            [
              105.91464867779258,
              21.14210101249538
            ],
            [
              105.89874994715201,
              21.14064109407045
            ]
          ]
        ]
      }
    },
    {
      "type": "Feature",
      "id": "qhpk_519",
      "properties": {
        "name": "Công viên cây xanh, hồ điều hòa CX-30-22",
        "district": "Huyện Sóc Sơn",
        "code": "CX",
        "land_use": "Đất cây xanh công viên, mặt nước cảnh quan điều hòa khí hậu đô thị.",
        "area_ha": 483.1,
        "density": "45%",
        "height_limit": "5-9 tầng",
        "notes": "Quy hoạch chung xây dựng Thủ đô đến năm 2030 và tầm nhìn đến năm 2050."
      },
      "geometry": {
        "type": "Polygon",
        "coordinates": [
          [
            [
              105.89337071338292,
              21.16489882490961
            ],
            [
              105.89874994715201,
              21.14064109407045
            ],
            [
              105.91464867779258,
              21.14210101249538
            ],
            [
              105.91403536059947,
              21.163639173177955
            ],
            [
              105.89337071338292,
              21.16489882490961
            ]
          ]
        ]
      }
    },
    {
      "type": "Feature",
      "id": "qhpk_520",
      "properties": {
        "name": "Khu dân cư hiện trạng chỉnh trang ODT-30-23",
        "district": "Huyện Sóc Sơn",
        "code": "ODT",
        "land_use": "Đất ở tại đô thị, phục vụ cải tạo chỉnh trang và xây mới nhà ở.",
        "area_ha": 544.5,
        "density": "55%",
        "height_limit": "3-7 tầng",
        "notes": "Quy hoạch chung xây dựng Thủ đô đến năm 2030 và tầm nhìn đến năm 2050."
      },
      "geometry": {
        "type": "Polygon",
        "coordinates": [
          [
            [
              105.89337071338292,
              21.16489882490961
            ],
            [
              105.91403536059947,
              21.163639173177955
            ],
            [
              105.91884689118704,
              21.182497962124096
            ],
            [
              105.89641721431916,
              21.188542175231944
            ],
            [
              105.89337071338292,
              21.16489882490961
            ]
          ]
        ]
      }
    },
    {
      "type": "Feature",
      "id": "qhpk_521",
      "properties": {
        "name": "Khu hành chính công sở, liên cơ quan HCTH-30-24",
        "district": "Huyện Sóc Sơn",
        "code": "HCTH",
        "land_use": "Đất hành chính công sở, cơ quan đầu não nhà nước địa phương.",
        "area_ha": 361.8,
        "density": "25%",
        "height_limit": "5-9 tầng",
        "notes": "Quy hoạch chung xây dựng Thủ đô đến năm 2030 và tầm nhìn đến năm 2050."
      },
      "geometry": {
        "type": "Polygon",
        "coordinates": [
          [
            [
              105.89641721431916,
              21.188542175231944
            ],
            [
              105.91884689118704,
              21.182497962124096
            ],
            [
              105.9180198884239,
              21.185880789996514
            ],
            [
              105.915936,
              21.18704
            ],
            [
              105.916044,
              21.188884
            ],
            [
              105.912257,
              21.190251
            ],
            [
              105.912334,
              21.192356
            ],
            [
              105.907032,
              21.192924
            ],
            [
              105.906691,
              21.194946
            ],
            [
              105.90765,
              21.197725
            ],
            [
              105.913763,
              21.203222
            ],
            [
              105.910796,
              21.205327
            ],
            [
              105.909887,
              21.207047
            ],
            [
              105.91225072567859,
              21.207700640007907
            ],
            [
              105.89764590630844,
              21.207367913862733
            ],
            [
              105.89641721431916,
              21.188542175231944
            ]
          ]
        ]
      }
    },
    {
      "type": "Feature",
      "id": "qhpk_522",
      "properties": {
        "name": "Công viên cây xanh, hồ điều hòa CX-30-25",
        "district": "Huyện Sóc Sơn",
        "code": "CX",
        "land_use": "Đất cây xanh công viên, mặt nước cảnh quan điều hòa khí hậu đô thị.",
        "area_ha": 495.1,
        "density": "45%",
        "height_limit": "5-9 tầng",
        "notes": "Quy hoạch chung xây dựng Thủ đô đến năm 2030 và tầm nhìn đến năm 2050."
      },
      "geometry": {
        "type": "Polygon",
        "coordinates": [
          [
            [
              105.89263048723318,
              21.234955823856726
            ],
            [
              105.89764590630844,
              21.207367913862733
            ],
            [
              105.91225072567859,
              21.207700640007907
            ],
            [
              105.91272690374754,
              21.207832317316985
            ],
            [
              105.91538584542167,
              21.215237921189896
            ],
            [
              105.914812,
              21.218019
            ],
            [
              105.911898,
              21.221014
            ],
            [
              105.910542,
              21.224485
            ],
            [
              105.909061,
              21.224813
            ],
            [
              105.905116,
              21.222403
            ],
            [
              105.903933,
              21.223361
            ],
            [
              105.903782,
              21.22508
            ],
            [
              105.904401,
              21.226945
            ],
            [
              105.906658,
              21.229096
            ],
            [
              105.90563,
              21.230816
            ],
            [
              105.90624,
              21.232044
            ],
            [
              105.912977,
              21.231168
            ],
            [
              105.91514,
              21.2321
            ],
            [
              105.917643,
              21.231091
            ],
            [
              105.91988,
              21.23128
            ],
            [
              105.92026223923885,
              21.232546927229823
            ],
            [
              105.89263048723318,
              21.234955823856726
            ]
          ]
        ]
      }
    },
    {
      "type": "Feature",
      "id": "qhpk_523",
      "properties": {
        "name": "Khu dân cư hiện trạng chỉnh trang ODT-30-26",
        "district": "Huyện Sóc Sơn",
        "code": "ODT",
        "land_use": "Đất ở tại đô thị, phục vụ cải tạo chỉnh trang và xây mới nhà ở.",
        "area_ha": 784.6,
        "density": "55%",
        "height_limit": "3-7 tầng",
        "notes": "Quy hoạch chung xây dựng Thủ đô đến năm 2030 và tầm nhìn đến năm 2050."
      },
      "geometry": {
        "type": "Polygon",
        "coordinates": [
          [
            [
              105.89263048723318,
              21.234955823856726
            ],
            [
              105.92026223923885,
              21.232546927229823
            ],
            [
              105.921012,
              21.235032
            ],
            [
              105.9210186564062,
              21.235035668894163
            ],
            [
              105.91475656329843,
              21.265137174479005
            ],
            [
              105.90050421853294,
              21.2654061503747
            ],
            [
              105.89263048723318,
              21.234955823856726
            ]
          ]
        ]
      }
    },
    {
      "type": "Feature",
      "id": "qhpk_524",
      "properties": {
        "name": "Công viên cây xanh, hồ điều hòa CX-30-27",
        "district": "Huyện Sóc Sơn",
        "code": "CX",
        "land_use": "Đất cây xanh công viên, mặt nước cảnh quan điều hòa khí hậu đô thị.",
        "area_ha": 489.2,
        "density": "45%",
        "height_limit": "5-9 tầng",
        "notes": "Quy hoạch chung xây dựng Thủ đô đến năm 2030 và tầm nhìn đến năm 2050."
      },
      "geometry": {
        "type": "Polygon",
        "coordinates": [
          [
            [
              105.90050421853294,
              21.2654061503747
            ],
            [
              105.91475656329843,
              21.265137174479005
            ],
            [
              105.919565775362,
              21.292794692848712
            ],
            [
              105.90059091159658,
              21.28933047214282
            ],
            [
              105.90050421853294,
              21.2654061503747
            ]
          ]
        ]
      }
    },
    {
      "type": "Feature",
      "id": "qhpk_525",
      "properties": {
        "name": "Khu dân cư hiện trạng chỉnh trang ODT-31-4",
        "district": "Huyện Mỹ Đức",
        "code": "ODT",
        "land_use": "Đất ở tại đô thị, phục vụ cải tạo chỉnh trang và xây mới nhà ở.",
        "area_ha": 712,
        "density": "55%",
        "height_limit": "3-7 tầng",
        "notes": "Quy hoạch chung xây dựng Thủ đô đến năm 2030 và tầm nhìn đến năm 2050."
      },
      "geometry": {
        "type": "Polygon",
        "coordinates": [
          [
            [
              105.91343657061356,
              20.70629652029706
            ],
            [
              105.91773498551561,
              20.684299236655576
            ],
            [
              105.93139484444511,
              20.679612986674936
            ],
            [
              105.932129,
              20.679852
            ],
            [
              105.93935,
              20.680655
            ],
            [
              105.94120955229168,
              20.68129178143726
            ],
            [
              105.93741901731018,
              20.70835270250926
            ],
            [
              105.91343657061356,
              20.70629652029706
            ]
          ]
        ]
      }
    },
    {
      "type": "Feature",
      "id": "qhpk_526",
      "properties": {
        "name": "Khu dân cư hiện trạng chỉnh trang ODT-31-5",
        "district": "Huyện Mỹ Đức",
        "code": "ODT",
        "land_use": "Đất ở tại đô thị, phục vụ cải tạo chỉnh trang và xây mới nhà ở.",
        "area_ha": 487.2,
        "density": "55%",
        "height_limit": "3-7 tầng",
        "notes": "Quy hoạch chung xây dựng Thủ đô đến năm 2030 và tầm nhìn đến năm 2050."
      },
      "geometry": {
        "type": "Polygon",
        "coordinates": [
          [
            [
              105.91343657061356,
              20.70629652029706
            ],
            [
              105.93741901731018,
              20.70835270250926
            ],
            [
              105.93619474040017,
              20.727135875163274
            ],
            [
              105.92146083952419,
              20.730761731176592
            ],
            [
              105.91343657061356,
              20.70629652029706
            ]
          ]
        ]
      }
    },
    {
      "type": "Feature",
      "id": "qhpk_527",
      "properties": {
        "name": "Khu dân cư hiện trạng chỉnh trang ODT-31-6",
        "district": "Huyện Mỹ Đức",
        "code": "ODT",
        "land_use": "Đất ở tại đô thị, phục vụ cải tạo chỉnh trang và xây mới nhà ở.",
        "area_ha": 620,
        "density": "55%",
        "height_limit": "3-7 tầng",
        "notes": "Quy hoạch chung xây dựng Thủ đô đến năm 2030 và tầm nhìn đến năm 2050."
      },
      "geometry": {
        "type": "Polygon",
        "coordinates": [
          [
            [
              105.92120107858203,
              20.757987481460958
            ],
            [
              105.92146083952419,
              20.730761731176592
            ],
            [
              105.93619474040017,
              20.727135875163274
            ],
            [
              105.94224618615415,
              20.759520908916638
            ],
            [
              105.92120107858203,
              20.757987481460958
            ]
          ]
        ]
      }
    },
    {
      "type": "Feature",
      "id": "qhpk_528",
      "properties": {
        "name": "Khu dân cư hiện trạng chỉnh trang ODT-31-7",
        "district": "Quận Long Biên",
        "code": "ODT",
        "land_use": "Đất ở tại đô thị, phục vụ cải tạo chỉnh trang và xây mới nhà ở.",
        "area_ha": 548,
        "density": "55%",
        "height_limit": "3-7 tầng",
        "notes": "Quy hoạch chung xây dựng Thủ đô đến năm 2030 và tầm nhìn đến năm 2050."
      },
      "geometry": {
        "type": "Polygon",
        "coordinates": [
          [
            [
              105.91708965733581,
              20.78389972657165
            ],
            [
              105.92120107858203,
              20.757987481460958
            ],
            [
              105.94224618615415,
              20.759520908916638
            ],
            [
              105.93323949995015,
              20.784010147940506
            ],
            [
              105.91708965733581,
              20.78389972657165
            ]
          ]
        ]
      }
    },
    {
      "type": "Feature",
      "id": "qhpk_529",
      "properties": {
        "name": "Khu dân cư hiện trạng chỉnh trang ODT-31-11",
        "district": "Quận Long Biên",
        "code": "ODT",
        "land_use": "Đất ở tại đô thị, phục vụ cải tạo chỉnh trang và xây mới nhà ở.",
        "area_ha": 355.2,
        "density": "55%",
        "height_limit": "3-7 tầng",
        "notes": "Quy hoạch chung xây dựng Thủ đô đến năm 2030 và tầm nhìn đến năm 2050."
      },
      "geometry": {
        "type": "Polygon",
        "coordinates": [
          [
            [
              105.91712093957602,
              20.882837396713153
            ],
            [
              105.91732123396416,
              20.858197680708695
            ],
            [
              105.93347473181213,
              20.85771623493369
            ],
            [
              105.93399275385909,
              20.86765069834294
            ],
            [
              105.924814,
              20.878278
            ],
            [
              105.918495,
              20.882237
            ],
            [
              105.91712093957602,
              20.882837396713153
            ]
          ]
        ]
      }
    },
    {
      "type": "Feature",
      "id": "qhpk_530",
      "properties": {
        "name": "Khu dân cư hiện trạng chỉnh trang ODT-31-16",
        "district": "Quận Long Biên",
        "code": "ODT",
        "land_use": "Đất ở tại đô thị, phục vụ cải tạo chỉnh trang và xây mới nhà ở.",
        "area_ha": 578.8,
        "density": "55%",
        "height_limit": "3-7 tầng",
        "notes": "Quy hoạch chung xây dựng Thủ đô đến năm 2030 và tầm nhìn đến năm 2050."
      },
      "geometry": {
        "type": "Polygon",
        "coordinates": [
          [
            [
              105.9145384775183,
              20.98965618515799
            ],
            [
              105.93371432170288,
              20.97958689910633
            ],
            [
              105.93664074253377,
              21.01100509554965
            ],
            [
              105.92136589119845,
              21.01302995929094
            ],
            [
              105.9145384775183,
              20.98965618515799
            ]
          ]
        ]
      }
    },
    {
      "type": "Feature",
      "id": "qhpk_531",
      "properties": {
        "name": "Khu dân cư hiện trạng chỉnh trang ODT-31-17",
        "district": "Quận Long Biên",
        "code": "ODT",
        "land_use": "Đất ở tại đô thị, phục vụ cải tạo chỉnh trang và xây mới nhà ở.",
        "area_ha": 457.9,
        "density": "55%",
        "height_limit": "3-7 tầng",
        "notes": "Quy hoạch chung xây dựng Thủ đô đến năm 2030 và tầm nhìn đến năm 2050."
      },
      "geometry": {
        "type": "Polygon",
        "coordinates": [
          [
            [
              105.91360440047502,
              21.030077148803713
            ],
            [
              105.92136589119845,
              21.01302995929094
            ],
            [
              105.93664074253377,
              21.01100509554965
            ],
            [
              105.94186093789058,
              21.030506088269433
            ],
            [
              105.91360440047502,
              21.030077148803713
            ]
          ]
        ]
      }
    },
    {
      "type": "Feature",
      "id": "qhpk_532",
      "properties": {
        "name": "Công viên cây xanh, hồ điều hòa CX-31-18",
        "district": "Quận Long Biên",
        "code": "CX",
        "land_use": "Đất cây xanh công viên, mặt nước cảnh quan điều hòa khí hậu đô thị.",
        "area_ha": 1018.5,
        "density": "45%",
        "height_limit": "5-9 tầng",
        "notes": "Quy hoạch chung xây dựng Thủ đô đến năm 2030 và tầm nhìn đến năm 2050."
      },
      "geometry": {
        "type": "Polygon",
        "coordinates": [
          [
            [
              105.91360440047502,
              21.030077148803713
            ],
            [
              105.94186093789058,
              21.030506088269433
            ],
            [
              105.93888074752478,
              21.066140219156132
            ],
            [
              105.913857918885,
              21.060388610684942
            ],
            [
              105.91360440047502,
              21.030077148803713
            ]
          ]
        ]
      }
    },
    {
      "type": "Feature",
      "id": "qhpk_533",
      "properties": {
        "name": "Khu dân cư hiện trạng chỉnh trang ODT-31-19",
        "district": "Quận Long Biên",
        "code": "ODT",
        "land_use": "Đất ở tại đô thị, phục vụ cải tạo chỉnh trang và xây mới nhà ở.",
        "area_ha": 667.2,
        "density": "55%",
        "height_limit": "3-7 tầng",
        "notes": "Quy hoạch chung xây dựng Thủ đô đến năm 2030 và tầm nhìn đến năm 2050."
      },
      "geometry": {
        "type": "Polygon",
        "coordinates": [
          [
            [
              105.91374973445573,
              21.090551534748023
            ],
            [
              105.913857918885,
              21.060388610684942
            ],
            [
              105.93888074752478,
              21.066140219156132
            ],
            [
              105.94033684681413,
              21.080688057584368
            ],
            [
              105.91374973445573,
              21.090551534748023
            ]
          ]
        ]
      }
    },
    {
      "type": "Feature",
      "id": "qhpk_534",
      "properties": {
        "name": "Khu dân cư hiện trạng chỉnh trang ODT-31-20",
        "district": "Quận Long Biên",
        "code": "ODT",
        "land_use": "Đất ở tại đô thị, phục vụ cải tạo chỉnh trang và xây mới nhà ở.",
        "area_ha": 640,
        "density": "55%",
        "height_limit": "3-7 tầng",
        "notes": "Quy hoạch chung xây dựng Thủ đô đến năm 2030 và tầm nhìn đến năm 2050."
      },
      "geometry": {
        "type": "Polygon",
        "coordinates": [
          [
            [
              105.91374973445573,
              21.090551534748023
            ],
            [
              105.94033684681413,
              21.080688057584368
            ],
            [
              105.93856907846495,
              21.092931749962823
            ],
            [
              105.938084,
              21.093765
            ],
            [
              105.936614,
              21.093137
            ],
            [
              105.934922,
              21.096088
            ],
            [
              105.93481,
              21.09839
            ],
            [
              105.936314,
              21.101365
            ],
            [
              105.934251,
              21.103003
            ],
            [
              105.934916,
              21.104995
            ],
            [
              105.933904,
              21.106657
            ],
            [
              105.931009,
              21.108854
            ],
            [
              105.930989,
              21.111098
            ],
            [
              105.92882,
              21.112456
            ],
            [
              105.926954,
              21.111948
            ],
            [
              105.92523588577751,
              21.1129826918753
            ],
            [
              105.91603262658776,
              21.11198816891999
            ],
            [
              105.91374973445573,
              21.090551534748023
            ]
          ]
        ]
      }
    },
    {
      "type": "Feature",
      "id": "qhpk_535",
      "properties": {
        "name": "Khu dân cư hiện trạng chỉnh trang ODT-31-26",
        "district": "Huyện Sóc Sơn",
        "code": "ODT",
        "land_use": "Đất ở tại đô thị, phục vụ cải tạo chỉnh trang và xây mới nhà ở.",
        "area_ha": 466.8,
        "density": "55%",
        "height_limit": "3-7 tầng",
        "notes": "Quy hoạch chung xây dựng Thủ đô đến năm 2030 và tầm nhìn đến năm 2050."
      },
      "geometry": {
        "type": "Polygon",
        "coordinates": [
          [
            [
              105.91475656329843,
              21.265137174479005
            ],
            [
              105.9210186564062,
              21.235035668894163
            ],
            [
              105.926932,
              21.238295
            ],
            [
              105.930381,
              21.24191
            ],
            [
              105.932969,
              21.24183
            ],
            [
              105.933655,
              21.242649
            ],
            [
              105.933506,
              21.245441
            ],
            [
              105.935823,
              21.245343
            ],
            [
              105.938145,
              21.243818
            ],
            [
              105.93874275737146,
              21.244666092066822
            ],
            [
              105.93874470728736,
              21.244967512542683
            ],
            [
              105.938452,
              21.247642
            ],
            [
              105.935041,
              21.251417
            ],
            [
              105.929644,
              21.26083
            ],
            [
              105.92735582041682,
              21.263746315043466
            ],
            [
              105.91475656329843,
              21.265137174479005
            ]
          ]
        ]
      }
    },
    {
      "type": "Feature",
      "id": "qhpk_536",
      "properties": {
        "name": "Khu đô thị hỗn hợp cao tầng HHT-32-3",
        "district": "Huyện Mỹ Đức",
        "code": "HHT",
        "land_use": "Đất hỗn hợp đa chức năng kết hợp nhà ở và trung tâm thương mại.",
        "area_ha": 277.8,
        "density": "45%",
        "height_limit": "18-35 tầng",
        "notes": "Quy hoạch chung xây dựng Thủ đô đến năm 2030 và tầm nhìn đến năm 2050."
      },
      "geometry": {
        "type": "Polygon",
        "coordinates": [
          [
            [
              105.943423,
              20.663158
            ],
            [
              105.944425,
              20.656431
            ],
            [
              105.9450477864162,
              20.65567066843034
            ],
            [
              105.95791309339809,
              20.65792190847336
            ],
            [
              105.958942,
              20.6598
            ],
            [
              105.96024393928677,
              20.660985960461847
            ],
            [
              105.95567857535514,
              20.675652540309137
            ],
            [
              105.94691710183886,
              20.67586867784086
            ],
            [
              105.946923,
              20.675854
            ],
            [
              105.946764,
              20.668562
            ],
            [
              105.946136,
              20.666401
            ],
            [
              105.943423,
              20.663158
            ]
          ]
        ]
      }
    },
    {
      "type": "Feature",
      "id": "qhpk_537",
      "properties": {
        "name": "Khu đô thị hỗn hợp cao tầng HHT-32-4",
        "district": "Huyện Mỹ Đức",
        "code": "HHT",
        "land_use": "Đất hỗn hợp đa chức năng kết hợp nhà ở và trung tâm thương mại.",
        "area_ha": 502,
        "density": "45%",
        "height_limit": "18-35 tầng",
        "notes": "Quy hoạch chung xây dựng Thủ đô đến năm 2030 và tầm nhìn đến năm 2050."
      },
      "geometry": {
        "type": "Polygon",
        "coordinates": [
          [
            [
              105.93741901731018,
              20.70835270250926
            ],
            [
              105.94120955229168,
              20.68129178143726
            ],
            [
              105.943304,
              20.682009
            ],
            [
              105.945177,
              20.680199
            ],
            [
              105.94691710183886,
              20.67586867784086
            ],
            [
              105.95567857535514,
              20.675652540309137
            ],
            [
              105.95577891181962,
              20.701323637910587
            ],
            [
              105.93741901731018,
              20.70835270250926
            ]
          ]
        ]
      }
    },
    {
      "type": "Feature",
      "id": "qhpk_538",
      "properties": {
        "name": "Khu dân cư hiện trạng chỉnh trang ODT-32-5",
        "district": "Huyện Mỹ Đức",
        "code": "ODT",
        "land_use": "Đất ở tại đô thị, phục vụ cải tạo chỉnh trang và xây mới nhà ở.",
        "area_ha": 629.3,
        "density": "55%",
        "height_limit": "3-7 tầng",
        "notes": "Quy hoạch chung xây dựng Thủ đô đến năm 2030 và tầm nhìn đến năm 2050."
      },
      "geometry": {
        "type": "Polygon",
        "coordinates": [
          [
            [
              105.93619474040017,
              20.727135875163274
            ],
            [
              105.93741901731018,
              20.70835270250926
            ],
            [
              105.95577891181962,
              20.701323637910587
            ],
            [
              105.96141623467092,
              20.732293729026328
            ],
            [
              105.93619474040017,
              20.727135875163274
            ]
          ]
        ]
      }
    },
    {
      "type": "Feature",
      "id": "qhpk_539",
      "properties": {
        "name": "Khu dân cư hiện trạng chỉnh trang ODT-32-6",
        "district": "Huyện Mỹ Đức",
        "code": "ODT",
        "land_use": "Đất ở tại đô thị, phục vụ cải tạo chỉnh trang và xây mới nhà ở.",
        "area_ha": 713.2,
        "density": "55%",
        "height_limit": "3-7 tầng",
        "notes": "Quy hoạch chung xây dựng Thủ đô đến năm 2030 và tầm nhìn đến năm 2050."
      },
      "geometry": {
        "type": "Polygon",
        "coordinates": [
          [
            [
              105.93619474040017,
              20.727135875163274
            ],
            [
              105.96141623467092,
              20.732293729026328
            ],
            [
              105.96096789765882,
              20.75630127798172
            ],
            [
              105.94224618615415,
              20.759520908916638
            ],
            [
              105.93619474040017,
              20.727135875163274
            ]
          ]
        ]
      }
    },
    {
      "type": "Feature",
      "id": "qhpk_540",
      "properties": {
        "name": "Khu dân cư hiện trạng chỉnh trang ODT-32-7",
        "district": "Quận Long Biên",
        "code": "ODT",
        "land_use": "Đất ở tại đô thị, phục vụ cải tạo chỉnh trang và xây mới nhà ở.",
        "area_ha": 584.5,
        "density": "55%",
        "height_limit": "3-7 tầng",
        "notes": "Quy hoạch chung xây dựng Thủ đô đến năm 2030 và tầm nhìn đến năm 2050."
      },
      "geometry": {
        "type": "Polygon",
        "coordinates": [
          [
            [
              105.93323949995015,
              20.784010147940506
            ],
            [
              105.94224618615415,
              20.759520908916638
            ],
            [
              105.96096789765882,
              20.75630127798172
            ],
            [
              105.95945778102642,
              20.778788312960035
            ],
            [
              105.93323949995015,
              20.784010147940506
            ]
          ]
        ]
      }
    },
    {
      "type": "Feature",
      "id": "qhpk_541",
      "properties": {
        "name": "Khu đô thị hỗn hợp cao tầng HHT-32-15",
        "district": "Quận Long Biên",
        "code": "HHT",
        "land_use": "Đất hỗn hợp đa chức năng kết hợp nhà ở và trung tâm thương mại.",
        "area_ha": 412.5,
        "density": "45%",
        "height_limit": "18-35 tầng",
        "notes": "Quy hoạch chung xây dựng Thủ đô đến năm 2030 và tầm nhìn đến năm 2050."
      },
      "geometry": {
        "type": "Polygon",
        "coordinates": [
          [
            [
              105.93371432170288,
              20.97958689910633
            ],
            [
              105.93443981257965,
              20.971771025491325
            ],
            [
              105.936649,
              20.969845
            ],
            [
              105.938499,
              20.970209
            ],
            [
              105.939776,
              20.967948
            ],
            [
              105.947649,
              20.969274
            ],
            [
              105.948642,
              20.966965
            ],
            [
              105.951857,
              20.966658
            ],
            [
              105.952476,
              20.967809
            ],
            [
              105.95511345880823,
              20.96729110195412
            ],
            [
              105.95713552508694,
              20.990174672077163
            ],
            [
              105.93371432170288,
              20.97958689910633
            ]
          ]
        ]
      }
    },
    {
      "type": "Feature",
      "id": "qhpk_542",
      "properties": {
        "name": "Khu dân cư hiện trạng chỉnh trang ODT-32-16",
        "district": "Quận Long Biên",
        "code": "ODT",
        "land_use": "Đất ở tại đô thị, phục vụ cải tạo chỉnh trang và xây mới nhà ở.",
        "area_ha": 710.6,
        "density": "55%",
        "height_limit": "3-7 tầng",
        "notes": "Quy hoạch chung xây dựng Thủ đô đến năm 2030 và tầm nhìn đến năm 2050."
      },
      "geometry": {
        "type": "Polygon",
        "coordinates": [
          [
            [
              105.93371432170288,
              20.97958689910633
            ],
            [
              105.95713552508694,
              20.990174672077163
            ],
            [
              105.959739014252,
              21.013210882919143
            ],
            [
              105.93664074253377,
              21.01100509554965
            ],
            [
              105.93371432170288,
              20.97958689910633
            ]
          ]
        ]
      }
    },
    {
      "type": "Feature",
      "id": "qhpk_543",
      "properties": {
        "name": "Công viên cây xanh, hồ điều hòa CX-32-17",
        "district": "Quận Long Biên",
        "code": "CX",
        "land_use": "Đất cây xanh công viên, mặt nước cảnh quan điều hòa khí hậu đô thị.",
        "area_ha": 485.6,
        "density": "45%",
        "height_limit": "5-9 tầng",
        "notes": "Quy hoạch chung xây dựng Thủ đô đến năm 2030 và tầm nhìn đến năm 2050."
      },
      "geometry": {
        "type": "Polygon",
        "coordinates": [
          [
            [
              105.93664074253377,
              21.01100509554965
            ],
            [
              105.959739014252,
              21.013210882919143
            ],
            [
              105.95610812542179,
              21.039237281839643
            ],
            [
              105.94186093789058,
              21.030506088269433
            ],
            [
              105.93664074253377,
              21.01100509554965
            ]
          ]
        ]
      }
    },
    {
      "type": "Feature",
      "id": "qhpk_544",
      "properties": {
        "name": "Khu hành chính công sở, liên cơ quan HCTH-32-18",
        "district": "Quận Long Biên",
        "code": "HCTH",
        "land_use": "Đất hành chính công sở, cơ quan đầu não nhà nước địa phương.",
        "area_ha": 480.7,
        "density": "25%",
        "height_limit": "5-9 tầng",
        "notes": "Quy hoạch chung xây dựng Thủ đô đến năm 2030 và tầm nhìn đến năm 2050."
      },
      "geometry": {
        "type": "Polygon",
        "coordinates": [
          [
            [
              105.93888074752478,
              21.066140219156132
            ],
            [
              105.94186093789058,
              21.030506088269433
            ],
            [
              105.95610812542179,
              21.039237281839643
            ],
            [
              105.95386733908984,
              21.06011915448365
            ],
            [
              105.93888074752478,
              21.066140219156132
            ]
          ]
        ]
      }
    },
    {
      "type": "Feature",
      "id": "qhpk_545",
      "properties": {
        "name": "Khu dân cư hiện trạng chỉnh trang ODT-32-19",
        "district": "Quận Long Biên",
        "code": "ODT",
        "land_use": "Đất ở tại đô thị, phục vụ cải tạo chỉnh trang và xây mới nhà ở.",
        "area_ha": 357.6,
        "density": "55%",
        "height_limit": "3-7 tầng",
        "notes": "Quy hoạch chung xây dựng Thủ đô đến năm 2030 và tầm nhìn đến năm 2050."
      },
      "geometry": {
        "type": "Polygon",
        "coordinates": [
          [
            [
              105.93888074752478,
              21.066140219156132
            ],
            [
              105.95386733908984,
              21.06011915448365
            ],
            [
              105.95509661856799,
              21.08730653234238
            ],
            [
              105.94033684681413,
              21.080688057584368
            ],
            [
              105.93888074752478,
              21.066140219156132
            ]
          ]
        ]
      }
    },
    {
      "type": "Feature",
      "id": "qhpk_546",
      "properties": {
        "name": "Tổ hợp dịch vụ, trung tâm thương mại TMDV-33-3",
        "district": "Huyện Mỹ Đức",
        "code": "TMDV",
        "land_use": "Đất thương mại dịch vụ cao tầng, văn phòng, siêu thị, khách sạn.",
        "area_ha": 315.5,
        "density": "45%",
        "height_limit": "5-9 tầng",
        "notes": "Quy hoạch chung xây dựng Thủ đô đến năm 2030 và tầm nhìn đến năm 2050."
      },
      "geometry": {
        "type": "Polygon",
        "coordinates": [
          [
            [
              105.95567857535514,
              20.675652540309137
            ],
            [
              105.96024393928677,
              20.660985960461847
            ],
            [
              105.961479,
              20.662111
            ],
            [
              105.966333,
              20.664602
            ],
            [
              105.97680474213811,
              20.665830373148896
            ],
            [
              105.97631012251396,
              20.680889271929125
            ],
            [
              105.95567857535514,
              20.675652540309137
            ]
          ]
        ]
      }
    },
    {
      "type": "Feature",
      "id": "qhpk_547",
      "properties": {
        "name": "Cụm công nghiệp tập trung, kho vận CN-33-4",
        "district": "Huyện Mỹ Đức",
        "code": "CN",
        "land_use": "Đất công nghiệp phi nông nghiệp, sản xuất sạch, kho bãi tập trung.",
        "area_ha": 626.4,
        "density": "65%",
        "height_limit": "5-9 tầng",
        "notes": "Quy hoạch chung xây dựng Thủ đô đến năm 2030 và tầm nhìn đến năm 2050."
      },
      "geometry": {
        "type": "Polygon",
        "coordinates": [
          [
            [
              105.95567857535514,
              20.675652540309137
            ],
            [
              105.97631012251396,
              20.680889271929125
            ],
            [
              105.97918216181024,
              20.6995632740673
            ],
            [
              105.973793,
              20.700109
            ],
            [
              105.9713812312707,
              20.70630247234204
            ],
            [
              105.95577891181962,
              20.701323637910587
            ],
            [
              105.95567857535514,
              20.675652540309137
            ]
          ]
        ]
      }
    },
    {
      "type": "Feature",
      "id": "qhpk_548",
      "properties": {
        "name": "Tổ hợp dịch vụ, trung tâm thương mại TMDV-33-16",
        "district": "Quận Long Biên",
        "code": "TMDV",
        "land_use": "Đất thương mại dịch vụ cao tầng, văn phòng, siêu thị, khách sạn.",
        "area_ha": 429.8,
        "density": "45%",
        "height_limit": "5-9 tầng",
        "notes": "Quy hoạch chung xây dựng Thủ đô đến năm 2030 và tầm nhìn đến năm 2050."
      },
      "geometry": {
        "type": "Polygon",
        "coordinates": [
          [
            [
              105.95713552508694,
              20.990174672077163
            ],
            [
              105.9615122377091,
              20.988883652813083
            ],
            [
              105.961571,
              20.989068
            ],
            [
              105.964724,
              20.990839
            ],
            [
              105.965636,
              20.99041
            ],
            [
              105.966642,
              20.991022
            ],
            [
              105.968997,
              20.98877
            ],
            [
              105.971986,
              20.98968
            ],
            [
              105.972438,
              20.992219
            ],
            [
              105.971476,
              20.994804
            ],
            [
              105.971729,
              20.99701
            ],
            [
              105.973669,
              20.996394
            ],
            [
              105.977491,
              20.999566
            ],
            [
              105.97839258437341,
              20.998917533186447
            ],
            [
              105.97825712092087,
              21.00857002407735
            ],
            [
              105.959739014252,
              21.013210882919143
            ],
            [
              105.95713552508694,
              20.990174672077163
            ]
          ]
        ]
      }
    },
    {
      "type": "Feature",
      "id": "qhpk_549",
      "properties": {
        "name": "Tổ hợp dịch vụ, trung tâm thương mại TMDV-33-17",
        "district": "Quận Long Biên",
        "code": "TMDV",
        "land_use": "Đất thương mại dịch vụ cao tầng, văn phòng, siêu thị, khách sạn.",
        "area_ha": 632.3,
        "density": "45%",
        "height_limit": "5-9 tầng",
        "notes": "Quy hoạch chung xây dựng Thủ đô đến năm 2030 và tầm nhìn đến năm 2050."
      },
      "geometry": {
        "type": "Polygon",
        "coordinates": [
          [
            [
              105.95610812542179,
              21.039237281839643
            ],
            [
              105.959739014252,
              21.013210882919143
            ],
            [
              105.97825712092087,
              21.00857002407735
            ],
            [
              105.98113932148965,
              21.03304974113231
            ],
            [
              105.95610812542179,
              21.039237281839643
            ]
          ]
        ]
      }
    },
    {
      "type": "Feature",
      "id": "qhpk_550",
      "properties": {
        "name": "Khu dân cư hiện trạng chỉnh trang ODT-33-18",
        "district": "Quận Long Biên",
        "code": "ODT",
        "land_use": "Đất ở tại đô thị, phục vụ cải tạo chỉnh trang và xây mới nhà ở.",
        "area_ha": 630.2,
        "density": "55%",
        "height_limit": "3-7 tầng",
        "notes": "Quy hoạch chung xây dựng Thủ đô đến năm 2030 và tầm nhìn đến năm 2050."
      },
      "geometry": {
        "type": "Polygon",
        "coordinates": [
          [
            [
              105.95386733908984,
              21.06011915448365
            ],
            [
              105.95610812542179,
              21.039237281839643
            ],
            [
              105.98113932148965,
              21.03304974113231
            ],
            [
              105.97902641199951,
              21.056539636356387
            ],
            [
              105.95386733908984,
              21.06011915448365
            ]
          ]
        ]
      }
    },
    {
      "type": "Feature",
      "id": "qhpk_551",
      "properties": {
        "name": "Khu đô thị hỗn hợp cao tầng HHT-33-19",
        "district": "Quận Long Biên",
        "code": "HHT",
        "land_use": "Đất hỗn hợp đa chức năng kết hợp nhà ở và trung tâm thương mại.",
        "area_ha": 526,
        "density": "45%",
        "height_limit": "18-35 tầng",
        "notes": "Quy hoạch chung xây dựng Thủ đô đến năm 2030 và tầm nhìn đến năm 2050."
      },
      "geometry": {
        "type": "Polygon",
        "coordinates": [
          [
            [
              105.95386733908984,
              21.06011915448365
            ],
            [
              105.97902641199951,
              21.056539636356387
            ],
            [
              105.9785026397236,
              21.07012224158325
            ],
            [
              105.977418,
              21.070207
            ],
            [
              105.969212,
              21.071928
            ],
            [
              105.968415,
              21.072437
            ],
            [
              105.968787,
              21.073713
            ],
            [
              105.962079,
              21.078117
            ],
            [
              105.9602165863142,
              21.087231997009408
            ],
            [
              105.95509661856799,
              21.08730653234238
            ],
            [
              105.95386733908984,
              21.06011915448365
            ]
          ]
        ]
      }
    },
    {
      "type": "Feature",
      "id": "qhpk_552",
      "properties": {
        "name": "Tổ hợp dịch vụ, trung tâm thương mại TMDV-34-4",
        "district": "Huyện Mỹ Đức",
        "code": "TMDV",
        "land_use": "Đất thương mại dịch vụ cao tầng, văn phòng, siêu thị, khách sạn.",
        "area_ha": 434.8,
        "density": "45%",
        "height_limit": "5-9 tầng",
        "notes": "Quy hoạch chung xây dựng Thủ đô đến năm 2030 và tầm nhìn đến năm 2050."
      },
      "geometry": {
        "type": "Polygon",
        "coordinates": [
          [
            [
              105.97631012251396,
              20.680889271929125
            ],
            [
              105.98593284084927,
              20.680945925730967
            ],
            [
              105.988455,
              20.682415
            ],
            [
              105.989733,
              20.684106
            ],
            [
              105.991874,
              20.681762
            ],
            [
              105.992724,
              20.681419
            ],
            [
              105.993588,
              20.682459
            ],
            [
              105.994775,
              20.681634
            ],
            [
              105.99427567398772,
              20.680995044202376
            ],
            [
              105.99615834420906,
              20.681006128432625
            ],
            [
              105.99577,
              20.681786
            ],
            [
              105.994069,
              20.683275
            ],
            [
              105.994499,
              20.684447
            ],
            [
              105.993699,
              20.684296
            ],
            [
              105.99182,
              20.6892
            ],
            [
              105.99802,
              20.692361
            ],
            [
              105.997615,
              20.693121
            ],
            [
              105.998176,
              20.693386
            ],
            [
              105.995734,
              20.69739
            ],
            [
              105.99973312099088,
              20.699882832077105
            ],
            [
              105.99892813948472,
              20.70374623698062
            ],
            [
              105.990737,
              20.703954
            ],
            [
              105.979491,
              20.699532
            ],
            [
              105.97918216181024,
              20.6995632740673
            ],
            [
              105.97631012251396,
              20.680889271929125
            ]
          ]
        ]
      }
    },
    {
      "type": "Feature",
      "id": "qhpk_553",
      "properties": {
        "name": "Khu dân cư hiện trạng chỉnh trang ODT-34-17",
        "district": "Quận Long Biên",
        "code": "ODT",
        "land_use": "Đất ở tại đô thị, phục vụ cải tạo chỉnh trang và xây mới nhà ở.",
        "area_ha": 561.9,
        "density": "55%",
        "height_limit": "3-7 tầng",
        "notes": "Quy hoạch chung xây dựng Thủ đô đến năm 2030 và tầm nhìn đến năm 2050."
      },
      "geometry": {
        "type": "Polygon",
        "coordinates": [
          [
            [
              105.97825712092087,
              21.00857002407735
            ],
            [
              105.99598774053091,
              21.009767230420877
            ],
            [
              105.99930459650743,
              21.04115034770272
            ],
            [
              105.98113932148965,
              21.03304974113231
            ],
            [
              105.97825712092087,
              21.00857002407735
            ]
          ]
        ]
      }
    },
    {
      "type": "Feature",
      "id": "qhpk_554",
      "properties": {
        "name": "Khu hành chính công sở, liên cơ quan HCTH-34-18",
        "district": "Quận Long Biên",
        "code": "HCTH",
        "land_use": "Đất hành chính công sở, cơ quan đầu não nhà nước địa phương.",
        "area_ha": 489,
        "density": "25%",
        "height_limit": "5-9 tầng",
        "notes": "Quy hoạch chung xây dựng Thủ đô đến năm 2030 và tầm nhìn đến năm 2050."
      },
      "geometry": {
        "type": "Polygon",
        "coordinates": [
          [
            [
              105.97902641199951,
              21.056539636356387
            ],
            [
              105.98113932148965,
              21.03304974113231
            ],
            [
              105.99930459650743,
              21.04115034770272
            ],
            [
              105.99537697219704,
              21.064042636886796
            ],
            [
              105.97902641199951,
              21.056539636356387
            ]
          ]
        ]
      }
    },
    {
      "type": "Feature",
      "id": "qhpk_555",
      "properties": {
        "name": "Khu đô thị hỗn hợp cao tầng HHT-35-17",
        "district": "Quận Long Biên",
        "code": "HHT",
        "land_use": "Đất hỗn hợp đa chức năng kết hợp nhà ở và trung tâm thương mại.",
        "area_ha": 361.3,
        "density": "45%",
        "height_limit": "18-35 tầng",
        "notes": "Quy hoạch chung xây dựng Thủ đô đến năm 2030 và tầm nhìn đến năm 2050."
      },
      "geometry": {
        "type": "Polygon",
        "coordinates": [
          [
            [
              105.99598774053091,
              21.009767230420877
            ],
            [
              106.00991152640361,
              21.01157547529035
            ],
            [
              106.00966,
              21.012359
            ],
            [
              106.004463,
              21.011679
            ],
            [
              106.005425,
              21.013439
            ],
            [
              106.004875,
              21.013815
            ],
            [
              106.006164,
              21.015092
            ],
            [
              106.003227,
              21.017587
            ],
            [
              106.004654,
              21.022088
            ],
            [
              106.007398,
              21.024279
            ],
            [
              106.009408,
              21.024369
            ],
            [
              106.006623,
              21.028627
            ],
            [
              106.012843,
              21.030252
            ],
            [
              106.01660402371404,
              21.0351643906455
            ],
            [
              105.99930459650743,
              21.04115034770272
            ],
            [
              105.99598774053091,
              21.009767230420877
            ]
          ]
        ]
      }
    },
    {
      "type": "Feature",
      "id": "qhpk_556",
      "properties": {
        "name": "Khu dân cư hiện trạng chỉnh trang ODT-35-18",
        "district": "Quận Long Biên",
        "code": "ODT",
        "land_use": "Đất ở tại đô thị, phục vụ cải tạo chỉnh trang và xây mới nhà ở.",
        "area_ha": 500.2,
        "density": "55%",
        "height_limit": "3-7 tầng",
        "notes": "Quy hoạch chung xây dựng Thủ đô đến năm 2030 và tầm nhìn đến năm 2050."
      },
      "geometry": {
        "type": "Polygon",
        "coordinates": [
          [
            [
              105.99537697219704,
              21.064042636886796
            ],
            [
              105.99930459650743,
              21.04115034770272
            ],
            [
              106.01660402371404,
              21.0351643906455
            ],
            [
              106.017475,
              21.036302
            ],
            [
              106.018692,
              21.038593
            ],
            [
              106.018728,
              21.039149
            ],
            [
              106.018058,
              21.038228
            ],
            [
              106.017751,
              21.038722
            ],
            [
              106.018261,
              21.039968
            ],
            [
              106.01879267536678,
              21.039784403492078
            ],
            [
              106.01926612406633,
              21.04804072455652
            ],
            [
              106.013916,
              21.050985
            ],
            [
              106.015248,
              21.052847
            ],
            [
              106.013682,
              21.053817
            ],
            [
              106.013983,
              21.056098
            ],
            [
              106.011117,
              21.057089
            ],
            [
              106.011256,
              21.058163
            ],
            [
              106.010144,
              21.057718
            ],
            [
              106.009863,
              21.056008
            ],
            [
              106.008216,
              21.055663
            ],
            [
              106.008038,
              21.058724
            ],
            [
              106.00951866217878,
              21.062202442476245
            ],
            [
              105.99537697219704,
              21.064042636886796
            ]
          ]
        ]
      }
    }
  ]
}